DELETE FROM search_terms;
DELETE FROM product_search_resilient;
DELETE FROM product_search_tiered;
DELETE FROM product_search;
DELETE FROM products;
INSERT INTO products (id, sku, sku_normalized, name, category, tags, price_mnt, strict_key, basic_key, brand, description, available, merchandising_position) VALUES (1, 'HV-Ө-001', 'hvө001', 'Ноосон цамц', 'Хувцас', 'ноос, дулаан', 12000, 'ноосон цамц хувцас ноос дулаан hv ө 001 nooson tsamts khuvtsas noos dulaan hv ö 001', 'ноосон цамц хувцас ноос дулаан hv ө 001 nooson tsamts khuvtsas noos dulaan hv o 001', 'Талын Од', 'Хувцас зориулсан синтетик туршилтын бүтээгдэхүүн ноос, дулаан', 1, 1);
INSERT INTO product_search (product_id, name, category, tags, sku, strict_key, basic_key) VALUES (1, 'ноосон цамц nooson tsamts', 'хувцас khuvtsas', 'ноос дулаан noos dulaan', 'hv ө 001 hv ö 001', 'ноосон цамц хувцас ноос дулаан hv ө 001 nooson tsamts khuvtsas noos dulaan hv ö 001', 'ноосон цамц хувцас ноос дулаан hv ө 001 nooson tsamts khuvtsas noos dulaan hv o 001');
INSERT INTO product_search_tiered (product_id, native_key, strict_key, basic_key, sku_key) VALUES (1, 'ноосон цамц хувцас ноос дулаан hv ө 001', 'nooson tsamts khuvtsas noos dulaan hv oe 001', 'nooson camc camts tsamc tsamts huvcas huvtsas khuvcas khuvtsas noos dulaan hv 001', 'hvө001');
INSERT INTO product_search_resilient (product_id, title_native, brand_native, category_native, tags_native, description_native, title_strict, brand_strict, category_strict, tags_strict, description_strict, title_basic, brand_basic, category_basic, tags_basic, description_basic) VALUES (1, 'ноосон цамц', 'талын од', 'хувцас', 'ноос дулаан', 'хувцас зориулсан синтетик туршилтын бүтээгдэхүүн ноос дулаан', 'nooson tsamts', 'talyn od', 'khuvtsas', 'noos dulaan', 'khuvtsas zoriulsan sintetik turshiltyn bueteegdekhueuen noos dulaan', 'nooson camc camts tsamc tsamts', 'talyn od', 'huvcas huvtsas khuvcas khuvtsas', 'noos dulaan', 'huvcas huvtsas khuvcas khuvtsas zoriulsan sintetik turshiltyn buteegdehuun buteegdehuin buteegdehiun buteegdehiin buteegdekhuun buteegdekhuin buteegdekhiun buteegdekhiin noos dulaan');
INSERT OR IGNORE INTO search_terms (term, product_id, field, representation) VALUES ('ноосон', 1, 'title', 'native');
INSERT OR IGNORE INTO search_terms (term, product_id, field, representation) VALUES ('цамц', 1, 'title', 'native');
INSERT OR IGNORE INTO search_terms (term, product_id, field, representation) VALUES ('nooson', 1, 'title', 'strict');
INSERT OR IGNORE INTO search_terms (term, product_id, field, representation) VALUES ('tsamts', 1, 'title', 'strict');
INSERT OR IGNORE INTO search_terms (term, product_id, field, representation) VALUES ('nooson', 1, 'title', 'basic');
INSERT OR IGNORE INTO search_terms (term, product_id, field, representation) VALUES ('tsamts', 1, 'title', 'basic');
INSERT OR IGNORE INTO search_terms (term, product_id, field, representation) VALUES ('талын', 1, 'brand', 'native');
INSERT OR IGNORE INTO search_terms (term, product_id, field, representation) VALUES ('talyn', 1, 'brand', 'strict');
INSERT OR IGNORE INTO search_terms (term, product_id, field, representation) VALUES ('talin', 1, 'brand', 'basic');
INSERT OR IGNORE INTO search_terms (term, product_id, field, representation) VALUES ('хувцас', 1, 'category', 'native');
INSERT OR IGNORE INTO search_terms (term, product_id, field, representation) VALUES ('khuvtsas', 1, 'category', 'strict');
INSERT OR IGNORE INTO search_terms (term, product_id, field, representation) VALUES ('khuvtsas', 1, 'category', 'basic');
INSERT INTO products (id, sku, sku_normalized, name, category, tags, price_mnt, strict_key, basic_key, brand, description, available, merchandising_position) VALUES (2, 'HV-Ц-002', 'hvц002', 'Өдөр тутмын цүнх', 'Цүнх', 'өдөр, арьс', 13750, 'өдөр тутмын цүнх цүнх өдөр арьс hv ц 002 ödör tutmyn tsünkh tsünkh ödör ars hv ts 002', 'өдөр тутмын цүнх цүнх өдөр арьс hv ц 002 odor tutmin tsunkh tsunkh odor ars hv ts 002', 'Хөх Тэнгэр', 'Цүнх зориулсан синтетик туршилтын бүтээгдэхүүн өдөр, арьс', 1, 2);
INSERT INTO product_search (product_id, name, category, tags, sku, strict_key, basic_key) VALUES (2, 'өдөр тутмын цүнх ödör tutmyn tsünkh', 'цүнх tsünkh', 'өдөр арьс ödör ars', 'hv ц 002 hv ts 002', 'өдөр тутмын цүнх цүнх өдөр арьс hv ц 002 ödör tutmyn tsünkh tsünkh ödör ars hv ts 002', 'өдөр тутмын цүнх цүнх өдөр арьс hv ц 002 odor tutmin tsunkh tsunkh odor ars hv ts 002');
INSERT INTO product_search_tiered (product_id, native_key, strict_key, basic_key, sku_key) VALUES (2, 'өдөр тутмын цүнх цүнх өдөр арьс hv ц 002', 'oedoer tutmyn tsuenkh tsuenkh oedoer ars hv ts 002', 'odor odur udor udur tutmyn cunh cunkh cinh cinkh tsunh tsunkh tsinh tsinkh cunh cunkh cinh cinkh tsunh tsunkh tsinh tsinkh odor odur udor udur ars hv 002', 'hvц002');
INSERT INTO product_search_resilient (product_id, title_native, brand_native, category_native, tags_native, description_native, title_strict, brand_strict, category_strict, tags_strict, description_strict, title_basic, brand_basic, category_basic, tags_basic, description_basic) VALUES (2, 'өдөр тутмын цүнх', 'хөх тэнгэр', 'цүнх', 'өдөр арьс', 'цүнх зориулсан синтетик туршилтын бүтээгдэхүүн өдөр арьс', 'oedoer tutmyn tsuenkh', 'khoekh tenger', 'tsuenkh', 'oedoer ars', 'tsuenkh zoriulsan sintetik turshiltyn bueteegdekhueuen oedoer ars', 'odor odur udor udur tutmyn cunh cunkh cinh cinkh tsunh tsunkh tsinh tsinkh', 'hoh hokh huh hukh khoh khokh khuh khukh tenger', 'cunh cunkh cinh cinkh tsunh tsunkh tsinh tsinkh', 'odor odur udor udur ars', 'cunh cunkh cinh cinkh tsunh tsunkh tsinh tsinkh zoriulsan sintetik turshiltyn buteegdehuun buteegdehuin buteegdehiun buteegdehiin buteegdekhuun buteegdekhuin buteegdekhiun buteegdekhiin odor odur udor udur ars');
INSERT OR IGNORE INTO search_terms (term, product_id, field, representation) VALUES ('өдөр', 2, 'title', 'native');
INSERT OR IGNORE INTO search_terms (term, product_id, field, representation) VALUES ('тутмын', 2, 'title', 'native');
INSERT OR IGNORE INTO search_terms (term, product_id, field, representation) VALUES ('цүнх', 2, 'title', 'native');
INSERT OR IGNORE INTO search_terms (term, product_id, field, representation) VALUES ('oedoer', 2, 'title', 'strict');
INSERT OR IGNORE INTO search_terms (term, product_id, field, representation) VALUES ('tutmyn', 2, 'title', 'strict');
INSERT OR IGNORE INTO search_terms (term, product_id, field, representation) VALUES ('tsuenkh', 2, 'title', 'strict');
INSERT OR IGNORE INTO search_terms (term, product_id, field, representation) VALUES ('odor', 2, 'title', 'basic');
INSERT OR IGNORE INTO search_terms (term, product_id, field, representation) VALUES ('tutmin', 2, 'title', 'basic');
INSERT OR IGNORE INTO search_terms (term, product_id, field, representation) VALUES ('tsunkh', 2, 'title', 'basic');
INSERT OR IGNORE INTO search_terms (term, product_id, field, representation) VALUES ('тэнгэр', 2, 'brand', 'native');
INSERT OR IGNORE INTO search_terms (term, product_id, field, representation) VALUES ('khoekh', 2, 'brand', 'strict');
INSERT OR IGNORE INTO search_terms (term, product_id, field, representation) VALUES ('tenger', 2, 'brand', 'strict');
INSERT OR IGNORE INTO search_terms (term, product_id, field, representation) VALUES ('khokh', 2, 'brand', 'basic');
INSERT OR IGNORE INTO search_terms (term, product_id, field, representation) VALUES ('tenger', 2, 'brand', 'basic');
INSERT OR IGNORE INTO search_terms (term, product_id, field, representation) VALUES ('цүнх', 2, 'category', 'native');
INSERT OR IGNORE INTO search_terms (term, product_id, field, representation) VALUES ('tsuenkh', 2, 'category', 'strict');
INSERT OR IGNORE INTO search_terms (term, product_id, field, representation) VALUES ('tsunkh', 2, 'category', 'basic');
INSERT INTO products (id, sku, sku_normalized, name, category, tags, price_mnt, strict_key, basic_key, brand, description, available, merchandising_position) VALUES (3, 'HV-Ү-003', 'hvү003', 'Үсний боолт', 'Гоо сайхан', 'үс, даавуу', 15500, 'үсний боолт гоо сайхан үс даавуу hv ү 003 üsniy boolt goo saykhan üs daavuu hv ü 003', 'үсний боолт гоо сайхан үс даавуу hv ү 003 usnii boolt goo saikhan us daavuu hv u 003', 'Алтан Өргөө', 'Гоо сайхан зориулсан синтетик туршилтын бүтээгдэхүүн үс, даавуу', 1, 3);
INSERT INTO product_search (product_id, name, category, tags, sku, strict_key, basic_key) VALUES (3, 'үсний боолт üsniy boolt', 'гоо сайхан goo saykhan', 'үс даавуу üs daavuu', 'hv ү 003 hv ü 003', 'үсний боолт гоо сайхан үс даавуу hv ү 003 üsniy boolt goo saykhan üs daavuu hv ü 003', 'үсний боолт гоо сайхан үс даавуу hv ү 003 usnii boolt goo saikhan us daavuu hv u 003');
INSERT INTO product_search_tiered (product_id, native_key, strict_key, basic_key, sku_key) VALUES (3, 'үсний боолт гоо сайхан үс даавуу hv ү 003', 'uesniy boolt goo saykhan ues daavuu hv ue 003', 'usnii usniy isnii isniy boolt goo saihan saikhan sayhan saykhan us is daavuu hv 003', 'hvү003');
INSERT INTO product_search_resilient (product_id, title_native, brand_native, category_native, tags_native, description_native, title_strict, brand_strict, category_strict, tags_strict, description_strict, title_basic, brand_basic, category_basic, tags_basic, description_basic) VALUES (3, 'үсний боолт', 'алтан өргөө', 'гоо сайхан', 'үс даавуу', 'гоо сайхан зориулсан синтетик туршилтын бүтээгдэхүүн үс даавуу', 'uesniy boolt', 'altan oergoeoe', 'goo saykhan', 'ues daavuu', 'goo saykhan zoriulsan sintetik turshiltyn bueteegdekhueuen ues daavuu', 'usnii usniy isnii isniy boolt', 'altan orgoo orgou orguo orguu urgoo urgou urguo urguu', 'goo saihan saikhan sayhan saykhan', 'us is daavuu', 'goo saihan saikhan sayhan saykhan zoriulsan sintetik turshiltyn buteegdehuun buteegdehuin buteegdehiun buteegdehiin buteegdekhuun buteegdekhuin buteegdekhiun buteegdekhiin us is daavuu');
INSERT OR IGNORE INTO search_terms (term, product_id, field, representation) VALUES ('үсний', 3, 'title', 'native');
INSERT OR IGNORE INTO search_terms (term, product_id, field, representation) VALUES ('боолт', 3, 'title', 'native');
INSERT OR IGNORE INTO search_terms (term, product_id, field, representation) VALUES ('uesniy', 3, 'title', 'strict');
INSERT OR IGNORE INTO search_terms (term, product_id, field, representation) VALUES ('boolt', 3, 'title', 'strict');
INSERT OR IGNORE INTO search_terms (term, product_id, field, representation) VALUES ('usnii', 3, 'title', 'basic');
INSERT OR IGNORE INTO search_terms (term, product_id, field, representation) VALUES ('boolt', 3, 'title', 'basic');
INSERT OR IGNORE INTO search_terms (term, product_id, field, representation) VALUES ('алтан', 3, 'brand', 'native');
INSERT OR IGNORE INTO search_terms (term, product_id, field, representation) VALUES ('өргөө', 3, 'brand', 'native');
INSERT OR IGNORE INTO search_terms (term, product_id, field, representation) VALUES ('altan', 3, 'brand', 'strict');
INSERT OR IGNORE INTO search_terms (term, product_id, field, representation) VALUES ('oergoeoe', 3, 'brand', 'strict');
INSERT OR IGNORE INTO search_terms (term, product_id, field, representation) VALUES ('altan', 3, 'brand', 'basic');
INSERT OR IGNORE INTO search_terms (term, product_id, field, representation) VALUES ('orgoo', 3, 'brand', 'basic');
INSERT OR IGNORE INTO search_terms (term, product_id, field, representation) VALUES ('сайхан', 3, 'category', 'native');
INSERT OR IGNORE INTO search_terms (term, product_id, field, representation) VALUES ('saykhan', 3, 'category', 'strict');
INSERT OR IGNORE INTO search_terms (term, product_id, field, representation) VALUES ('saikhan', 3, 'category', 'basic');
INSERT INTO products (id, sku, sku_normalized, name, category, tags, price_mnt, strict_key, basic_key, brand, description, available, merchandising_position) VALUES (4, 'HV-Я-004', 'hvя004', 'Ёслолын даашинз', 'Хувцас', 'ёслол, торго', 17250, 'ёслолын даашинз хувцас ёслол торго hv я 004 yoslolyn daashinz khuvtsas yoslol torgo hv ya 004', 'ёслолын даашинз хувцас ёслол торго hv я 004 ioslolin daashinz khuvtsas ioslol torgo hv ia 004', 'Цагаан Сар', 'Хувцас зориулсан синтетик туршилтын бүтээгдэхүүн ёслол, торго', 1, 4);
INSERT INTO product_search (product_id, name, category, tags, sku, strict_key, basic_key) VALUES (4, 'ёслолын даашинз yoslolyn daashinz', 'хувцас khuvtsas', 'ёслол торго yoslol torgo', 'hv я 004 hv ya 004', 'ёслолын даашинз хувцас ёслол торго hv я 004 yoslolyn daashinz khuvtsas yoslol torgo hv ya 004', 'ёслолын даашинз хувцас ёслол торго hv я 004 ioslolin daashinz khuvtsas ioslol torgo hv ia 004');
INSERT INTO product_search_tiered (product_id, native_key, strict_key, basic_key, sku_key) VALUES (4, 'ёслолын даашинз хувцас ёслол торго hv я 004', 'yoslolyn daashinz khuvtsas yoslol torgo hv ya 004', 'yoslolyn eoslolyn daashinz huvcas huvtsas khuvcas khuvtsas yoslol eoslol torgo hv 004', 'hvя004');
INSERT INTO product_search_resilient (product_id, title_native, brand_native, category_native, tags_native, description_native, title_strict, brand_strict, category_strict, tags_strict, description_strict, title_basic, brand_basic, category_basic, tags_basic, description_basic) VALUES (4, 'ёслолын даашинз', 'цагаан сар', 'хувцас', 'ёслол торго', 'хувцас зориулсан синтетик туршилтын бүтээгдэхүүн ёслол торго', 'yoslolyn daashinz', 'tsagaan sar', 'khuvtsas', 'yoslol torgo', 'khuvtsas zoriulsan sintetik turshiltyn bueteegdekhueuen yoslol torgo', 'yoslolyn eoslolyn daashinz', 'cagaan tsagaan sar', 'huvcas huvtsas khuvcas khuvtsas', 'yoslol eoslol torgo', 'huvcas huvtsas khuvcas khuvtsas zoriulsan sintetik turshiltyn buteegdehuun buteegdehuin buteegdehiun buteegdehiin buteegdekhuun buteegdekhuin buteegdekhiun buteegdekhiin yoslol eoslol torgo');
INSERT OR IGNORE INTO search_terms (term, product_id, field, representation) VALUES ('ёслолын', 4, 'title', 'native');
INSERT OR IGNORE INTO search_terms (term, product_id, field, representation) VALUES ('даашинз', 4, 'title', 'native');
INSERT OR IGNORE INTO search_terms (term, product_id, field, representation) VALUES ('yoslolyn', 4, 'title', 'strict');
INSERT OR IGNORE INTO search_terms (term, product_id, field, representation) VALUES ('daashinz', 4, 'title', 'strict');
INSERT OR IGNORE INTO search_terms (term, product_id, field, representation) VALUES ('ioslolin', 4, 'title', 'basic');
INSERT OR IGNORE INTO search_terms (term, product_id, field, representation) VALUES ('daashinz', 4, 'title', 'basic');
INSERT OR IGNORE INTO search_terms (term, product_id, field, representation) VALUES ('цагаан', 4, 'brand', 'native');
INSERT OR IGNORE INTO search_terms (term, product_id, field, representation) VALUES ('tsagaan', 4, 'brand', 'strict');
INSERT OR IGNORE INTO search_terms (term, product_id, field, representation) VALUES ('tsagaan', 4, 'brand', 'basic');
INSERT OR IGNORE INTO search_terms (term, product_id, field, representation) VALUES ('хувцас', 4, 'category', 'native');
INSERT OR IGNORE INTO search_terms (term, product_id, field, representation) VALUES ('khuvtsas', 4, 'category', 'strict');
INSERT OR IGNORE INTO search_terms (term, product_id, field, representation) VALUES ('khuvtsas', 4, 'category', 'basic');
INSERT INTO products (id, sku, sku_normalized, name, category, tags, price_mnt, strict_key, basic_key, brand, description, available, merchandising_position) VALUES (5, 'HV-Е-005', 'hvе005', 'Ердийн даашинз', 'Хувцас', 'даашинз, өдөр', 19000, 'ердийн даашинз хувцас даашинз өдөр hv е 005 erdiyn daashinz khuvtsas daashinz ödör hv e 005', 'ердийн даашинз хувцас даашинз өдөр hv е 005 erdiin daashinz khuvtsas daashinz odor hv e 005', 'Нүүдэл', 'Хувцас зориулсан синтетик туршилтын бүтээгдэхүүн даашинз, өдөр', 0, 5);
INSERT INTO product_search (product_id, name, category, tags, sku, strict_key, basic_key) VALUES (5, 'ердийн даашинз erdiyn daashinz', 'хувцас khuvtsas', 'даашинз өдөр daashinz ödör', 'hv е 005 hv e 005', 'ердийн даашинз хувцас даашинз өдөр hv е 005 erdiyn daashinz khuvtsas daashinz ödör hv e 005', 'ердийн даашинз хувцас даашинз өдөр hv е 005 erdiin daashinz khuvtsas daashinz odor hv e 005');
INSERT INTO product_search_tiered (product_id, native_key, strict_key, basic_key, sku_key) VALUES (5, 'ердийн даашинз хувцас даашинз өдөр hv е 005', 'erdiyn daashinz khuvtsas daashinz oedoer hv e 005', 'erdiin erdiyn daashinz huvcas huvtsas khuvcas khuvtsas daashinz odor odur udor udur hv 005', 'hvе005');
INSERT INTO product_search_resilient (product_id, title_native, brand_native, category_native, tags_native, description_native, title_strict, brand_strict, category_strict, tags_strict, description_strict, title_basic, brand_basic, category_basic, tags_basic, description_basic) VALUES (5, 'ердийн даашинз', 'нүүдэл', 'хувцас', 'даашинз өдөр', 'хувцас зориулсан синтетик туршилтын бүтээгдэхүүн даашинз өдөр', 'erdiyn daashinz', 'nueuedel', 'khuvtsas', 'daashinz oedoer', 'khuvtsas zoriulsan sintetik turshiltyn bueteegdekhueuen daashinz oedoer', 'erdiin erdiyn daashinz', 'nuudel nuidel niudel niidel', 'huvcas huvtsas khuvcas khuvtsas', 'daashinz odor odur udor udur', 'huvcas huvtsas khuvcas khuvtsas zoriulsan sintetik turshiltyn buteegdehuun buteegdehuin buteegdehiun buteegdehiin buteegdekhuun buteegdekhuin buteegdekhiun buteegdekhiin daashinz odor odur udor udur');
INSERT OR IGNORE INTO search_terms (term, product_id, field, representation) VALUES ('ердийн', 5, 'title', 'native');
INSERT OR IGNORE INTO search_terms (term, product_id, field, representation) VALUES ('даашинз', 5, 'title', 'native');
INSERT OR IGNORE INTO search_terms (term, product_id, field, representation) VALUES ('erdiyn', 5, 'title', 'strict');
INSERT OR IGNORE INTO search_terms (term, product_id, field, representation) VALUES ('daashinz', 5, 'title', 'strict');
INSERT OR IGNORE INTO search_terms (term, product_id, field, representation) VALUES ('erdiin', 5, 'title', 'basic');
INSERT OR IGNORE INTO search_terms (term, product_id, field, representation) VALUES ('daashinz', 5, 'title', 'basic');
INSERT OR IGNORE INTO search_terms (term, product_id, field, representation) VALUES ('нүүдэл', 5, 'brand', 'native');
INSERT OR IGNORE INTO search_terms (term, product_id, field, representation) VALUES ('nueuedel', 5, 'brand', 'strict');
INSERT OR IGNORE INTO search_terms (term, product_id, field, representation) VALUES ('nuudel', 5, 'brand', 'basic');
INSERT OR IGNORE INTO search_terms (term, product_id, field, representation) VALUES ('хувцас', 5, 'category', 'native');
INSERT OR IGNORE INTO search_terms (term, product_id, field, representation) VALUES ('khuvtsas', 5, 'category', 'strict');
INSERT OR IGNORE INTO search_terms (term, product_id, field, representation) VALUES ('khuvtsas', 5, 'category', 'basic');
INSERT INTO products (id, sku, sku_normalized, name, category, tags, price_mnt, strict_key, basic_key, brand, description, available, merchandising_position) VALUES (6, 'HV-Х-006', 'hvх006', 'Хүүхдийн хүрэм', 'Хүүхэд', 'хүүхэд, дулаан', 20750, 'хүүхдийн хүрэм хүүхэд хүүхэд дулаан hv х 006 khüükhdiyn khürem khüükhed khüükhed dulaan hv kh 006', 'хүүхдийн хүрэм хүүхэд хүүхэд дулаан hv х 006 khuukhdiin khurem khuukhed khuukhed dulaan hv kh 006', 'Талын Од', 'Хүүхэд зориулсан синтетик туршилтын бүтээгдэхүүн хүүхэд, дулаан', 1, 6);
INSERT INTO product_search (product_id, name, category, tags, sku, strict_key, basic_key) VALUES (6, 'хүүхдийн хүрэм khüükhdiyn khürem', 'хүүхэд khüükhed', 'хүүхэд дулаан khüükhed dulaan', 'hv х 006 hv kh 006', 'хүүхдийн хүрэм хүүхэд хүүхэд дулаан hv х 006 khüükhdiyn khürem khüükhed khüükhed dulaan hv kh 006', 'хүүхдийн хүрэм хүүхэд хүүхэд дулаан hv х 006 khuukhdiin khurem khuukhed khuukhed dulaan hv kh 006');
INSERT INTO product_search_tiered (product_id, native_key, strict_key, basic_key, sku_key) VALUES (6, 'хүүхдийн хүрэм хүүхэд хүүхэд дулаан hv х 006', 'khueuekhdiyn khuerem khueuekhed khueuekhed dulaan hv kh 006', 'huuhdiin huuhdiyn huukhdiin huukhdiyn huihdiin huihdiyn huikhdiin huikhdiyn hurem hirem khurem khirem huuhed huukhed huihed huikhed hiuhed hiukhed hiihed hiikhed huuhed huukhed huihed huikhed hiuhed hiukhed hiihed hiikhed dulaan hv 006', 'hvх006');
INSERT INTO product_search_resilient (product_id, title_native, brand_native, category_native, tags_native, description_native, title_strict, brand_strict, category_strict, tags_strict, description_strict, title_basic, brand_basic, category_basic, tags_basic, description_basic) VALUES (6, 'хүүхдийн хүрэм', 'талын од', 'хүүхэд', 'хүүхэд дулаан', 'хүүхэд зориулсан синтетик туршилтын бүтээгдэхүүн хүүхэд дулаан', 'khueuekhdiyn khuerem', 'talyn od', 'khueuekhed', 'khueuekhed dulaan', 'khueuekhed zoriulsan sintetik turshiltyn bueteegdekhueuen khueuekhed dulaan', 'huuhdiin huuhdiyn huukhdiin huukhdiyn huihdiin huihdiyn huikhdiin huikhdiyn hurem hirem khurem khirem', 'talyn od', 'huuhed huukhed huihed huikhed hiuhed hiukhed hiihed hiikhed', 'huuhed huukhed huihed huikhed hiuhed hiukhed hiihed hiikhed dulaan', 'huuhed huukhed huihed huikhed hiuhed hiukhed hiihed hiikhed zoriulsan sintetik turshiltyn buteegdehuun buteegdehuin buteegdehiun buteegdehiin buteegdekhuun buteegdekhuin buteegdekhiun buteegdekhiin huuhed huukhed huihed huikhed hiuhed hiukhed hiihed hiikhed dulaan');
INSERT OR IGNORE INTO search_terms (term, product_id, field, representation) VALUES ('хүүхдийн', 6, 'title', 'native');
INSERT OR IGNORE INTO search_terms (term, product_id, field, representation) VALUES ('хүрэм', 6, 'title', 'native');
INSERT OR IGNORE INTO search_terms (term, product_id, field, representation) VALUES ('khueuekhdiyn', 6, 'title', 'strict');
INSERT OR IGNORE INTO search_terms (term, product_id, field, representation) VALUES ('khuerem', 6, 'title', 'strict');
INSERT OR IGNORE INTO search_terms (term, product_id, field, representation) VALUES ('khuukhdiin', 6, 'title', 'basic');
INSERT OR IGNORE INTO search_terms (term, product_id, field, representation) VALUES ('khurem', 6, 'title', 'basic');
INSERT OR IGNORE INTO search_terms (term, product_id, field, representation) VALUES ('талын', 6, 'brand', 'native');
INSERT OR IGNORE INTO search_terms (term, product_id, field, representation) VALUES ('talyn', 6, 'brand', 'strict');
INSERT OR IGNORE INTO search_terms (term, product_id, field, representation) VALUES ('talin', 6, 'brand', 'basic');
INSERT OR IGNORE INTO search_terms (term, product_id, field, representation) VALUES ('хүүхэд', 6, 'category', 'native');
INSERT OR IGNORE INTO search_terms (term, product_id, field, representation) VALUES ('khueuekhed', 6, 'category', 'strict');
INSERT OR IGNORE INTO search_terms (term, product_id, field, representation) VALUES ('khuukhed', 6, 'category', 'basic');
INSERT INTO products (id, sku, sku_normalized, name, category, tags, price_mnt, strict_key, basic_key, brand, description, available, merchandising_position) VALUES (7, 'HV-Ц-007', 'hvц007', 'Цагаан цамц', 'Хувцас', 'цагаан, даавуу', 22500, 'цагаан цамц хувцас цагаан даавуу hv ц 007 tsagaan tsamts khuvtsas tsagaan daavuu hv ts 007', 'цагаан цамц хувцас цагаан даавуу hv ц 007 tsagaan tsamts khuvtsas tsagaan daavuu hv ts 007', 'Хөх Тэнгэр', 'Хувцас зориулсан синтетик туршилтын бүтээгдэхүүн цагаан, даавуу', 1, 7);
INSERT INTO product_search (product_id, name, category, tags, sku, strict_key, basic_key) VALUES (7, 'цагаан цамц tsagaan tsamts', 'хувцас khuvtsas', 'цагаан даавуу tsagaan daavuu', 'hv ц 007 hv ts 007', 'цагаан цамц хувцас цагаан даавуу hv ц 007 tsagaan tsamts khuvtsas tsagaan daavuu hv ts 007', 'цагаан цамц хувцас цагаан даавуу hv ц 007 tsagaan tsamts khuvtsas tsagaan daavuu hv ts 007');
INSERT INTO product_search_tiered (product_id, native_key, strict_key, basic_key, sku_key) VALUES (7, 'цагаан цамц хувцас цагаан даавуу hv ц 007', 'tsagaan tsamts khuvtsas tsagaan daavuu hv ts 007', 'cagaan tsagaan camc camts tsamc tsamts huvcas huvtsas khuvcas khuvtsas cagaan tsagaan daavuu hv 007', 'hvц007');
INSERT INTO product_search_resilient (product_id, title_native, brand_native, category_native, tags_native, description_native, title_strict, brand_strict, category_strict, tags_strict, description_strict, title_basic, brand_basic, category_basic, tags_basic, description_basic) VALUES (7, 'цагаан цамц', 'хөх тэнгэр', 'хувцас', 'цагаан даавуу', 'хувцас зориулсан синтетик туршилтын бүтээгдэхүүн цагаан даавуу', 'tsagaan tsamts', 'khoekh tenger', 'khuvtsas', 'tsagaan daavuu', 'khuvtsas zoriulsan sintetik turshiltyn bueteegdekhueuen tsagaan daavuu', 'cagaan tsagaan camc camts tsamc tsamts', 'hoh hokh huh hukh khoh khokh khuh khukh tenger', 'huvcas huvtsas khuvcas khuvtsas', 'cagaan tsagaan daavuu', 'huvcas huvtsas khuvcas khuvtsas zoriulsan sintetik turshiltyn buteegdehuun buteegdehuin buteegdehiun buteegdehiin buteegdekhuun buteegdekhuin buteegdekhiun buteegdekhiin cagaan tsagaan daavuu');
INSERT OR IGNORE INTO search_terms (term, product_id, field, representation) VALUES ('цагаан', 7, 'title', 'native');
INSERT OR IGNORE INTO search_terms (term, product_id, field, representation) VALUES ('цамц', 7, 'title', 'native');
INSERT OR IGNORE INTO search_terms (term, product_id, field, representation) VALUES ('tsagaan', 7, 'title', 'strict');
INSERT OR IGNORE INTO search_terms (term, product_id, field, representation) VALUES ('tsamts', 7, 'title', 'strict');
INSERT OR IGNORE INTO search_terms (term, product_id, field, representation) VALUES ('tsagaan', 7, 'title', 'basic');
INSERT OR IGNORE INTO search_terms (term, product_id, field, representation) VALUES ('tsamts', 7, 'title', 'basic');
INSERT OR IGNORE INTO search_terms (term, product_id, field, representation) VALUES ('тэнгэр', 7, 'brand', 'native');
INSERT OR IGNORE INTO search_terms (term, product_id, field, representation) VALUES ('khoekh', 7, 'brand', 'strict');
INSERT OR IGNORE INTO search_terms (term, product_id, field, representation) VALUES ('tenger', 7, 'brand', 'strict');
INSERT OR IGNORE INTO search_terms (term, product_id, field, representation) VALUES ('khokh', 7, 'brand', 'basic');
INSERT OR IGNORE INTO search_terms (term, product_id, field, representation) VALUES ('tenger', 7, 'brand', 'basic');
INSERT OR IGNORE INTO search_terms (term, product_id, field, representation) VALUES ('хувцас', 7, 'category', 'native');
INSERT OR IGNORE INTO search_terms (term, product_id, field, representation) VALUES ('khuvtsas', 7, 'category', 'strict');
INSERT OR IGNORE INTO search_terms (term, product_id, field, representation) VALUES ('khuvtsas', 7, 'category', 'basic');
INSERT INTO products (id, sku, sku_normalized, name, category, tags, price_mnt, strict_key, basic_key, brand, description, available, merchandising_position) VALUES (8, 'HV-Ч-008', 'hvч008', 'Чанартай оймс', 'Хувцас', 'чанар, оймс', 24250, 'чанартай оймс хувцас чанар оймс hv ч 008 chanartay oyms khuvtsas chanar oyms hv ch 008', 'чанартай оймс хувцас чанар оймс hv ч 008 chanartai oims khuvtsas chanar oims hv ch 008', 'Алтан Өргөө', 'Хувцас зориулсан синтетик туршилтын бүтээгдэхүүн чанар, оймс', 1, 8);
INSERT INTO product_search (product_id, name, category, tags, sku, strict_key, basic_key) VALUES (8, 'чанартай оймс chanartay oyms', 'хувцас khuvtsas', 'чанар оймс chanar oyms', 'hv ч 008 hv ch 008', 'чанартай оймс хувцас чанар оймс hv ч 008 chanartay oyms khuvtsas chanar oyms hv ch 008', 'чанартай оймс хувцас чанар оймс hv ч 008 chanartai oims khuvtsas chanar oims hv ch 008');
INSERT INTO product_search_tiered (product_id, native_key, strict_key, basic_key, sku_key) VALUES (8, 'чанартай оймс хувцас чанар оймс hv ч 008', 'chanartay oyms khuvtsas chanar oyms hv ch 008', 'chanartai chanartay oims oyms huvcas huvtsas khuvcas khuvtsas chanar oims oyms hv 008', 'hvч008');
INSERT INTO product_search_resilient (product_id, title_native, brand_native, category_native, tags_native, description_native, title_strict, brand_strict, category_strict, tags_strict, description_strict, title_basic, brand_basic, category_basic, tags_basic, description_basic) VALUES (8, 'чанартай оймс', 'алтан өргөө', 'хувцас', 'чанар оймс', 'хувцас зориулсан синтетик туршилтын бүтээгдэхүүн чанар оймс', 'chanartay oyms', 'altan oergoeoe', 'khuvtsas', 'chanar oyms', 'khuvtsas zoriulsan sintetik turshiltyn bueteegdekhueuen chanar oyms', 'chanartai chanartay oims oyms', 'altan orgoo orgou orguo orguu urgoo urgou urguo urguu', 'huvcas huvtsas khuvcas khuvtsas', 'chanar oims oyms', 'huvcas huvtsas khuvcas khuvtsas zoriulsan sintetik turshiltyn buteegdehuun buteegdehuin buteegdehiun buteegdehiin buteegdekhuun buteegdekhuin buteegdekhiun buteegdekhiin chanar oims oyms');
INSERT OR IGNORE INTO search_terms (term, product_id, field, representation) VALUES ('чанартай', 8, 'title', 'native');
INSERT OR IGNORE INTO search_terms (term, product_id, field, representation) VALUES ('оймс', 8, 'title', 'native');
INSERT OR IGNORE INTO search_terms (term, product_id, field, representation) VALUES ('chanartay', 8, 'title', 'strict');
INSERT OR IGNORE INTO search_terms (term, product_id, field, representation) VALUES ('oyms', 8, 'title', 'strict');
INSERT OR IGNORE INTO search_terms (term, product_id, field, representation) VALUES ('chanartai', 8, 'title', 'basic');
INSERT OR IGNORE INTO search_terms (term, product_id, field, representation) VALUES ('oims', 8, 'title', 'basic');
INSERT OR IGNORE INTO search_terms (term, product_id, field, representation) VALUES ('алтан', 8, 'brand', 'native');
INSERT OR IGNORE INTO search_terms (term, product_id, field, representation) VALUES ('өргөө', 8, 'brand', 'native');
INSERT OR IGNORE INTO search_terms (term, product_id, field, representation) VALUES ('altan', 8, 'brand', 'strict');
INSERT OR IGNORE INTO search_terms (term, product_id, field, representation) VALUES ('oergoeoe', 8, 'brand', 'strict');
INSERT OR IGNORE INTO search_terms (term, product_id, field, representation) VALUES ('altan', 8, 'brand', 'basic');
INSERT OR IGNORE INTO search_terms (term, product_id, field, representation) VALUES ('orgoo', 8, 'brand', 'basic');
INSERT OR IGNORE INTO search_terms (term, product_id, field, representation) VALUES ('хувцас', 8, 'category', 'native');
INSERT OR IGNORE INTO search_terms (term, product_id, field, representation) VALUES ('khuvtsas', 8, 'category', 'strict');
INSERT OR IGNORE INTO search_terms (term, product_id, field, representation) VALUES ('khuvtsas', 8, 'category', 'basic');
INSERT INTO products (id, sku, sku_normalized, name, category, tags, price_mnt, strict_key, basic_key, brand, description, available, merchandising_position) VALUES (9, 'HV-Ш-009', 'hvш009', 'Шаргал ороолт', 'Дагалдах', 'шаргал, ноос', 26000, 'шаргал ороолт дагалдах шаргал ноос hv ш 009 shargal oroolt dagaldakh shargal noos hv sh 009', 'шаргал ороолт дагалдах шаргал ноос hv ш 009 shargal oroolt dagaldakh shargal noos hv sh 009', 'Цагаан Сар', 'Дагалдах зориулсан синтетик туршилтын бүтээгдэхүүн шаргал, ноос', 1, 9);
INSERT INTO product_search (product_id, name, category, tags, sku, strict_key, basic_key) VALUES (9, 'шаргал ороолт shargal oroolt', 'дагалдах dagaldakh', 'шаргал ноос shargal noos', 'hv ш 009 hv sh 009', 'шаргал ороолт дагалдах шаргал ноос hv ш 009 shargal oroolt dagaldakh shargal noos hv sh 009', 'шаргал ороолт дагалдах шаргал ноос hv ш 009 shargal oroolt dagaldakh shargal noos hv sh 009');
INSERT INTO product_search_tiered (product_id, native_key, strict_key, basic_key, sku_key) VALUES (9, 'шаргал ороолт дагалдах шаргал ноос hv ш 009', 'shargal oroolt dagaldakh shargal noos hv sh 009', 'shargal oroolt dagaldah dagaldakh shargal noos hv 009', 'hvш009');
INSERT INTO product_search_resilient (product_id, title_native, brand_native, category_native, tags_native, description_native, title_strict, brand_strict, category_strict, tags_strict, description_strict, title_basic, brand_basic, category_basic, tags_basic, description_basic) VALUES (9, 'шаргал ороолт', 'цагаан сар', 'дагалдах', 'шаргал ноос', 'дагалдах зориулсан синтетик туршилтын бүтээгдэхүүн шаргал ноос', 'shargal oroolt', 'tsagaan sar', 'dagaldakh', 'shargal noos', 'dagaldakh zoriulsan sintetik turshiltyn bueteegdekhueuen shargal noos', 'shargal oroolt', 'cagaan tsagaan sar', 'dagaldah dagaldakh', 'shargal noos', 'dagaldah dagaldakh zoriulsan sintetik turshiltyn buteegdehuun buteegdehuin buteegdehiun buteegdehiin buteegdekhuun buteegdekhuin buteegdekhiun buteegdekhiin shargal noos');
INSERT OR IGNORE INTO search_terms (term, product_id, field, representation) VALUES ('шаргал', 9, 'title', 'native');
INSERT OR IGNORE INTO search_terms (term, product_id, field, representation) VALUES ('ороолт', 9, 'title', 'native');
INSERT OR IGNORE INTO search_terms (term, product_id, field, representation) VALUES ('shargal', 9, 'title', 'strict');
INSERT OR IGNORE INTO search_terms (term, product_id, field, representation) VALUES ('oroolt', 9, 'title', 'strict');
INSERT OR IGNORE INTO search_terms (term, product_id, field, representation) VALUES ('shargal', 9, 'title', 'basic');
INSERT OR IGNORE INTO search_terms (term, product_id, field, representation) VALUES ('oroolt', 9, 'title', 'basic');
INSERT OR IGNORE INTO search_terms (term, product_id, field, representation) VALUES ('цагаан', 9, 'brand', 'native');
INSERT OR IGNORE INTO search_terms (term, product_id, field, representation) VALUES ('tsagaan', 9, 'brand', 'strict');
INSERT OR IGNORE INTO search_terms (term, product_id, field, representation) VALUES ('tsagaan', 9, 'brand', 'basic');
INSERT OR IGNORE INTO search_terms (term, product_id, field, representation) VALUES ('дагалдах', 9, 'category', 'native');
INSERT OR IGNORE INTO search_terms (term, product_id, field, representation) VALUES ('dagaldakh', 9, 'category', 'strict');
INSERT OR IGNORE INTO search_terms (term, product_id, field, representation) VALUES ('dagaldakh', 9, 'category', 'basic');
INSERT INTO products (id, sku, sku_normalized, name, category, tags, price_mnt, strict_key, basic_key, brand, description, available, merchandising_position) VALUES (10, 'HV-Ж-010', 'hvж010', 'Жижиг түрийвч', 'Дагалдах', 'жижиг, арьс', 27750, 'жижиг түрийвч дагалдах жижиг арьс hv ж 010 jijig türiyvch dagaldakh jijig ars hv j 010', 'жижиг түрийвч дагалдах жижиг арьс hv ж 010 jijig turiivch dagaldakh jijig ars hv j 010', 'Нүүдэл', 'Дагалдах зориулсан синтетик туршилтын бүтээгдэхүүн жижиг, арьс', 1, 10);
INSERT INTO product_search (product_id, name, category, tags, sku, strict_key, basic_key) VALUES (10, 'жижиг түрийвч jijig türiyvch', 'дагалдах dagaldakh', 'жижиг арьс jijig ars', 'hv ж 010 hv j 010', 'жижиг түрийвч дагалдах жижиг арьс hv ж 010 jijig türiyvch dagaldakh jijig ars hv j 010', 'жижиг түрийвч дагалдах жижиг арьс hv ж 010 jijig turiivch dagaldakh jijig ars hv j 010');
INSERT INTO product_search_tiered (product_id, native_key, strict_key, basic_key, sku_key) VALUES (10, 'жижиг түрийвч дагалдах жижиг арьс hv ж 010', 'jijig tueriyvch dagaldakh jijig ars hv j 010', 'jijig turiivch turiyvch tiriivch tiriyvch dagaldah dagaldakh jijig ars hv 010', 'hvж010');
INSERT INTO product_search_resilient (product_id, title_native, brand_native, category_native, tags_native, description_native, title_strict, brand_strict, category_strict, tags_strict, description_strict, title_basic, brand_basic, category_basic, tags_basic, description_basic) VALUES (10, 'жижиг түрийвч', 'нүүдэл', 'дагалдах', 'жижиг арьс', 'дагалдах зориулсан синтетик туршилтын бүтээгдэхүүн жижиг арьс', 'jijig tueriyvch', 'nueuedel', 'dagaldakh', 'jijig ars', 'dagaldakh zoriulsan sintetik turshiltyn bueteegdekhueuen jijig ars', 'jijig turiivch turiyvch tiriivch tiriyvch', 'nuudel nuidel niudel niidel', 'dagaldah dagaldakh', 'jijig ars', 'dagaldah dagaldakh zoriulsan sintetik turshiltyn buteegdehuun buteegdehuin buteegdehiun buteegdehiin buteegdekhuun buteegdekhuin buteegdekhiun buteegdekhiin jijig ars');
INSERT OR IGNORE INTO search_terms (term, product_id, field, representation) VALUES ('жижиг', 10, 'title', 'native');
INSERT OR IGNORE INTO search_terms (term, product_id, field, representation) VALUES ('түрийвч', 10, 'title', 'native');
INSERT OR IGNORE INTO search_terms (term, product_id, field, representation) VALUES ('jijig', 10, 'title', 'strict');
INSERT OR IGNORE INTO search_terms (term, product_id, field, representation) VALUES ('tueriyvch', 10, 'title', 'strict');
INSERT OR IGNORE INTO search_terms (term, product_id, field, representation) VALUES ('jijig', 10, 'title', 'basic');
INSERT OR IGNORE INTO search_terms (term, product_id, field, representation) VALUES ('turiivch', 10, 'title', 'basic');
INSERT OR IGNORE INTO search_terms (term, product_id, field, representation) VALUES ('нүүдэл', 10, 'brand', 'native');
INSERT OR IGNORE INTO search_terms (term, product_id, field, representation) VALUES ('nueuedel', 10, 'brand', 'strict');
INSERT OR IGNORE INTO search_terms (term, product_id, field, representation) VALUES ('nuudel', 10, 'brand', 'basic');
INSERT OR IGNORE INTO search_terms (term, product_id, field, representation) VALUES ('дагалдах', 10, 'category', 'native');
INSERT OR IGNORE INTO search_terms (term, product_id, field, representation) VALUES ('dagaldakh', 10, 'category', 'strict');
INSERT OR IGNORE INTO search_terms (term, product_id, field, representation) VALUES ('dagaldakh', 10, 'category', 'basic');
INSERT INTO products (id, sku, sku_normalized, name, category, tags, price_mnt, strict_key, basic_key, brand, description, available, merchandising_position) VALUES (11, 'HV-Я-011', 'hvя011', 'Ягаан малгай', 'Дагалдах', 'ягаан, өвөл', 29500, 'ягаан малгай дагалдах ягаан өвөл hv я 011 yagaan malgay dagaldakh yagaan övöl hv ya 011', 'ягаан малгай дагалдах ягаан өвөл hv я 011 iagaan malgai dagaldakh iagaan ovol hv ia 011', 'Талын Од', 'Дагалдах зориулсан синтетик туршилтын бүтээгдэхүүн ягаан, өвөл', 1, 11);
INSERT INTO product_search (product_id, name, category, tags, sku, strict_key, basic_key) VALUES (11, 'ягаан малгай yagaan malgay', 'дагалдах dagaldakh', 'ягаан өвөл yagaan övöl', 'hv я 011 hv ya 011', 'ягаан малгай дагалдах ягаан өвөл hv я 011 yagaan malgay dagaldakh yagaan övöl hv ya 011', 'ягаан малгай дагалдах ягаан өвөл hv я 011 iagaan malgai dagaldakh iagaan ovol hv ia 011');
INSERT INTO product_search_tiered (product_id, native_key, strict_key, basic_key, sku_key) VALUES (11, 'ягаан малгай дагалдах ягаан өвөл hv я 011', 'yagaan malgay dagaldakh yagaan oevoel hv ya 011', 'yagaan malgai malgay dagaldah dagaldakh yagaan ovol ovul uvol uvul hv 011', 'hvя011');
INSERT INTO product_search_resilient (product_id, title_native, brand_native, category_native, tags_native, description_native, title_strict, brand_strict, category_strict, tags_strict, description_strict, title_basic, brand_basic, category_basic, tags_basic, description_basic) VALUES (11, 'ягаан малгай', 'талын од', 'дагалдах', 'ягаан өвөл', 'дагалдах зориулсан синтетик туршилтын бүтээгдэхүүн ягаан өвөл', 'yagaan malgay', 'talyn od', 'dagaldakh', 'yagaan oevoel', 'dagaldakh zoriulsan sintetik turshiltyn bueteegdekhueuen yagaan oevoel', 'yagaan malgai malgay', 'talyn od', 'dagaldah dagaldakh', 'yagaan ovol ovul uvol uvul', 'dagaldah dagaldakh zoriulsan sintetik turshiltyn buteegdehuun buteegdehuin buteegdehiun buteegdehiin buteegdekhuun buteegdekhuin buteegdekhiun buteegdekhiin yagaan ovol ovul uvol uvul');
INSERT OR IGNORE INTO search_terms (term, product_id, field, representation) VALUES ('ягаан', 11, 'title', 'native');
INSERT OR IGNORE INTO search_terms (term, product_id, field, representation) VALUES ('малгай', 11, 'title', 'native');
INSERT OR IGNORE INTO search_terms (term, product_id, field, representation) VALUES ('yagaan', 11, 'title', 'strict');
INSERT OR IGNORE INTO search_terms (term, product_id, field, representation) VALUES ('malgay', 11, 'title', 'strict');
INSERT OR IGNORE INTO search_terms (term, product_id, field, representation) VALUES ('iagaan', 11, 'title', 'basic');
INSERT OR IGNORE INTO search_terms (term, product_id, field, representation) VALUES ('malgai', 11, 'title', 'basic');
INSERT OR IGNORE INTO search_terms (term, product_id, field, representation) VALUES ('талын', 11, 'brand', 'native');
INSERT OR IGNORE INTO search_terms (term, product_id, field, representation) VALUES ('talyn', 11, 'brand', 'strict');
INSERT OR IGNORE INTO search_terms (term, product_id, field, representation) VALUES ('talin', 11, 'brand', 'basic');
INSERT OR IGNORE INTO search_terms (term, product_id, field, representation) VALUES ('дагалдах', 11, 'category', 'native');
INSERT OR IGNORE INTO search_terms (term, product_id, field, representation) VALUES ('dagaldakh', 11, 'category', 'strict');
INSERT OR IGNORE INTO search_terms (term, product_id, field, representation) VALUES ('dagaldakh', 11, 'category', 'basic');
INSERT INTO products (id, sku, sku_normalized, name, category, tags, price_mnt, strict_key, basic_key, brand, description, available, merchandising_position) VALUES (12, 'HV-Ю-012', 'hvю012', 'Юбка хар', 'Хувцас', 'юбка, хар', 31250, 'юбка хар хувцас юбка хар hv ю 012 yubka khar khuvtsas yubka khar hv yu 012', 'юбка хар хувцас юбка хар hv ю 012 iubka khar khuvtsas iubka khar hv iu 012', 'Хөх Тэнгэр', 'Хувцас зориулсан синтетик туршилтын бүтээгдэхүүн юбка, хар', 0, 12);
INSERT INTO product_search (product_id, name, category, tags, sku, strict_key, basic_key) VALUES (12, 'юбка хар yubka khar', 'хувцас khuvtsas', 'юбка хар yubka khar', 'hv ю 012 hv yu 012', 'юбка хар хувцас юбка хар hv ю 012 yubka khar khuvtsas yubka khar hv yu 012', 'юбка хар хувцас юбка хар hv ю 012 iubka khar khuvtsas iubka khar hv iu 012');
INSERT INTO product_search_tiered (product_id, native_key, strict_key, basic_key, sku_key) VALUES (12, 'юбка хар хувцас юбка хар hv ю 012', 'yubka khar khuvtsas yubka khar hv yu 012', 'yubka har khar huvcas huvtsas khuvcas khuvtsas yubka har khar hv 012', 'hvю012');
INSERT INTO product_search_resilient (product_id, title_native, brand_native, category_native, tags_native, description_native, title_strict, brand_strict, category_strict, tags_strict, description_strict, title_basic, brand_basic, category_basic, tags_basic, description_basic) VALUES (12, 'юбка хар', 'хөх тэнгэр', 'хувцас', 'юбка хар', 'хувцас зориулсан синтетик туршилтын бүтээгдэхүүн юбка хар', 'yubka khar', 'khoekh tenger', 'khuvtsas', 'yubka khar', 'khuvtsas zoriulsan sintetik turshiltyn bueteegdekhueuen yubka khar', 'yubka har khar', 'hoh hokh huh hukh khoh khokh khuh khukh tenger', 'huvcas huvtsas khuvcas khuvtsas', 'yubka har khar', 'huvcas huvtsas khuvcas khuvtsas zoriulsan sintetik turshiltyn buteegdehuun buteegdehuin buteegdehiun buteegdehiin buteegdekhuun buteegdekhuin buteegdekhiun buteegdekhiin yubka har khar');
INSERT OR IGNORE INTO search_terms (term, product_id, field, representation) VALUES ('юбка', 12, 'title', 'native');
INSERT OR IGNORE INTO search_terms (term, product_id, field, representation) VALUES ('yubka', 12, 'title', 'strict');
INSERT OR IGNORE INTO search_terms (term, product_id, field, representation) VALUES ('khar', 12, 'title', 'strict');
INSERT OR IGNORE INTO search_terms (term, product_id, field, representation) VALUES ('iubka', 12, 'title', 'basic');
INSERT OR IGNORE INTO search_terms (term, product_id, field, representation) VALUES ('khar', 12, 'title', 'basic');
INSERT OR IGNORE INTO search_terms (term, product_id, field, representation) VALUES ('тэнгэр', 12, 'brand', 'native');
INSERT OR IGNORE INTO search_terms (term, product_id, field, representation) VALUES ('khoekh', 12, 'brand', 'strict');
INSERT OR IGNORE INTO search_terms (term, product_id, field, representation) VALUES ('tenger', 12, 'brand', 'strict');
INSERT OR IGNORE INTO search_terms (term, product_id, field, representation) VALUES ('khokh', 12, 'brand', 'basic');
INSERT OR IGNORE INTO search_terms (term, product_id, field, representation) VALUES ('tenger', 12, 'brand', 'basic');
INSERT OR IGNORE INTO search_terms (term, product_id, field, representation) VALUES ('хувцас', 12, 'category', 'native');
INSERT OR IGNORE INTO search_terms (term, product_id, field, representation) VALUES ('khuvtsas', 12, 'category', 'strict');
INSERT OR IGNORE INTO search_terms (term, product_id, field, representation) VALUES ('khuvtsas', 12, 'category', 'basic');
INSERT INTO products (id, sku, sku_normalized, name, category, tags, price_mnt, strict_key, basic_key, brand, description, available, merchandising_position) VALUES (13, 'HV-Х-013', 'hvх013', 'Хөх ноолууран цамц', 'Хувцас', 'хөх, ноолуур', 33000, 'хөх ноолууран цамц хувцас хөх ноолуур hv х 013 khökh nooluuran tsamts khuvtsas khökh nooluur hv kh 013', 'хөх ноолууран цамц хувцас хөх ноолуур hv х 013 khokh nooluuran tsamts khuvtsas khokh nooluur hv kh 013', 'Алтан Өргөө', 'Хувцас зориулсан синтетик туршилтын бүтээгдэхүүн хөх, ноолуур', 1, 13);
INSERT INTO product_search (product_id, name, category, tags, sku, strict_key, basic_key) VALUES (13, 'хөх ноолууран цамц khökh nooluuran tsamts', 'хувцас khuvtsas', 'хөх ноолуур khökh nooluur', 'hv х 013 hv kh 013', 'хөх ноолууран цамц хувцас хөх ноолуур hv х 013 khökh nooluuran tsamts khuvtsas khökh nooluur hv kh 013', 'хөх ноолууран цамц хувцас хөх ноолуур hv х 013 khokh nooluuran tsamts khuvtsas khokh nooluur hv kh 013');
INSERT INTO product_search_tiered (product_id, native_key, strict_key, basic_key, sku_key) VALUES (13, 'хөх ноолууран цамц хувцас хөх ноолуур hv х 013', 'khoekh nooluuran tsamts khuvtsas khoekh nooluur hv kh 013', 'hoh hokh huh hukh khoh khokh khuh khukh nooluuran camc camts tsamc tsamts huvcas huvtsas khuvcas khuvtsas hoh hokh huh hukh khoh khokh khuh khukh nooluur hv 013', 'hvх013');
INSERT INTO product_search_resilient (product_id, title_native, brand_native, category_native, tags_native, description_native, title_strict, brand_strict, category_strict, tags_strict, description_strict, title_basic, brand_basic, category_basic, tags_basic, description_basic) VALUES (13, 'хөх ноолууран цамц', 'алтан өргөө', 'хувцас', 'хөх ноолуур', 'хувцас зориулсан синтетик туршилтын бүтээгдэхүүн хөх ноолуур', 'khoekh nooluuran tsamts', 'altan oergoeoe', 'khuvtsas', 'khoekh nooluur', 'khuvtsas zoriulsan sintetik turshiltyn bueteegdekhueuen khoekh nooluur', 'hoh hokh huh hukh khoh khokh khuh khukh nooluuran camc camts tsamc tsamts', 'altan orgoo orgou orguo orguu urgoo urgou urguo urguu', 'huvcas huvtsas khuvcas khuvtsas', 'hoh hokh huh hukh khoh khokh khuh khukh nooluur', 'huvcas huvtsas khuvcas khuvtsas zoriulsan sintetik turshiltyn buteegdehuun buteegdehuin buteegdehiun buteegdehiin buteegdekhuun buteegdekhuin buteegdekhiun buteegdekhiin hoh hokh huh hukh khoh khokh khuh khukh nooluur');
INSERT OR IGNORE INTO search_terms (term, product_id, field, representation) VALUES ('ноолууран', 13, 'title', 'native');
INSERT OR IGNORE INTO search_terms (term, product_id, field, representation) VALUES ('цамц', 13, 'title', 'native');
INSERT OR IGNORE INTO search_terms (term, product_id, field, representation) VALUES ('khoekh', 13, 'title', 'strict');
INSERT OR IGNORE INTO search_terms (term, product_id, field, representation) VALUES ('nooluuran', 13, 'title', 'strict');
INSERT OR IGNORE INTO search_terms (term, product_id, field, representation) VALUES ('tsamts', 13, 'title', 'strict');
INSERT OR IGNORE INTO search_terms (term, product_id, field, representation) VALUES ('khokh', 13, 'title', 'basic');
INSERT OR IGNORE INTO search_terms (term, product_id, field, representation) VALUES ('nooluuran', 13, 'title', 'basic');
INSERT OR IGNORE INTO search_terms (term, product_id, field, representation) VALUES ('tsamts', 13, 'title', 'basic');
INSERT OR IGNORE INTO search_terms (term, product_id, field, representation) VALUES ('алтан', 13, 'brand', 'native');
INSERT OR IGNORE INTO search_terms (term, product_id, field, representation) VALUES ('өргөө', 13, 'brand', 'native');
INSERT OR IGNORE INTO search_terms (term, product_id, field, representation) VALUES ('altan', 13, 'brand', 'strict');
INSERT OR IGNORE INTO search_terms (term, product_id, field, representation) VALUES ('oergoeoe', 13, 'brand', 'strict');
INSERT OR IGNORE INTO search_terms (term, product_id, field, representation) VALUES ('altan', 13, 'brand', 'basic');
INSERT OR IGNORE INTO search_terms (term, product_id, field, representation) VALUES ('orgoo', 13, 'brand', 'basic');
INSERT OR IGNORE INTO search_terms (term, product_id, field, representation) VALUES ('хувцас', 13, 'category', 'native');
INSERT OR IGNORE INTO search_terms (term, product_id, field, representation) VALUES ('khuvtsas', 13, 'category', 'strict');
INSERT OR IGNORE INTO search_terms (term, product_id, field, representation) VALUES ('khuvtsas', 13, 'category', 'basic');
INSERT INTO products (id, sku, sku_normalized, name, category, tags, price_mnt, strict_key, basic_key, brand, description, available, merchandising_position) VALUES (14, 'HV-Ө-014', 'hvө014', 'Өвлийн гутал', 'Гутал', 'өвөл, арьс', 34750, 'өвлийн гутал гутал өвөл арьс hv ө 014 övliyn gutal gutal övöl ars hv ö 014', 'өвлийн гутал гутал өвөл арьс hv ө 014 ovliin gutal gutal ovol ars hv o 014', 'Цагаан Сар', 'Гутал зориулсан синтетик туршилтын бүтээгдэхүүн өвөл, арьс', 1, 14);
INSERT INTO product_search (product_id, name, category, tags, sku, strict_key, basic_key) VALUES (14, 'өвлийн гутал övliyn gutal', 'гутал gutal', 'өвөл арьс övöl ars', 'hv ө 014 hv ö 014', 'өвлийн гутал гутал өвөл арьс hv ө 014 övliyn gutal gutal övöl ars hv ö 014', 'өвлийн гутал гутал өвөл арьс hv ө 014 ovliin gutal gutal ovol ars hv o 014');
INSERT INTO product_search_tiered (product_id, native_key, strict_key, basic_key, sku_key) VALUES (14, 'өвлийн гутал гутал өвөл арьс hv ө 014', 'oevliyn gutal gutal oevoel ars hv oe 014', 'ovliin ovliyn uvliin uvliyn gutal gutal ovol ovul uvol uvul ars hv 014', 'hvө014');
INSERT INTO product_search_resilient (product_id, title_native, brand_native, category_native, tags_native, description_native, title_strict, brand_strict, category_strict, tags_strict, description_strict, title_basic, brand_basic, category_basic, tags_basic, description_basic) VALUES (14, 'өвлийн гутал', 'цагаан сар', 'гутал', 'өвөл арьс', 'гутал зориулсан синтетик туршилтын бүтээгдэхүүн өвөл арьс', 'oevliyn gutal', 'tsagaan sar', 'gutal', 'oevoel ars', 'gutal zoriulsan sintetik turshiltyn bueteegdekhueuen oevoel ars', 'ovliin ovliyn uvliin uvliyn gutal', 'cagaan tsagaan sar', 'gutal', 'ovol ovul uvol uvul ars', 'gutal zoriulsan sintetik turshiltyn buteegdehuun buteegdehuin buteegdehiun buteegdehiin buteegdekhuun buteegdekhuin buteegdekhiun buteegdekhiin ovol ovul uvol uvul ars');
INSERT OR IGNORE INTO search_terms (term, product_id, field, representation) VALUES ('өвлийн', 14, 'title', 'native');
INSERT OR IGNORE INTO search_terms (term, product_id, field, representation) VALUES ('гутал', 14, 'title', 'native');
INSERT OR IGNORE INTO search_terms (term, product_id, field, representation) VALUES ('oevliyn', 14, 'title', 'strict');
INSERT OR IGNORE INTO search_terms (term, product_id, field, representation) VALUES ('gutal', 14, 'title', 'strict');
INSERT OR IGNORE INTO search_terms (term, product_id, field, representation) VALUES ('ovliin', 14, 'title', 'basic');
INSERT OR IGNORE INTO search_terms (term, product_id, field, representation) VALUES ('gutal', 14, 'title', 'basic');
INSERT OR IGNORE INTO search_terms (term, product_id, field, representation) VALUES ('цагаан', 14, 'brand', 'native');
INSERT OR IGNORE INTO search_terms (term, product_id, field, representation) VALUES ('tsagaan', 14, 'brand', 'strict');
INSERT OR IGNORE INTO search_terms (term, product_id, field, representation) VALUES ('tsagaan', 14, 'brand', 'basic');
INSERT OR IGNORE INTO search_terms (term, product_id, field, representation) VALUES ('гутал', 14, 'category', 'native');
INSERT OR IGNORE INTO search_terms (term, product_id, field, representation) VALUES ('gutal', 14, 'category', 'strict');
INSERT OR IGNORE INTO search_terms (term, product_id, field, representation) VALUES ('gutal', 14, 'category', 'basic');
INSERT INTO products (id, sku, sku_normalized, name, category, tags, price_mnt, strict_key, basic_key, brand, description, available, merchandising_position) VALUES (15, 'HV-Ү-015', 'hvү015', 'Үүргэвч аяллын', 'Цүнх', 'үүргэвч, аялал', 36500, 'үүргэвч аяллын цүнх үүргэвч аялал hv ү 015 üürgevch ayallyn tsünkh üürgevch ayalal hv ü 015', 'үүргэвч аяллын цүнх үүргэвч аялал hv ү 015 uurgevch aiallin tsunkh uurgevch aialal hv u 015', 'Нүүдэл', 'Цүнх зориулсан синтетик туршилтын бүтээгдэхүүн үүргэвч, аялал', 1, 15);
INSERT INTO product_search (product_id, name, category, tags, sku, strict_key, basic_key) VALUES (15, 'үүргэвч аяллын üürgevch ayallyn', 'цүнх tsünkh', 'үүргэвч аялал üürgevch ayalal', 'hv ү 015 hv ü 015', 'үүргэвч аяллын цүнх үүргэвч аялал hv ү 015 üürgevch ayallyn tsünkh üürgevch ayalal hv ü 015', 'үүргэвч аяллын цүнх үүргэвч аялал hv ү 015 uurgevch aiallin tsunkh uurgevch aialal hv u 015');
INSERT INTO product_search_tiered (product_id, native_key, strict_key, basic_key, sku_key) VALUES (15, 'үүргэвч аяллын цүнх үүргэвч аялал hv ү 015', 'ueuergevch ayallyn tsuenkh ueuergevch ayalal hv ue 015', 'uurgevch uirgevch iurgevch iirgevch ayallyn cunh cunkh cinh cinkh tsunh tsunkh tsinh tsinkh uurgevch uirgevch iurgevch iirgevch ayalal hv 015', 'hvү015');
INSERT INTO product_search_resilient (product_id, title_native, brand_native, category_native, tags_native, description_native, title_strict, brand_strict, category_strict, tags_strict, description_strict, title_basic, brand_basic, category_basic, tags_basic, description_basic) VALUES (15, 'үүргэвч аяллын', 'нүүдэл', 'цүнх', 'үүргэвч аялал', 'цүнх зориулсан синтетик туршилтын бүтээгдэхүүн үүргэвч аялал', 'ueuergevch ayallyn', 'nueuedel', 'tsuenkh', 'ueuergevch ayalal', 'tsuenkh zoriulsan sintetik turshiltyn bueteegdekhueuen ueuergevch ayalal', 'uurgevch uirgevch iurgevch iirgevch ayallyn', 'nuudel nuidel niudel niidel', 'cunh cunkh cinh cinkh tsunh tsunkh tsinh tsinkh', 'uurgevch uirgevch iurgevch iirgevch ayalal', 'cunh cunkh cinh cinkh tsunh tsunkh tsinh tsinkh zoriulsan sintetik turshiltyn buteegdehuun buteegdehuin buteegdehiun buteegdehiin buteegdekhuun buteegdekhuin buteegdekhiun buteegdekhiin uurgevch uirgevch iurgevch iirgevch ayalal');
INSERT OR IGNORE INTO search_terms (term, product_id, field, representation) VALUES ('үүргэвч', 15, 'title', 'native');
INSERT OR IGNORE INTO search_terms (term, product_id, field, representation) VALUES ('аяллын', 15, 'title', 'native');
INSERT OR IGNORE INTO search_terms (term, product_id, field, representation) VALUES ('ueuergevch', 15, 'title', 'strict');
INSERT OR IGNORE INTO search_terms (term, product_id, field, representation) VALUES ('ayallyn', 15, 'title', 'strict');
INSERT OR IGNORE INTO search_terms (term, product_id, field, representation) VALUES ('uurgevch', 15, 'title', 'basic');
INSERT OR IGNORE INTO search_terms (term, product_id, field, representation) VALUES ('aiallin', 15, 'title', 'basic');
INSERT OR IGNORE INTO search_terms (term, product_id, field, representation) VALUES ('нүүдэл', 15, 'brand', 'native');
INSERT OR IGNORE INTO search_terms (term, product_id, field, representation) VALUES ('nueuedel', 15, 'brand', 'strict');
INSERT OR IGNORE INTO search_terms (term, product_id, field, representation) VALUES ('nuudel', 15, 'brand', 'basic');
INSERT OR IGNORE INTO search_terms (term, product_id, field, representation) VALUES ('цүнх', 15, 'category', 'native');
INSERT OR IGNORE INTO search_terms (term, product_id, field, representation) VALUES ('tsuenkh', 15, 'category', 'strict');
INSERT OR IGNORE INTO search_terms (term, product_id, field, representation) VALUES ('tsunkh', 15, 'category', 'basic');
INSERT INTO products (id, sku, sku_normalized, name, category, tags, price_mnt, strict_key, basic_key, brand, description, available, merchandising_position) VALUES (16, 'HV-Ё-016', 'hvё016', 'Ёотон амттан', 'Хүнс', 'амттан, ёотон', 38250, 'ёотон амттан хүнс амттан ёотон hv ё 016 yooton amttan khüns amttan yooton hv yo 016', 'ёотон амттан хүнс амттан ёотон hv ё 016 iooton amttan khuns amttan iooton hv io 016', 'Талын Од', 'Хүнс зориулсан синтетик туршилтын бүтээгдэхүүн амттан, ёотон', 1, 16);
INSERT INTO product_search (product_id, name, category, tags, sku, strict_key, basic_key) VALUES (16, 'ёотон амттан yooton amttan', 'хүнс khüns', 'амттан ёотон amttan yooton', 'hv ё 016 hv yo 016', 'ёотон амттан хүнс амттан ёотон hv ё 016 yooton amttan khüns amttan yooton hv yo 016', 'ёотон амттан хүнс амттан ёотон hv ё 016 iooton amttan khuns amttan iooton hv io 016');
INSERT INTO product_search_tiered (product_id, native_key, strict_key, basic_key, sku_key) VALUES (16, 'ёотон амттан хүнс амттан ёотон hv ё 016', 'yooton amttan khuens amttan yooton hv yo 016', 'yooton eooton amttan huns hins khuns khins amttan yooton eooton hv 016', 'hvё016');
INSERT INTO product_search_resilient (product_id, title_native, brand_native, category_native, tags_native, description_native, title_strict, brand_strict, category_strict, tags_strict, description_strict, title_basic, brand_basic, category_basic, tags_basic, description_basic) VALUES (16, 'ёотон амттан', 'талын од', 'хүнс', 'амттан ёотон', 'хүнс зориулсан синтетик туршилтын бүтээгдэхүүн амттан ёотон', 'yooton amttan', 'talyn od', 'khuens', 'amttan yooton', 'khuens zoriulsan sintetik turshiltyn bueteegdekhueuen amttan yooton', 'yooton eooton amttan', 'talyn od', 'huns hins khuns khins', 'amttan yooton eooton', 'huns hins khuns khins zoriulsan sintetik turshiltyn buteegdehuun buteegdehuin buteegdehiun buteegdehiin buteegdekhuun buteegdekhuin buteegdekhiun buteegdekhiin amttan yooton eooton');
INSERT OR IGNORE INTO search_terms (term, product_id, field, representation) VALUES ('ёотон', 16, 'title', 'native');
INSERT OR IGNORE INTO search_terms (term, product_id, field, representation) VALUES ('амттан', 16, 'title', 'native');
INSERT OR IGNORE INTO search_terms (term, product_id, field, representation) VALUES ('yooton', 16, 'title', 'strict');
INSERT OR IGNORE INTO search_terms (term, product_id, field, representation) VALUES ('amttan', 16, 'title', 'strict');
INSERT OR IGNORE INTO search_terms (term, product_id, field, representation) VALUES ('iooton', 16, 'title', 'basic');
INSERT OR IGNORE INTO search_terms (term, product_id, field, representation) VALUES ('amttan', 16, 'title', 'basic');
INSERT OR IGNORE INTO search_terms (term, product_id, field, representation) VALUES ('талын', 16, 'brand', 'native');
INSERT OR IGNORE INTO search_terms (term, product_id, field, representation) VALUES ('talyn', 16, 'brand', 'strict');
INSERT OR IGNORE INTO search_terms (term, product_id, field, representation) VALUES ('talin', 16, 'brand', 'basic');
INSERT OR IGNORE INTO search_terms (term, product_id, field, representation) VALUES ('хүнс', 16, 'category', 'native');
INSERT OR IGNORE INTO search_terms (term, product_id, field, representation) VALUES ('khuens', 16, 'category', 'strict');
INSERT OR IGNORE INTO search_terms (term, product_id, field, representation) VALUES ('khuns', 16, 'category', 'basic');
INSERT INTO products (id, sku, sku_normalized, name, category, tags, price_mnt, strict_key, basic_key, brand, description, available, merchandising_position) VALUES (17, 'HV-Ц-017', 'hvц017', 'Цайны аяга', 'Гэр ахуй', 'цай, аяга', 40000, 'цайны аяга гэр ахуй цай аяга hv ц 017 tsayny ayaga ger akhuy tsay ayaga hv ts 017', 'цайны аяга гэр ахуй цай аяга hv ц 017 tsaini aiaga ger akhui tsai aiaga hv ts 017', 'Хөх Тэнгэр', 'Гэр ахуй зориулсан синтетик туршилтын бүтээгдэхүүн цай, аяга', 1, 17);
INSERT INTO product_search (product_id, name, category, tags, sku, strict_key, basic_key) VALUES (17, 'цайны аяга tsayny ayaga', 'гэр ахуй ger akhuy', 'цай аяга tsay ayaga', 'hv ц 017 hv ts 017', 'цайны аяга гэр ахуй цай аяга hv ц 017 tsayny ayaga ger akhuy tsay ayaga hv ts 017', 'цайны аяга гэр ахуй цай аяга hv ц 017 tsaini aiaga ger akhui tsai aiaga hv ts 017');
INSERT INTO product_search_tiered (product_id, native_key, strict_key, basic_key, sku_key) VALUES (17, 'цайны аяга гэр ахуй цай аяга hv ц 017', 'tsayny ayaga ger akhuy tsay ayaga hv ts 017', 'cainy cayny tsainy tsayny ayaga ger ahui ahuy akhui akhuy cai cay tsai tsay ayaga hv 017', 'hvц017');
INSERT INTO product_search_resilient (product_id, title_native, brand_native, category_native, tags_native, description_native, title_strict, brand_strict, category_strict, tags_strict, description_strict, title_basic, brand_basic, category_basic, tags_basic, description_basic) VALUES (17, 'цайны аяга', 'хөх тэнгэр', 'гэр ахуй', 'цай аяга', 'гэр ахуй зориулсан синтетик туршилтын бүтээгдэхүүн цай аяга', 'tsayny ayaga', 'khoekh tenger', 'ger akhuy', 'tsay ayaga', 'ger akhuy zoriulsan sintetik turshiltyn bueteegdekhueuen tsay ayaga', 'cainy cayny tsainy tsayny ayaga', 'hoh hokh huh hukh khoh khokh khuh khukh tenger', 'ger ahui ahuy akhui akhuy', 'cai cay tsai tsay ayaga', 'ger ahui ahuy akhui akhuy zoriulsan sintetik turshiltyn buteegdehuun buteegdehuin buteegdehiun buteegdehiin buteegdekhuun buteegdekhuin buteegdekhiun buteegdekhiin cai cay tsai tsay ayaga');
INSERT OR IGNORE INTO search_terms (term, product_id, field, representation) VALUES ('цайны', 17, 'title', 'native');
INSERT OR IGNORE INTO search_terms (term, product_id, field, representation) VALUES ('аяга', 17, 'title', 'native');
INSERT OR IGNORE INTO search_terms (term, product_id, field, representation) VALUES ('tsayny', 17, 'title', 'strict');
INSERT OR IGNORE INTO search_terms (term, product_id, field, representation) VALUES ('ayaga', 17, 'title', 'strict');
INSERT OR IGNORE INTO search_terms (term, product_id, field, representation) VALUES ('tsaini', 17, 'title', 'basic');
INSERT OR IGNORE INTO search_terms (term, product_id, field, representation) VALUES ('aiaga', 17, 'title', 'basic');
INSERT OR IGNORE INTO search_terms (term, product_id, field, representation) VALUES ('тэнгэр', 17, 'brand', 'native');
INSERT OR IGNORE INTO search_terms (term, product_id, field, representation) VALUES ('khoekh', 17, 'brand', 'strict');
INSERT OR IGNORE INTO search_terms (term, product_id, field, representation) VALUES ('tenger', 17, 'brand', 'strict');
INSERT OR IGNORE INTO search_terms (term, product_id, field, representation) VALUES ('khokh', 17, 'brand', 'basic');
INSERT OR IGNORE INTO search_terms (term, product_id, field, representation) VALUES ('tenger', 17, 'brand', 'basic');
INSERT OR IGNORE INTO search_terms (term, product_id, field, representation) VALUES ('ахуй', 17, 'category', 'native');
INSERT OR IGNORE INTO search_terms (term, product_id, field, representation) VALUES ('akhuy', 17, 'category', 'strict');
INSERT OR IGNORE INTO search_terms (term, product_id, field, representation) VALUES ('akhui', 17, 'category', 'basic');
INSERT INTO products (id, sku, sku_normalized, name, category, tags, price_mnt, strict_key, basic_key, brand, description, available, merchandising_position) VALUES (18, 'HV-Ч-018', 'hvч018', 'Чулуун аяга', 'Гэр ахуй', 'чулуу, аяга', 41750, 'чулуун аяга гэр ахуй чулуу аяга hv ч 018 chuluun ayaga ger akhuy chuluu ayaga hv ch 018', 'чулуун аяга гэр ахуй чулуу аяга hv ч 018 chuluun aiaga ger akhui chuluu aiaga hv ch 018', 'Алтан Өргөө', 'Гэр ахуй зориулсан синтетик туршилтын бүтээгдэхүүн чулуу, аяга', 1, 18);
INSERT INTO product_search (product_id, name, category, tags, sku, strict_key, basic_key) VALUES (18, 'чулуун аяга chuluun ayaga', 'гэр ахуй ger akhuy', 'чулуу аяга chuluu ayaga', 'hv ч 018 hv ch 018', 'чулуун аяга гэр ахуй чулуу аяга hv ч 018 chuluun ayaga ger akhuy chuluu ayaga hv ch 018', 'чулуун аяга гэр ахуй чулуу аяга hv ч 018 chuluun aiaga ger akhui chuluu aiaga hv ch 018');
INSERT INTO product_search_tiered (product_id, native_key, strict_key, basic_key, sku_key) VALUES (18, 'чулуун аяга гэр ахуй чулуу аяга hv ч 018', 'chuluun ayaga ger akhuy chuluu ayaga hv ch 018', 'chuluun ayaga ger ahui ahuy akhui akhuy chuluu ayaga hv 018', 'hvч018');
INSERT INTO product_search_resilient (product_id, title_native, brand_native, category_native, tags_native, description_native, title_strict, brand_strict, category_strict, tags_strict, description_strict, title_basic, brand_basic, category_basic, tags_basic, description_basic) VALUES (18, 'чулуун аяга', 'алтан өргөө', 'гэр ахуй', 'чулуу аяга', 'гэр ахуй зориулсан синтетик туршилтын бүтээгдэхүүн чулуу аяга', 'chuluun ayaga', 'altan oergoeoe', 'ger akhuy', 'chuluu ayaga', 'ger akhuy zoriulsan sintetik turshiltyn bueteegdekhueuen chuluu ayaga', 'chuluun ayaga', 'altan orgoo orgou orguo orguu urgoo urgou urguo urguu', 'ger ahui ahuy akhui akhuy', 'chuluu ayaga', 'ger ahui ahuy akhui akhuy zoriulsan sintetik turshiltyn buteegdehuun buteegdehuin buteegdehiun buteegdehiin buteegdekhuun buteegdekhuin buteegdekhiun buteegdekhiin chuluu ayaga');
INSERT OR IGNORE INTO search_terms (term, product_id, field, representation) VALUES ('чулуун', 18, 'title', 'native');
INSERT OR IGNORE INTO search_terms (term, product_id, field, representation) VALUES ('аяга', 18, 'title', 'native');
INSERT OR IGNORE INTO search_terms (term, product_id, field, representation) VALUES ('chuluun', 18, 'title', 'strict');
INSERT OR IGNORE INTO search_terms (term, product_id, field, representation) VALUES ('ayaga', 18, 'title', 'strict');
INSERT OR IGNORE INTO search_terms (term, product_id, field, representation) VALUES ('chuluun', 18, 'title', 'basic');
INSERT OR IGNORE INTO search_terms (term, product_id, field, representation) VALUES ('aiaga', 18, 'title', 'basic');
INSERT OR IGNORE INTO search_terms (term, product_id, field, representation) VALUES ('алтан', 18, 'brand', 'native');
INSERT OR IGNORE INTO search_terms (term, product_id, field, representation) VALUES ('өргөө', 18, 'brand', 'native');
INSERT OR IGNORE INTO search_terms (term, product_id, field, representation) VALUES ('altan', 18, 'brand', 'strict');
INSERT OR IGNORE INTO search_terms (term, product_id, field, representation) VALUES ('oergoeoe', 18, 'brand', 'strict');
INSERT OR IGNORE INTO search_terms (term, product_id, field, representation) VALUES ('altan', 18, 'brand', 'basic');
INSERT OR IGNORE INTO search_terms (term, product_id, field, representation) VALUES ('orgoo', 18, 'brand', 'basic');
INSERT OR IGNORE INTO search_terms (term, product_id, field, representation) VALUES ('ахуй', 18, 'category', 'native');
INSERT OR IGNORE INTO search_terms (term, product_id, field, representation) VALUES ('akhuy', 18, 'category', 'strict');
INSERT OR IGNORE INTO search_terms (term, product_id, field, representation) VALUES ('akhui', 18, 'category', 'basic');
INSERT INTO products (id, sku, sku_normalized, name, category, tags, price_mnt, strict_key, basic_key, brand, description, available, merchandising_position) VALUES (19, 'HV-Ш-019', 'hvш019', 'Шилэн сав', 'Гэр ахуй', 'шил, сав', 43500, 'шилэн сав гэр ахуй шил сав hv ш 019 shilen sav ger akhuy shil sav hv sh 019', 'шилэн сав гэр ахуй шил сав hv ш 019 shilen sav ger akhui shil sav hv sh 019', 'Цагаан Сар', 'Гэр ахуй зориулсан синтетик туршилтын бүтээгдэхүүн шил, сав', 0, 19);
INSERT INTO product_search (product_id, name, category, tags, sku, strict_key, basic_key) VALUES (19, 'шилэн сав shilen sav', 'гэр ахуй ger akhuy', 'шил сав shil sav', 'hv ш 019 hv sh 019', 'шилэн сав гэр ахуй шил сав hv ш 019 shilen sav ger akhuy shil sav hv sh 019', 'шилэн сав гэр ахуй шил сав hv ш 019 shilen sav ger akhui shil sav hv sh 019');
INSERT INTO product_search_tiered (product_id, native_key, strict_key, basic_key, sku_key) VALUES (19, 'шилэн сав гэр ахуй шил сав hv ш 019', 'shilen sav ger akhuy shil sav hv sh 019', 'shilen sav ger ahui ahuy akhui akhuy shil sav hv 019', 'hvш019');
INSERT INTO product_search_resilient (product_id, title_native, brand_native, category_native, tags_native, description_native, title_strict, brand_strict, category_strict, tags_strict, description_strict, title_basic, brand_basic, category_basic, tags_basic, description_basic) VALUES (19, 'шилэн сав', 'цагаан сар', 'гэр ахуй', 'шил сав', 'гэр ахуй зориулсан синтетик туршилтын бүтээгдэхүүн шил сав', 'shilen sav', 'tsagaan sar', 'ger akhuy', 'shil sav', 'ger akhuy zoriulsan sintetik turshiltyn bueteegdekhueuen shil sav', 'shilen sav', 'cagaan tsagaan sar', 'ger ahui ahuy akhui akhuy', 'shil sav', 'ger ahui ahuy akhui akhuy zoriulsan sintetik turshiltyn buteegdehuun buteegdehuin buteegdehiun buteegdehiin buteegdekhuun buteegdekhuin buteegdekhiun buteegdekhiin shil sav');
INSERT OR IGNORE INTO search_terms (term, product_id, field, representation) VALUES ('шилэн', 19, 'title', 'native');
INSERT OR IGNORE INTO search_terms (term, product_id, field, representation) VALUES ('shilen', 19, 'title', 'strict');
INSERT OR IGNORE INTO search_terms (term, product_id, field, representation) VALUES ('shilen', 19, 'title', 'basic');
INSERT OR IGNORE INTO search_terms (term, product_id, field, representation) VALUES ('цагаан', 19, 'brand', 'native');
INSERT OR IGNORE INTO search_terms (term, product_id, field, representation) VALUES ('tsagaan', 19, 'brand', 'strict');
INSERT OR IGNORE INTO search_terms (term, product_id, field, representation) VALUES ('tsagaan', 19, 'brand', 'basic');
INSERT OR IGNORE INTO search_terms (term, product_id, field, representation) VALUES ('ахуй', 19, 'category', 'native');
INSERT OR IGNORE INTO search_terms (term, product_id, field, representation) VALUES ('akhuy', 19, 'category', 'strict');
INSERT OR IGNORE INTO search_terms (term, product_id, field, representation) VALUES ('akhui', 19, 'category', 'basic');
INSERT INTO products (id, sku, sku_normalized, name, category, tags, price_mnt, strict_key, basic_key, brand, description, available, merchandising_position) VALUES (20, 'HV-Ж-020', 'hvж020', 'Жимсний сагс', 'Гэр ахуй', 'жимс, сагс', 45250, 'жимсний сагс гэр ахуй жимс сагс hv ж 020 jimsniy sags ger akhuy jims sags hv j 020', 'жимсний сагс гэр ахуй жимс сагс hv ж 020 jimsnii sags ger akhui jims sags hv j 020', 'Нүүдэл', 'Гэр ахуй зориулсан синтетик туршилтын бүтээгдэхүүн жимс, сагс', 1, 20);
INSERT INTO product_search (product_id, name, category, tags, sku, strict_key, basic_key) VALUES (20, 'жимсний сагс jimsniy sags', 'гэр ахуй ger akhuy', 'жимс сагс jims sags', 'hv ж 020 hv j 020', 'жимсний сагс гэр ахуй жимс сагс hv ж 020 jimsniy sags ger akhuy jims sags hv j 020', 'жимсний сагс гэр ахуй жимс сагс hv ж 020 jimsnii sags ger akhui jims sags hv j 020');
INSERT INTO product_search_tiered (product_id, native_key, strict_key, basic_key, sku_key) VALUES (20, 'жимсний сагс гэр ахуй жимс сагс hv ж 020', 'jimsniy sags ger akhuy jims sags hv j 020', 'jimsnii jimsniy sags ger ahui ahuy akhui akhuy jims sags hv 020', 'hvж020');
INSERT INTO product_search_resilient (product_id, title_native, brand_native, category_native, tags_native, description_native, title_strict, brand_strict, category_strict, tags_strict, description_strict, title_basic, brand_basic, category_basic, tags_basic, description_basic) VALUES (20, 'жимсний сагс', 'нүүдэл', 'гэр ахуй', 'жимс сагс', 'гэр ахуй зориулсан синтетик туршилтын бүтээгдэхүүн жимс сагс', 'jimsniy sags', 'nueuedel', 'ger akhuy', 'jims sags', 'ger akhuy zoriulsan sintetik turshiltyn bueteegdekhueuen jims sags', 'jimsnii jimsniy sags', 'nuudel nuidel niudel niidel', 'ger ahui ahuy akhui akhuy', 'jims sags', 'ger ahui ahuy akhui akhuy zoriulsan sintetik turshiltyn buteegdehuun buteegdehuin buteegdehiun buteegdehiin buteegdekhuun buteegdekhuin buteegdekhiun buteegdekhiin jims sags');
INSERT OR IGNORE INTO search_terms (term, product_id, field, representation) VALUES ('жимсний', 20, 'title', 'native');
INSERT OR IGNORE INTO search_terms (term, product_id, field, representation) VALUES ('сагс', 20, 'title', 'native');
INSERT OR IGNORE INTO search_terms (term, product_id, field, representation) VALUES ('jimsniy', 20, 'title', 'strict');
INSERT OR IGNORE INTO search_terms (term, product_id, field, representation) VALUES ('sags', 20, 'title', 'strict');
INSERT OR IGNORE INTO search_terms (term, product_id, field, representation) VALUES ('jimsnii', 20, 'title', 'basic');
INSERT OR IGNORE INTO search_terms (term, product_id, field, representation) VALUES ('sags', 20, 'title', 'basic');
INSERT OR IGNORE INTO search_terms (term, product_id, field, representation) VALUES ('нүүдэл', 20, 'brand', 'native');
INSERT OR IGNORE INTO search_terms (term, product_id, field, representation) VALUES ('nueuedel', 20, 'brand', 'strict');
INSERT OR IGNORE INTO search_terms (term, product_id, field, representation) VALUES ('nuudel', 20, 'brand', 'basic');
INSERT OR IGNORE INTO search_terms (term, product_id, field, representation) VALUES ('ахуй', 20, 'category', 'native');
INSERT OR IGNORE INTO search_terms (term, product_id, field, representation) VALUES ('akhuy', 20, 'category', 'strict');
INSERT OR IGNORE INTO search_terms (term, product_id, field, representation) VALUES ('akhui', 20, 'category', 'basic');
INSERT INTO products (id, sku, sku_normalized, name, category, tags, price_mnt, strict_key, basic_key, brand, description, available, merchandising_position) VALUES (21, 'HV-Я-021', 'hvя021', 'Янзын лаа', 'Гэр ахуй', 'лаа, гэрэл', 47000, 'янзын лаа гэр ахуй лаа гэрэл hv я 021 yanzyn laa ger akhuy laa gerel hv ya 021', 'янзын лаа гэр ахуй лаа гэрэл hv я 021 ianzin laa ger akhui laa gerel hv ia 021', 'Талын Од', 'Гэр ахуй зориулсан синтетик туршилтын бүтээгдэхүүн лаа, гэрэл', 1, 21);
INSERT INTO product_search (product_id, name, category, tags, sku, strict_key, basic_key) VALUES (21, 'янзын лаа yanzyn laa', 'гэр ахуй ger akhuy', 'лаа гэрэл laa gerel', 'hv я 021 hv ya 021', 'янзын лаа гэр ахуй лаа гэрэл hv я 021 yanzyn laa ger akhuy laa gerel hv ya 021', 'янзын лаа гэр ахуй лаа гэрэл hv я 021 ianzin laa ger akhui laa gerel hv ia 021');
INSERT INTO product_search_tiered (product_id, native_key, strict_key, basic_key, sku_key) VALUES (21, 'янзын лаа гэр ахуй лаа гэрэл hv я 021', 'yanzyn laa ger akhuy laa gerel hv ya 021', 'yanzyn laa ger ahui ahuy akhui akhuy laa gerel hv 021', 'hvя021');
INSERT INTO product_search_resilient (product_id, title_native, brand_native, category_native, tags_native, description_native, title_strict, brand_strict, category_strict, tags_strict, description_strict, title_basic, brand_basic, category_basic, tags_basic, description_basic) VALUES (21, 'янзын лаа', 'талын од', 'гэр ахуй', 'лаа гэрэл', 'гэр ахуй зориулсан синтетик туршилтын бүтээгдэхүүн лаа гэрэл', 'yanzyn laa', 'talyn od', 'ger akhuy', 'laa gerel', 'ger akhuy zoriulsan sintetik turshiltyn bueteegdekhueuen laa gerel', 'yanzyn laa', 'talyn od', 'ger ahui ahuy akhui akhuy', 'laa gerel', 'ger ahui ahuy akhui akhuy zoriulsan sintetik turshiltyn buteegdehuun buteegdehuin buteegdehiun buteegdehiin buteegdekhuun buteegdekhuin buteegdekhiun buteegdekhiin laa gerel');
INSERT OR IGNORE INTO search_terms (term, product_id, field, representation) VALUES ('янзын', 21, 'title', 'native');
INSERT OR IGNORE INTO search_terms (term, product_id, field, representation) VALUES ('yanzyn', 21, 'title', 'strict');
INSERT OR IGNORE INTO search_terms (term, product_id, field, representation) VALUES ('ianzin', 21, 'title', 'basic');
INSERT OR IGNORE INTO search_terms (term, product_id, field, representation) VALUES ('талын', 21, 'brand', 'native');
INSERT OR IGNORE INTO search_terms (term, product_id, field, representation) VALUES ('talyn', 21, 'brand', 'strict');
INSERT OR IGNORE INTO search_terms (term, product_id, field, representation) VALUES ('talin', 21, 'brand', 'basic');
INSERT OR IGNORE INTO search_terms (term, product_id, field, representation) VALUES ('ахуй', 21, 'category', 'native');
INSERT OR IGNORE INTO search_terms (term, product_id, field, representation) VALUES ('akhuy', 21, 'category', 'strict');
INSERT OR IGNORE INTO search_terms (term, product_id, field, representation) VALUES ('akhui', 21, 'category', 'basic');
INSERT INTO products (id, sku, sku_normalized, name, category, tags, price_mnt, strict_key, basic_key, brand, description, available, merchandising_position) VALUES (22, 'HV-Ю-022', 'hvю022', 'Юмны хайрцаг', 'Гэр ахуй', 'хайрцаг, хадгалалт', 48750, 'юмны хайрцаг гэр ахуй хайрцаг хадгалалт hv ю 022 yumny khayrtsag ger akhuy khayrtsag khadgalalt hv yu 022', 'юмны хайрцаг гэр ахуй хайрцаг хадгалалт hv ю 022 iumni khairtsag ger akhui khairtsag khadgalalt hv iu 022', 'Хөх Тэнгэр', 'Гэр ахуй зориулсан синтетик туршилтын бүтээгдэхүүн хайрцаг, хадгалалт', 1, 22);
INSERT INTO product_search (product_id, name, category, tags, sku, strict_key, basic_key) VALUES (22, 'юмны хайрцаг yumny khayrtsag', 'гэр ахуй ger akhuy', 'хайрцаг хадгалалт khayrtsag khadgalalt', 'hv ю 022 hv yu 022', 'юмны хайрцаг гэр ахуй хайрцаг хадгалалт hv ю 022 yumny khayrtsag ger akhuy khayrtsag khadgalalt hv yu 022', 'юмны хайрцаг гэр ахуй хайрцаг хадгалалт hv ю 022 iumni khairtsag ger akhui khairtsag khadgalalt hv iu 022');
INSERT INTO product_search_tiered (product_id, native_key, strict_key, basic_key, sku_key) VALUES (22, 'юмны хайрцаг гэр ахуй хайрцаг хадгалалт hv ю 022', 'yumny khayrtsag ger akhuy khayrtsag khadgalalt hv yu 022', 'yumny haircag hairtsag hayrcag hayrtsag khaircag khairtsag khayrcag khayrtsag ger ahui ahuy akhui akhuy haircag hairtsag hayrcag hayrtsag khaircag khairtsag khayrcag khayrtsag hadgalalt khadgalalt hv 022', 'hvю022');
INSERT INTO product_search_resilient (product_id, title_native, brand_native, category_native, tags_native, description_native, title_strict, brand_strict, category_strict, tags_strict, description_strict, title_basic, brand_basic, category_basic, tags_basic, description_basic) VALUES (22, 'юмны хайрцаг', 'хөх тэнгэр', 'гэр ахуй', 'хайрцаг хадгалалт', 'гэр ахуй зориулсан синтетик туршилтын бүтээгдэхүүн хайрцаг хадгалалт', 'yumny khayrtsag', 'khoekh tenger', 'ger akhuy', 'khayrtsag khadgalalt', 'ger akhuy zoriulsan sintetik turshiltyn bueteegdekhueuen khayrtsag khadgalalt', 'yumny haircag hairtsag hayrcag hayrtsag khaircag khairtsag khayrcag khayrtsag', 'hoh hokh huh hukh khoh khokh khuh khukh tenger', 'ger ahui ahuy akhui akhuy', 'haircag hairtsag hayrcag hayrtsag khaircag khairtsag khayrcag khayrtsag hadgalalt khadgalalt', 'ger ahui ahuy akhui akhuy zoriulsan sintetik turshiltyn buteegdehuun buteegdehuin buteegdehiun buteegdehiin buteegdekhuun buteegdekhuin buteegdekhiun buteegdekhiin haircag hairtsag hayrcag hayrtsag khaircag khairtsag khayrcag khayrtsag hadgalalt khadgalalt');
INSERT OR IGNORE INTO search_terms (term, product_id, field, representation) VALUES ('юмны', 22, 'title', 'native');
INSERT OR IGNORE INTO search_terms (term, product_id, field, representation) VALUES ('хайрцаг', 22, 'title', 'native');
INSERT OR IGNORE INTO search_terms (term, product_id, field, representation) VALUES ('yumny', 22, 'title', 'strict');
INSERT OR IGNORE INTO search_terms (term, product_id, field, representation) VALUES ('khayrtsag', 22, 'title', 'strict');
INSERT OR IGNORE INTO search_terms (term, product_id, field, representation) VALUES ('iumni', 22, 'title', 'basic');
INSERT OR IGNORE INTO search_terms (term, product_id, field, representation) VALUES ('khairtsag', 22, 'title', 'basic');
INSERT OR IGNORE INTO search_terms (term, product_id, field, representation) VALUES ('тэнгэр', 22, 'brand', 'native');
INSERT OR IGNORE INTO search_terms (term, product_id, field, representation) VALUES ('khoekh', 22, 'brand', 'strict');
INSERT OR IGNORE INTO search_terms (term, product_id, field, representation) VALUES ('tenger', 22, 'brand', 'strict');
INSERT OR IGNORE INTO search_terms (term, product_id, field, representation) VALUES ('khokh', 22, 'brand', 'basic');
INSERT OR IGNORE INTO search_terms (term, product_id, field, representation) VALUES ('tenger', 22, 'brand', 'basic');
INSERT OR IGNORE INTO search_terms (term, product_id, field, representation) VALUES ('ахуй', 22, 'category', 'native');
INSERT OR IGNORE INTO search_terms (term, product_id, field, representation) VALUES ('akhuy', 22, 'category', 'strict');
INSERT OR IGNORE INTO search_terms (term, product_id, field, representation) VALUES ('akhui', 22, 'category', 'basic');
INSERT INTO products (id, sku, sku_normalized, name, category, tags, price_mnt, strict_key, basic_key, brand, description, available, merchandising_position) VALUES (23, 'HV-Н-023', 'hvн023', 'Ногоон цай', 'Хүнс', 'ногоон, цай', 50500, 'ногоон цай хүнс ногоон цай hv н 023 nogoon tsay khüns nogoon tsay hv n 023', 'ногоон цай хүнс ногоон цай hv н 023 nogoon tsai khuns nogoon tsai hv n 023', 'Алтан Өргөө', 'Хүнс зориулсан синтетик туршилтын бүтээгдэхүүн ногоон, цай', 1, 23);
INSERT INTO product_search (product_id, name, category, tags, sku, strict_key, basic_key) VALUES (23, 'ногоон цай nogoon tsay', 'хүнс khüns', 'ногоон цай nogoon tsay', 'hv н 023 hv n 023', 'ногоон цай хүнс ногоон цай hv н 023 nogoon tsay khüns nogoon tsay hv n 023', 'ногоон цай хүнс ногоон цай hv н 023 nogoon tsai khuns nogoon tsai hv n 023');
INSERT INTO product_search_tiered (product_id, native_key, strict_key, basic_key, sku_key) VALUES (23, 'ногоон цай хүнс ногоон цай hv н 023', 'nogoon tsay khuens nogoon tsay hv n 023', 'nogoon cai cay tsai tsay huns hins khuns khins nogoon cai cay tsai tsay hv 023', 'hvн023');
INSERT INTO product_search_resilient (product_id, title_native, brand_native, category_native, tags_native, description_native, title_strict, brand_strict, category_strict, tags_strict, description_strict, title_basic, brand_basic, category_basic, tags_basic, description_basic) VALUES (23, 'ногоон цай', 'алтан өргөө', 'хүнс', 'ногоон цай', 'хүнс зориулсан синтетик туршилтын бүтээгдэхүүн ногоон цай', 'nogoon tsay', 'altan oergoeoe', 'khuens', 'nogoon tsay', 'khuens zoriulsan sintetik turshiltyn bueteegdekhueuen nogoon tsay', 'nogoon cai cay tsai tsay', 'altan orgoo orgou orguo orguu urgoo urgou urguo urguu', 'huns hins khuns khins', 'nogoon cai cay tsai tsay', 'huns hins khuns khins zoriulsan sintetik turshiltyn buteegdehuun buteegdehuin buteegdehiun buteegdehiin buteegdekhuun buteegdekhuin buteegdekhiun buteegdekhiin nogoon cai cay tsai tsay');
INSERT OR IGNORE INTO search_terms (term, product_id, field, representation) VALUES ('ногоон', 23, 'title', 'native');
INSERT OR IGNORE INTO search_terms (term, product_id, field, representation) VALUES ('nogoon', 23, 'title', 'strict');
INSERT OR IGNORE INTO search_terms (term, product_id, field, representation) VALUES ('tsay', 23, 'title', 'strict');
INSERT OR IGNORE INTO search_terms (term, product_id, field, representation) VALUES ('nogoon', 23, 'title', 'basic');
INSERT OR IGNORE INTO search_terms (term, product_id, field, representation) VALUES ('tsai', 23, 'title', 'basic');
INSERT OR IGNORE INTO search_terms (term, product_id, field, representation) VALUES ('алтан', 23, 'brand', 'native');
INSERT OR IGNORE INTO search_terms (term, product_id, field, representation) VALUES ('өргөө', 23, 'brand', 'native');
INSERT OR IGNORE INTO search_terms (term, product_id, field, representation) VALUES ('altan', 23, 'brand', 'strict');
INSERT OR IGNORE INTO search_terms (term, product_id, field, representation) VALUES ('oergoeoe', 23, 'brand', 'strict');
INSERT OR IGNORE INTO search_terms (term, product_id, field, representation) VALUES ('altan', 23, 'brand', 'basic');
INSERT OR IGNORE INTO search_terms (term, product_id, field, representation) VALUES ('orgoo', 23, 'brand', 'basic');
INSERT OR IGNORE INTO search_terms (term, product_id, field, representation) VALUES ('хүнс', 23, 'category', 'native');
INSERT OR IGNORE INTO search_terms (term, product_id, field, representation) VALUES ('khuens', 23, 'category', 'strict');
INSERT OR IGNORE INTO search_terms (term, product_id, field, representation) VALUES ('khuns', 23, 'category', 'basic');
INSERT INTO products (id, sku, sku_normalized, name, category, tags, price_mnt, strict_key, basic_key, brand, description, available, merchandising_position) VALUES (24, 'HV-Ө-024', 'hvө024', 'Өргөст хэмх', 'Хүнс', 'ногоо, өргөст', 52250, 'өргөст хэмх хүнс ногоо өргөст hv ө 024 örgöst khemkh khüns nogoo örgöst hv ö 024', 'өргөст хэмх хүнс ногоо өргөст hv ө 024 orgost khemkh khuns nogoo orgost hv o 024', 'Цагаан Сар', 'Хүнс зориулсан синтетик туршилтын бүтээгдэхүүн ногоо, өргөст', 1, 24);
INSERT INTO product_search (product_id, name, category, tags, sku, strict_key, basic_key) VALUES (24, 'өргөст хэмх örgöst khemkh', 'хүнс khüns', 'ногоо өргөст nogoo örgöst', 'hv ө 024 hv ö 024', 'өргөст хэмх хүнс ногоо өргөст hv ө 024 örgöst khemkh khüns nogoo örgöst hv ö 024', 'өргөст хэмх хүнс ногоо өргөст hv ө 024 orgost khemkh khuns nogoo orgost hv o 024');
INSERT INTO product_search_tiered (product_id, native_key, strict_key, basic_key, sku_key) VALUES (24, 'өргөст хэмх хүнс ногоо өргөст hv ө 024', 'oergoest khemkh khuens nogoo oergoest hv oe 024', 'orgost orgust urgost urgust hemh hemkh khemh khemkh huns hins khuns khins nogoo orgost orgust urgost urgust hv 024', 'hvө024');
INSERT INTO product_search_resilient (product_id, title_native, brand_native, category_native, tags_native, description_native, title_strict, brand_strict, category_strict, tags_strict, description_strict, title_basic, brand_basic, category_basic, tags_basic, description_basic) VALUES (24, 'өргөст хэмх', 'цагаан сар', 'хүнс', 'ногоо өргөст', 'хүнс зориулсан синтетик туршилтын бүтээгдэхүүн ногоо өргөст', 'oergoest khemkh', 'tsagaan sar', 'khuens', 'nogoo oergoest', 'khuens zoriulsan sintetik turshiltyn bueteegdekhueuen nogoo oergoest', 'orgost orgust urgost urgust hemh hemkh khemh khemkh', 'cagaan tsagaan sar', 'huns hins khuns khins', 'nogoo orgost orgust urgost urgust', 'huns hins khuns khins zoriulsan sintetik turshiltyn buteegdehuun buteegdehuin buteegdehiun buteegdehiin buteegdekhuun buteegdekhuin buteegdekhiun buteegdekhiin nogoo orgost orgust urgost urgust');
INSERT OR IGNORE INTO search_terms (term, product_id, field, representation) VALUES ('өргөст', 24, 'title', 'native');
INSERT OR IGNORE INTO search_terms (term, product_id, field, representation) VALUES ('хэмх', 24, 'title', 'native');
INSERT OR IGNORE INTO search_terms (term, product_id, field, representation) VALUES ('oergoest', 24, 'title', 'strict');
INSERT OR IGNORE INTO search_terms (term, product_id, field, representation) VALUES ('khemkh', 24, 'title', 'strict');
INSERT OR IGNORE INTO search_terms (term, product_id, field, representation) VALUES ('orgost', 24, 'title', 'basic');
INSERT OR IGNORE INTO search_terms (term, product_id, field, representation) VALUES ('khemkh', 24, 'title', 'basic');
INSERT OR IGNORE INTO search_terms (term, product_id, field, representation) VALUES ('цагаан', 24, 'brand', 'native');
INSERT OR IGNORE INTO search_terms (term, product_id, field, representation) VALUES ('tsagaan', 24, 'brand', 'strict');
INSERT OR IGNORE INTO search_terms (term, product_id, field, representation) VALUES ('tsagaan', 24, 'brand', 'basic');
INSERT OR IGNORE INTO search_terms (term, product_id, field, representation) VALUES ('хүнс', 24, 'category', 'native');
INSERT OR IGNORE INTO search_terms (term, product_id, field, representation) VALUES ('khuens', 24, 'category', 'strict');
INSERT OR IGNORE INTO search_terms (term, product_id, field, representation) VALUES ('khuns', 24, 'category', 'basic');
INSERT INTO products (id, sku, sku_normalized, name, category, tags, price_mnt, strict_key, basic_key, brand, description, available, merchandising_position) VALUES (25, 'HV-Ү-025', 'hvү025', 'Үхрийн мах', 'Хүнс', 'мах, үхэр', 54000, 'үхрийн мах хүнс мах үхэр hv ү 025 ükhriyn makh khüns makh ükher hv ü 025', 'үхрийн мах хүнс мах үхэр hv ү 025 ukhriin makh khuns makh ukher hv u 025', 'Нүүдэл', 'Хүнс зориулсан синтетик туршилтын бүтээгдэхүүн мах, үхэр', 1, 25);
INSERT INTO product_search (product_id, name, category, tags, sku, strict_key, basic_key) VALUES (25, 'үхрийн мах ükhriyn makh', 'хүнс khüns', 'мах үхэр makh ükher', 'hv ү 025 hv ü 025', 'үхрийн мах хүнс мах үхэр hv ү 025 ükhriyn makh khüns makh ükher hv ü 025', 'үхрийн мах хүнс мах үхэр hv ү 025 ukhriin makh khuns makh ukher hv u 025');
INSERT INTO product_search_tiered (product_id, native_key, strict_key, basic_key, sku_key) VALUES (25, 'үхрийн мах хүнс мах үхэр hv ү 025', 'uekhriyn makh khuens makh uekher hv ue 025', 'uhriin uhriyn ukhriin ukhriyn ihriin ihriyn ikhriin ikhriyn mah makh huns hins khuns khins mah makh uher ukher iher ikher hv 025', 'hvү025');
INSERT INTO product_search_resilient (product_id, title_native, brand_native, category_native, tags_native, description_native, title_strict, brand_strict, category_strict, tags_strict, description_strict, title_basic, brand_basic, category_basic, tags_basic, description_basic) VALUES (25, 'үхрийн мах', 'нүүдэл', 'хүнс', 'мах үхэр', 'хүнс зориулсан синтетик туршилтын бүтээгдэхүүн мах үхэр', 'uekhriyn makh', 'nueuedel', 'khuens', 'makh uekher', 'khuens zoriulsan sintetik turshiltyn bueteegdekhueuen makh uekher', 'uhriin uhriyn ukhriin ukhriyn ihriin ihriyn ikhriin ikhriyn mah makh', 'nuudel nuidel niudel niidel', 'huns hins khuns khins', 'mah makh uher ukher iher ikher', 'huns hins khuns khins zoriulsan sintetik turshiltyn buteegdehuun buteegdehuin buteegdehiun buteegdehiin buteegdekhuun buteegdekhuin buteegdekhiun buteegdekhiin mah makh uher ukher iher ikher');
INSERT OR IGNORE INTO search_terms (term, product_id, field, representation) VALUES ('үхрийн', 25, 'title', 'native');
INSERT OR IGNORE INTO search_terms (term, product_id, field, representation) VALUES ('uekhriyn', 25, 'title', 'strict');
INSERT OR IGNORE INTO search_terms (term, product_id, field, representation) VALUES ('makh', 25, 'title', 'strict');
INSERT OR IGNORE INTO search_terms (term, product_id, field, representation) VALUES ('ukhriin', 25, 'title', 'basic');
INSERT OR IGNORE INTO search_terms (term, product_id, field, representation) VALUES ('makh', 25, 'title', 'basic');
INSERT OR IGNORE INTO search_terms (term, product_id, field, representation) VALUES ('нүүдэл', 25, 'brand', 'native');
INSERT OR IGNORE INTO search_terms (term, product_id, field, representation) VALUES ('nueuedel', 25, 'brand', 'strict');
INSERT OR IGNORE INTO search_terms (term, product_id, field, representation) VALUES ('nuudel', 25, 'brand', 'basic');
INSERT OR IGNORE INTO search_terms (term, product_id, field, representation) VALUES ('хүнс', 25, 'category', 'native');
INSERT OR IGNORE INTO search_terms (term, product_id, field, representation) VALUES ('khuens', 25, 'category', 'strict');
INSERT OR IGNORE INTO search_terms (term, product_id, field, representation) VALUES ('khuns', 25, 'category', 'basic');
INSERT INTO products (id, sku, sku_normalized, name, category, tags, price_mnt, strict_key, basic_key, brand, description, available, merchandising_position) VALUES (26, 'HV-Ё-026', 'hvё026', 'Ёроолын цэвэрлэгч', 'Гэр ахуй', 'цэвэр, ёроол', 55750, 'ёроолын цэвэрлэгч гэр ахуй цэвэр ёроол hv ё 026 yoroolyn tseverlegch ger akhuy tsever yorool hv yo 026', 'ёроолын цэвэрлэгч гэр ахуй цэвэр ёроол hv ё 026 ioroolin tseverlegch ger akhui tsever iorool hv io 026', 'Талын Од', 'Гэр ахуй зориулсан синтетик туршилтын бүтээгдэхүүн цэвэр, ёроол', 0, 26);
INSERT INTO product_search (product_id, name, category, tags, sku, strict_key, basic_key) VALUES (26, 'ёроолын цэвэрлэгч yoroolyn tseverlegch', 'гэр ахуй ger akhuy', 'цэвэр ёроол tsever yorool', 'hv ё 026 hv yo 026', 'ёроолын цэвэрлэгч гэр ахуй цэвэр ёроол hv ё 026 yoroolyn tseverlegch ger akhuy tsever yorool hv yo 026', 'ёроолын цэвэрлэгч гэр ахуй цэвэр ёроол hv ё 026 ioroolin tseverlegch ger akhui tsever iorool hv io 026');
INSERT INTO product_search_tiered (product_id, native_key, strict_key, basic_key, sku_key) VALUES (26, 'ёроолын цэвэрлэгч гэр ахуй цэвэр ёроол hv ё 026', 'yoroolyn tseverlegch ger akhuy tsever yorool hv yo 026', 'yoroolyn eoroolyn ceverlegch tseverlegch ger ahui ahuy akhui akhuy cever tsever yorool eorool hv 026', 'hvё026');
INSERT INTO product_search_resilient (product_id, title_native, brand_native, category_native, tags_native, description_native, title_strict, brand_strict, category_strict, tags_strict, description_strict, title_basic, brand_basic, category_basic, tags_basic, description_basic) VALUES (26, 'ёроолын цэвэрлэгч', 'талын од', 'гэр ахуй', 'цэвэр ёроол', 'гэр ахуй зориулсан синтетик туршилтын бүтээгдэхүүн цэвэр ёроол', 'yoroolyn tseverlegch', 'talyn od', 'ger akhuy', 'tsever yorool', 'ger akhuy zoriulsan sintetik turshiltyn bueteegdekhueuen tsever yorool', 'yoroolyn eoroolyn ceverlegch tseverlegch', 'talyn od', 'ger ahui ahuy akhui akhuy', 'cever tsever yorool eorool', 'ger ahui ahuy akhui akhuy zoriulsan sintetik turshiltyn buteegdehuun buteegdehuin buteegdehiun buteegdehiin buteegdekhuun buteegdekhuin buteegdekhiun buteegdekhiin cever tsever yorool eorool');
INSERT OR IGNORE INTO search_terms (term, product_id, field, representation) VALUES ('ёроолын', 26, 'title', 'native');
INSERT OR IGNORE INTO search_terms (term, product_id, field, representation) VALUES ('цэвэрлэгч', 26, 'title', 'native');
INSERT OR IGNORE INTO search_terms (term, product_id, field, representation) VALUES ('yoroolyn', 26, 'title', 'strict');
INSERT OR IGNORE INTO search_terms (term, product_id, field, representation) VALUES ('tseverlegch', 26, 'title', 'strict');
INSERT OR IGNORE INTO search_terms (term, product_id, field, representation) VALUES ('ioroolin', 26, 'title', 'basic');
INSERT OR IGNORE INTO search_terms (term, product_id, field, representation) VALUES ('tseverlegch', 26, 'title', 'basic');
INSERT OR IGNORE INTO search_terms (term, product_id, field, representation) VALUES ('талын', 26, 'brand', 'native');
INSERT OR IGNORE INTO search_terms (term, product_id, field, representation) VALUES ('talyn', 26, 'brand', 'strict');
INSERT OR IGNORE INTO search_terms (term, product_id, field, representation) VALUES ('talin', 26, 'brand', 'basic');
INSERT OR IGNORE INTO search_terms (term, product_id, field, representation) VALUES ('ахуй', 26, 'category', 'native');
INSERT OR IGNORE INTO search_terms (term, product_id, field, representation) VALUES ('akhuy', 26, 'category', 'strict');
INSERT OR IGNORE INTO search_terms (term, product_id, field, representation) VALUES ('akhui', 26, 'category', 'basic');
INSERT INTO products (id, sku, sku_normalized, name, category, tags, price_mnt, strict_key, basic_key, brand, description, available, merchandising_position) VALUES (27, 'HV-Ц-027', 'hvц027', 'Цэвэр усны сав', 'Гэр ахуй', 'ус, цэвэр', 57500, 'цэвэр усны сав гэр ахуй ус цэвэр hv ц 027 tsever usny sav ger akhuy us tsever hv ts 027', 'цэвэр усны сав гэр ахуй ус цэвэр hv ц 027 tsever usni sav ger akhui us tsever hv ts 027', 'Хөх Тэнгэр', 'Гэр ахуй зориулсан синтетик туршилтын бүтээгдэхүүн ус, цэвэр', 1, 27);
INSERT INTO product_search (product_id, name, category, tags, sku, strict_key, basic_key) VALUES (27, 'цэвэр усны сав tsever usny sav', 'гэр ахуй ger akhuy', 'ус цэвэр us tsever', 'hv ц 027 hv ts 027', 'цэвэр усны сав гэр ахуй ус цэвэр hv ц 027 tsever usny sav ger akhuy us tsever hv ts 027', 'цэвэр усны сав гэр ахуй ус цэвэр hv ц 027 tsever usni sav ger akhui us tsever hv ts 027');
INSERT INTO product_search_tiered (product_id, native_key, strict_key, basic_key, sku_key) VALUES (27, 'цэвэр усны сав гэр ахуй ус цэвэр hv ц 027', 'tsever usny sav ger akhuy us tsever hv ts 027', 'cever tsever usny sav ger ahui ahuy akhui akhuy us cever tsever hv 027', 'hvц027');
INSERT INTO product_search_resilient (product_id, title_native, brand_native, category_native, tags_native, description_native, title_strict, brand_strict, category_strict, tags_strict, description_strict, title_basic, brand_basic, category_basic, tags_basic, description_basic) VALUES (27, 'цэвэр усны сав', 'хөх тэнгэр', 'гэр ахуй', 'ус цэвэр', 'гэр ахуй зориулсан синтетик туршилтын бүтээгдэхүүн ус цэвэр', 'tsever usny sav', 'khoekh tenger', 'ger akhuy', 'us tsever', 'ger akhuy zoriulsan sintetik turshiltyn bueteegdekhueuen us tsever', 'cever tsever usny sav', 'hoh hokh huh hukh khoh khokh khuh khukh tenger', 'ger ahui ahuy akhui akhuy', 'us cever tsever', 'ger ahui ahuy akhui akhuy zoriulsan sintetik turshiltyn buteegdehuun buteegdehuin buteegdehiun buteegdehiin buteegdekhuun buteegdekhuin buteegdekhiun buteegdekhiin us cever tsever');
INSERT OR IGNORE INTO search_terms (term, product_id, field, representation) VALUES ('цэвэр', 27, 'title', 'native');
INSERT OR IGNORE INTO search_terms (term, product_id, field, representation) VALUES ('усны', 27, 'title', 'native');
INSERT OR IGNORE INTO search_terms (term, product_id, field, representation) VALUES ('tsever', 27, 'title', 'strict');
INSERT OR IGNORE INTO search_terms (term, product_id, field, representation) VALUES ('usny', 27, 'title', 'strict');
INSERT OR IGNORE INTO search_terms (term, product_id, field, representation) VALUES ('tsever', 27, 'title', 'basic');
INSERT OR IGNORE INTO search_terms (term, product_id, field, representation) VALUES ('usni', 27, 'title', 'basic');
INSERT OR IGNORE INTO search_terms (term, product_id, field, representation) VALUES ('тэнгэр', 27, 'brand', 'native');
INSERT OR IGNORE INTO search_terms (term, product_id, field, representation) VALUES ('khoekh', 27, 'brand', 'strict');
INSERT OR IGNORE INTO search_terms (term, product_id, field, representation) VALUES ('tenger', 27, 'brand', 'strict');
INSERT OR IGNORE INTO search_terms (term, product_id, field, representation) VALUES ('khokh', 27, 'brand', 'basic');
INSERT OR IGNORE INTO search_terms (term, product_id, field, representation) VALUES ('tenger', 27, 'brand', 'basic');
INSERT OR IGNORE INTO search_terms (term, product_id, field, representation) VALUES ('ахуй', 27, 'category', 'native');
INSERT OR IGNORE INTO search_terms (term, product_id, field, representation) VALUES ('akhuy', 27, 'category', 'strict');
INSERT OR IGNORE INTO search_terms (term, product_id, field, representation) VALUES ('akhui', 27, 'category', 'basic');
INSERT INTO products (id, sku, sku_normalized, name, category, tags, price_mnt, strict_key, basic_key, brand, description, available, merchandising_position) VALUES (28, 'HV-Ч-028', 'hvч028', 'Чихэрлэг жимс', 'Хүнс', 'чихэр, жимс', 59250, 'чихэрлэг жимс хүнс чихэр жимс hv ч 028 chikherleg jims khüns chikher jims hv ch 028', 'чихэрлэг жимс хүнс чихэр жимс hv ч 028 chikherleg jims khuns chikher jims hv ch 028', 'Алтан Өргөө', 'Хүнс зориулсан синтетик туршилтын бүтээгдэхүүн чихэр, жимс', 1, 28);
INSERT INTO product_search (product_id, name, category, tags, sku, strict_key, basic_key) VALUES (28, 'чихэрлэг жимс chikherleg jims', 'хүнс khüns', 'чихэр жимс chikher jims', 'hv ч 028 hv ch 028', 'чихэрлэг жимс хүнс чихэр жимс hv ч 028 chikherleg jims khüns chikher jims hv ch 028', 'чихэрлэг жимс хүнс чихэр жимс hv ч 028 chikherleg jims khuns chikher jims hv ch 028');
INSERT INTO product_search_tiered (product_id, native_key, strict_key, basic_key, sku_key) VALUES (28, 'чихэрлэг жимс хүнс чихэр жимс hv ч 028', 'chikherleg jims khuens chikher jims hv ch 028', 'chiherleg chikherleg jims huns hins khuns khins chiher chikher jims hv 028', 'hvч028');
INSERT INTO product_search_resilient (product_id, title_native, brand_native, category_native, tags_native, description_native, title_strict, brand_strict, category_strict, tags_strict, description_strict, title_basic, brand_basic, category_basic, tags_basic, description_basic) VALUES (28, 'чихэрлэг жимс', 'алтан өргөө', 'хүнс', 'чихэр жимс', 'хүнс зориулсан синтетик туршилтын бүтээгдэхүүн чихэр жимс', 'chikherleg jims', 'altan oergoeoe', 'khuens', 'chikher jims', 'khuens zoriulsan sintetik turshiltyn bueteegdekhueuen chikher jims', 'chiherleg chikherleg jims', 'altan orgoo orgou orguo orguu urgoo urgou urguo urguu', 'huns hins khuns khins', 'chiher chikher jims', 'huns hins khuns khins zoriulsan sintetik turshiltyn buteegdehuun buteegdehuin buteegdehiun buteegdehiin buteegdekhuun buteegdekhuin buteegdekhiun buteegdekhiin chiher chikher jims');
INSERT OR IGNORE INTO search_terms (term, product_id, field, representation) VALUES ('чихэрлэг', 28, 'title', 'native');
INSERT OR IGNORE INTO search_terms (term, product_id, field, representation) VALUES ('жимс', 28, 'title', 'native');
INSERT OR IGNORE INTO search_terms (term, product_id, field, representation) VALUES ('chikherleg', 28, 'title', 'strict');
INSERT OR IGNORE INTO search_terms (term, product_id, field, representation) VALUES ('jims', 28, 'title', 'strict');
INSERT OR IGNORE INTO search_terms (term, product_id, field, representation) VALUES ('chikherleg', 28, 'title', 'basic');
INSERT OR IGNORE INTO search_terms (term, product_id, field, representation) VALUES ('jims', 28, 'title', 'basic');
INSERT OR IGNORE INTO search_terms (term, product_id, field, representation) VALUES ('алтан', 28, 'brand', 'native');
INSERT OR IGNORE INTO search_terms (term, product_id, field, representation) VALUES ('өргөө', 28, 'brand', 'native');
INSERT OR IGNORE INTO search_terms (term, product_id, field, representation) VALUES ('altan', 28, 'brand', 'strict');
INSERT OR IGNORE INTO search_terms (term, product_id, field, representation) VALUES ('oergoeoe', 28, 'brand', 'strict');
INSERT OR IGNORE INTO search_terms (term, product_id, field, representation) VALUES ('altan', 28, 'brand', 'basic');
INSERT OR IGNORE INTO search_terms (term, product_id, field, representation) VALUES ('orgoo', 28, 'brand', 'basic');
INSERT OR IGNORE INTO search_terms (term, product_id, field, representation) VALUES ('хүнс', 28, 'category', 'native');
INSERT OR IGNORE INTO search_terms (term, product_id, field, representation) VALUES ('khuens', 28, 'category', 'strict');
INSERT OR IGNORE INTO search_terms (term, product_id, field, representation) VALUES ('khuns', 28, 'category', 'basic');
INSERT INTO products (id, sku, sku_normalized, name, category, tags, price_mnt, strict_key, basic_key, brand, description, available, merchandising_position) VALUES (29, 'HV-Ш-029', 'hvш029', 'Шарсан кофе', 'Хүнс', 'кофе, шарсан', 61000, 'шарсан кофе хүнс кофе шарсан hv ш 029 sharsan kofe khüns kofe sharsan hv sh 029', 'шарсан кофе хүнс кофе шарсан hv ш 029 sharsan kofe khuns kofe sharsan hv sh 029', 'Цагаан Сар', 'Хүнс зориулсан синтетик туршилтын бүтээгдэхүүн кофе, шарсан', 1, 29);
INSERT INTO product_search (product_id, name, category, tags, sku, strict_key, basic_key) VALUES (29, 'шарсан кофе sharsan kofe', 'хүнс khüns', 'кофе шарсан kofe sharsan', 'hv ш 029 hv sh 029', 'шарсан кофе хүнс кофе шарсан hv ш 029 sharsan kofe khüns kofe sharsan hv sh 029', 'шарсан кофе хүнс кофе шарсан hv ш 029 sharsan kofe khuns kofe sharsan hv sh 029');
INSERT INTO product_search_tiered (product_id, native_key, strict_key, basic_key, sku_key) VALUES (29, 'шарсан кофе хүнс кофе шарсан hv ш 029', 'sharsan kofe khuens kofe sharsan hv sh 029', 'sharsan kofe huns hins khuns khins kofe sharsan hv 029', 'hvш029');
INSERT INTO product_search_resilient (product_id, title_native, brand_native, category_native, tags_native, description_native, title_strict, brand_strict, category_strict, tags_strict, description_strict, title_basic, brand_basic, category_basic, tags_basic, description_basic) VALUES (29, 'шарсан кофе', 'цагаан сар', 'хүнс', 'кофе шарсан', 'хүнс зориулсан синтетик туршилтын бүтээгдэхүүн кофе шарсан', 'sharsan kofe', 'tsagaan sar', 'khuens', 'kofe sharsan', 'khuens zoriulsan sintetik turshiltyn bueteegdekhueuen kofe sharsan', 'sharsan kofe', 'cagaan tsagaan sar', 'huns hins khuns khins', 'kofe sharsan', 'huns hins khuns khins zoriulsan sintetik turshiltyn buteegdehuun buteegdehuin buteegdehiun buteegdehiin buteegdekhuun buteegdekhuin buteegdekhiun buteegdekhiin kofe sharsan');
INSERT OR IGNORE INTO search_terms (term, product_id, field, representation) VALUES ('шарсан', 29, 'title', 'native');
INSERT OR IGNORE INTO search_terms (term, product_id, field, representation) VALUES ('кофе', 29, 'title', 'native');
INSERT OR IGNORE INTO search_terms (term, product_id, field, representation) VALUES ('sharsan', 29, 'title', 'strict');
INSERT OR IGNORE INTO search_terms (term, product_id, field, representation) VALUES ('kofe', 29, 'title', 'strict');
INSERT OR IGNORE INTO search_terms (term, product_id, field, representation) VALUES ('sharsan', 29, 'title', 'basic');
INSERT OR IGNORE INTO search_terms (term, product_id, field, representation) VALUES ('kofe', 29, 'title', 'basic');
INSERT OR IGNORE INTO search_terms (term, product_id, field, representation) VALUES ('цагаан', 29, 'brand', 'native');
INSERT OR IGNORE INTO search_terms (term, product_id, field, representation) VALUES ('tsagaan', 29, 'brand', 'strict');
INSERT OR IGNORE INTO search_terms (term, product_id, field, representation) VALUES ('tsagaan', 29, 'brand', 'basic');
INSERT OR IGNORE INTO search_terms (term, product_id, field, representation) VALUES ('хүнс', 29, 'category', 'native');
INSERT OR IGNORE INTO search_terms (term, product_id, field, representation) VALUES ('khuens', 29, 'category', 'strict');
INSERT OR IGNORE INTO search_terms (term, product_id, field, representation) VALUES ('khuns', 29, 'category', 'basic');
INSERT INTO products (id, sku, sku_normalized, name, category, tags, price_mnt, strict_key, basic_key, brand, description, available, merchandising_position) VALUES (30, 'HV-Ж-030', 'hvж030', 'Жимсний цай', 'Хүнс', 'жимс, цай', 62750, 'жимсний цай хүнс жимс цай hv ж 030 jimsniy tsay khüns jims tsay hv j 030', 'жимсний цай хүнс жимс цай hv ж 030 jimsnii tsai khuns jims tsai hv j 030', 'Нүүдэл', 'Хүнс зориулсан синтетик туршилтын бүтээгдэхүүн жимс, цай', 1, 30);
INSERT INTO product_search (product_id, name, category, tags, sku, strict_key, basic_key) VALUES (30, 'жимсний цай jimsniy tsay', 'хүнс khüns', 'жимс цай jims tsay', 'hv ж 030 hv j 030', 'жимсний цай хүнс жимс цай hv ж 030 jimsniy tsay khüns jims tsay hv j 030', 'жимсний цай хүнс жимс цай hv ж 030 jimsnii tsai khuns jims tsai hv j 030');
INSERT INTO product_search_tiered (product_id, native_key, strict_key, basic_key, sku_key) VALUES (30, 'жимсний цай хүнс жимс цай hv ж 030', 'jimsniy tsay khuens jims tsay hv j 030', 'jimsnii jimsniy cai cay tsai tsay huns hins khuns khins jims cai cay tsai tsay hv 030', 'hvж030');
INSERT INTO product_search_resilient (product_id, title_native, brand_native, category_native, tags_native, description_native, title_strict, brand_strict, category_strict, tags_strict, description_strict, title_basic, brand_basic, category_basic, tags_basic, description_basic) VALUES (30, 'жимсний цай', 'нүүдэл', 'хүнс', 'жимс цай', 'хүнс зориулсан синтетик туршилтын бүтээгдэхүүн жимс цай', 'jimsniy tsay', 'nueuedel', 'khuens', 'jims tsay', 'khuens zoriulsan sintetik turshiltyn bueteegdekhueuen jims tsay', 'jimsnii jimsniy cai cay tsai tsay', 'nuudel nuidel niudel niidel', 'huns hins khuns khins', 'jims cai cay tsai tsay', 'huns hins khuns khins zoriulsan sintetik turshiltyn buteegdehuun buteegdehuin buteegdehiun buteegdehiin buteegdekhuun buteegdekhuin buteegdekhiun buteegdekhiin jims cai cay tsai tsay');
INSERT OR IGNORE INTO search_terms (term, product_id, field, representation) VALUES ('жимсний', 30, 'title', 'native');
INSERT OR IGNORE INTO search_terms (term, product_id, field, representation) VALUES ('jimsniy', 30, 'title', 'strict');
INSERT OR IGNORE INTO search_terms (term, product_id, field, representation) VALUES ('tsay', 30, 'title', 'strict');
INSERT OR IGNORE INTO search_terms (term, product_id, field, representation) VALUES ('jimsnii', 30, 'title', 'basic');
INSERT OR IGNORE INTO search_terms (term, product_id, field, representation) VALUES ('tsai', 30, 'title', 'basic');
INSERT OR IGNORE INTO search_terms (term, product_id, field, representation) VALUES ('нүүдэл', 30, 'brand', 'native');
INSERT OR IGNORE INTO search_terms (term, product_id, field, representation) VALUES ('nueuedel', 30, 'brand', 'strict');
INSERT OR IGNORE INTO search_terms (term, product_id, field, representation) VALUES ('nuudel', 30, 'brand', 'basic');
INSERT OR IGNORE INTO search_terms (term, product_id, field, representation) VALUES ('хүнс', 30, 'category', 'native');
INSERT OR IGNORE INTO search_terms (term, product_id, field, representation) VALUES ('khuens', 30, 'category', 'strict');
INSERT OR IGNORE INTO search_terms (term, product_id, field, representation) VALUES ('khuns', 30, 'category', 'basic');
INSERT INTO products (id, sku, sku_normalized, name, category, tags, price_mnt, strict_key, basic_key, brand, description, available, merchandising_position) VALUES (31, 'HV-Я-031', 'hvя031', 'Яргай загас', 'Хүнс', 'загас, яргай', 64500, 'яргай загас хүнс загас яргай hv я 031 yargay zagas khüns zagas yargay hv ya 031', 'яргай загас хүнс загас яргай hv я 031 iargai zagas khuns zagas iargai hv ia 031', 'Талын Од', 'Хүнс зориулсан синтетик туршилтын бүтээгдэхүүн загас, яргай', 1, 31);
INSERT INTO product_search (product_id, name, category, tags, sku, strict_key, basic_key) VALUES (31, 'яргай загас yargay zagas', 'хүнс khüns', 'загас яргай zagas yargay', 'hv я 031 hv ya 031', 'яргай загас хүнс загас яргай hv я 031 yargay zagas khüns zagas yargay hv ya 031', 'яргай загас хүнс загас яргай hv я 031 iargai zagas khuns zagas iargai hv ia 031');
INSERT INTO product_search_tiered (product_id, native_key, strict_key, basic_key, sku_key) VALUES (31, 'яргай загас хүнс загас яргай hv я 031', 'yargay zagas khuens zagas yargay hv ya 031', 'yargai yargay zagas huns hins khuns khins zagas yargai yargay hv 031', 'hvя031');
INSERT INTO product_search_resilient (product_id, title_native, brand_native, category_native, tags_native, description_native, title_strict, brand_strict, category_strict, tags_strict, description_strict, title_basic, brand_basic, category_basic, tags_basic, description_basic) VALUES (31, 'яргай загас', 'талын од', 'хүнс', 'загас яргай', 'хүнс зориулсан синтетик туршилтын бүтээгдэхүүн загас яргай', 'yargay zagas', 'talyn od', 'khuens', 'zagas yargay', 'khuens zoriulsan sintetik turshiltyn bueteegdekhueuen zagas yargay', 'yargai yargay zagas', 'talyn od', 'huns hins khuns khins', 'zagas yargai yargay', 'huns hins khuns khins zoriulsan sintetik turshiltyn buteegdehuun buteegdehuin buteegdehiun buteegdehiin buteegdekhuun buteegdekhuin buteegdekhiun buteegdekhiin zagas yargai yargay');
INSERT OR IGNORE INTO search_terms (term, product_id, field, representation) VALUES ('яргай', 31, 'title', 'native');
INSERT OR IGNORE INTO search_terms (term, product_id, field, representation) VALUES ('загас', 31, 'title', 'native');
INSERT OR IGNORE INTO search_terms (term, product_id, field, representation) VALUES ('yargay', 31, 'title', 'strict');
INSERT OR IGNORE INTO search_terms (term, product_id, field, representation) VALUES ('zagas', 31, 'title', 'strict');
INSERT OR IGNORE INTO search_terms (term, product_id, field, representation) VALUES ('iargai', 31, 'title', 'basic');
INSERT OR IGNORE INTO search_terms (term, product_id, field, representation) VALUES ('zagas', 31, 'title', 'basic');
INSERT OR IGNORE INTO search_terms (term, product_id, field, representation) VALUES ('талын', 31, 'brand', 'native');
INSERT OR IGNORE INTO search_terms (term, product_id, field, representation) VALUES ('talyn', 31, 'brand', 'strict');
INSERT OR IGNORE INTO search_terms (term, product_id, field, representation) VALUES ('talin', 31, 'brand', 'basic');
INSERT OR IGNORE INTO search_terms (term, product_id, field, representation) VALUES ('хүнс', 31, 'category', 'native');
INSERT OR IGNORE INTO search_terms (term, product_id, field, representation) VALUES ('khuens', 31, 'category', 'strict');
INSERT OR IGNORE INTO search_terms (term, product_id, field, representation) VALUES ('khuns', 31, 'category', 'basic');
INSERT INTO products (id, sku, sku_normalized, name, category, tags, price_mnt, strict_key, basic_key, brand, description, available, merchandising_position) VALUES (32, 'HV-Ю-032', 'hvю032', 'Юүлүүр гал тогоо', 'Гэр ахуй', 'гал тогоо, юүлүүр', 66250, 'юүлүүр гал тогоо гэр ахуй гал тогоо юүлүүр hv ю 032 yuülüür gal togoo ger akhuy gal togoo yuülüür hv yu 032', 'юүлүүр гал тогоо гэр ахуй гал тогоо юүлүүр hv ю 032 iuuluur gal togoo ger akhui gal togoo iuuluur hv iu 032', 'Хөх Тэнгэр', 'Гэр ахуй зориулсан синтетик туршилтын бүтээгдэхүүн гал тогоо, юүлүүр', 1, 32);
INSERT INTO product_search (product_id, name, category, tags, sku, strict_key, basic_key) VALUES (32, 'юүлүүр гал тогоо yuülüür gal togoo', 'гэр ахуй ger akhuy', 'гал тогоо юүлүүр gal togoo yuülüür', 'hv ю 032 hv yu 032', 'юүлүүр гал тогоо гэр ахуй гал тогоо юүлүүр hv ю 032 yuülüür gal togoo ger akhuy gal togoo yuülüür hv yu 032', 'юүлүүр гал тогоо гэр ахуй гал тогоо юүлүүр hv ю 032 iuuluur gal togoo ger akhui gal togoo iuuluur hv iu 032');
INSERT INTO product_search_tiered (product_id, native_key, strict_key, basic_key, sku_key) VALUES (32, 'юүлүүр гал тогоо гэр ахуй гал тогоо юүлүүр hv ю 032', 'yuuelueuer gal togoo ger akhuy gal togoo yuuelueuer hv yu 032', 'yuuluur yuuluir yuuliur yuuliir yuiluur yuiluir yuiliur yuiliir gal togoo ger ahui ahuy akhui akhuy gal togoo yuuluur yuuluir yuuliur yuuliir yuiluur yuiluir yuiliur yuiliir hv 032', 'hvю032');
INSERT INTO product_search_resilient (product_id, title_native, brand_native, category_native, tags_native, description_native, title_strict, brand_strict, category_strict, tags_strict, description_strict, title_basic, brand_basic, category_basic, tags_basic, description_basic) VALUES (32, 'юүлүүр гал тогоо', 'хөх тэнгэр', 'гэр ахуй', 'гал тогоо юүлүүр', 'гэр ахуй зориулсан синтетик туршилтын бүтээгдэхүүн гал тогоо юүлүүр', 'yuuelueuer gal togoo', 'khoekh tenger', 'ger akhuy', 'gal togoo yuuelueuer', 'ger akhuy zoriulsan sintetik turshiltyn bueteegdekhueuen gal togoo yuuelueuer', 'yuuluur yuuluir yuuliur yuuliir yuiluur yuiluir yuiliur yuiliir gal togoo', 'hoh hokh huh hukh khoh khokh khuh khukh tenger', 'ger ahui ahuy akhui akhuy', 'gal togoo yuuluur yuuluir yuuliur yuuliir yuiluur yuiluir yuiliur yuiliir', 'ger ahui ahuy akhui akhuy zoriulsan sintetik turshiltyn buteegdehuun buteegdehuin buteegdehiun buteegdehiin buteegdekhuun buteegdekhuin buteegdekhiun buteegdekhiin gal togoo yuuluur yuuluir yuuliur yuuliir yuiluur yuiluir yuiliur yuiliir');
INSERT OR IGNORE INTO search_terms (term, product_id, field, representation) VALUES ('юүлүүр', 32, 'title', 'native');
INSERT OR IGNORE INTO search_terms (term, product_id, field, representation) VALUES ('тогоо', 32, 'title', 'native');
INSERT OR IGNORE INTO search_terms (term, product_id, field, representation) VALUES ('yuuelueuer', 32, 'title', 'strict');
INSERT OR IGNORE INTO search_terms (term, product_id, field, representation) VALUES ('togoo', 32, 'title', 'strict');
INSERT OR IGNORE INTO search_terms (term, product_id, field, representation) VALUES ('iuuluur', 32, 'title', 'basic');
INSERT OR IGNORE INTO search_terms (term, product_id, field, representation) VALUES ('togoo', 32, 'title', 'basic');
INSERT OR IGNORE INTO search_terms (term, product_id, field, representation) VALUES ('тэнгэр', 32, 'brand', 'native');
INSERT OR IGNORE INTO search_terms (term, product_id, field, representation) VALUES ('khoekh', 32, 'brand', 'strict');
INSERT OR IGNORE INTO search_terms (term, product_id, field, representation) VALUES ('tenger', 32, 'brand', 'strict');
INSERT OR IGNORE INTO search_terms (term, product_id, field, representation) VALUES ('khokh', 32, 'brand', 'basic');
INSERT OR IGNORE INTO search_terms (term, product_id, field, representation) VALUES ('tenger', 32, 'brand', 'basic');
INSERT OR IGNORE INTO search_terms (term, product_id, field, representation) VALUES ('ахуй', 32, 'category', 'native');
INSERT OR IGNORE INTO search_terms (term, product_id, field, representation) VALUES ('akhuy', 32, 'category', 'strict');
INSERT OR IGNORE INTO search_terms (term, product_id, field, representation) VALUES ('akhui', 32, 'category', 'basic');
INSERT INTO products (id, sku, sku_normalized, name, category, tags, price_mnt, strict_key, basic_key, brand, description, available, merchandising_position) VALUES (33, 'HV-Ө-033', 'hvө033', 'Ноосон-цамц', 'Хувцас', 'ноос, цамц', 68000, 'ноосон цамц хувцас ноос цамц hv ө 033 nooson tsamts khuvtsas noos tsamts hv ö 033', 'ноосон цамц хувцас ноос цамц hv ө 033 nooson tsamts khuvtsas noos tsamts hv o 033', 'Алтан Өргөө', 'Хувцас зориулсан синтетик туршилтын бүтээгдэхүүн ноос, цамц', 0, 33);
INSERT INTO product_search (product_id, name, category, tags, sku, strict_key, basic_key) VALUES (33, 'ноосон цамц nooson tsamts', 'хувцас khuvtsas', 'ноос цамц noos tsamts', 'hv ө 033 hv ö 033', 'ноосон цамц хувцас ноос цамц hv ө 033 nooson tsamts khuvtsas noos tsamts hv ö 033', 'ноосон цамц хувцас ноос цамц hv ө 033 nooson tsamts khuvtsas noos tsamts hv o 033');
INSERT INTO product_search_tiered (product_id, native_key, strict_key, basic_key, sku_key) VALUES (33, 'ноосон цамц хувцас ноос цамц hv ө 033', 'nooson tsamts khuvtsas noos tsamts hv oe 033', 'nooson camc camts tsamc tsamts huvcas huvtsas khuvcas khuvtsas noos camc camts tsamc tsamts hv 033', 'hvө033');
INSERT INTO product_search_resilient (product_id, title_native, brand_native, category_native, tags_native, description_native, title_strict, brand_strict, category_strict, tags_strict, description_strict, title_basic, brand_basic, category_basic, tags_basic, description_basic) VALUES (33, 'ноосон цамц', 'алтан өргөө', 'хувцас', 'ноос цамц', 'хувцас зориулсан синтетик туршилтын бүтээгдэхүүн ноос цамц', 'nooson tsamts', 'altan oergoeoe', 'khuvtsas', 'noos tsamts', 'khuvtsas zoriulsan sintetik turshiltyn bueteegdekhueuen noos tsamts', 'nooson camc camts tsamc tsamts', 'altan orgoo orgou orguo orguu urgoo urgou urguo urguu', 'huvcas huvtsas khuvcas khuvtsas', 'noos camc camts tsamc tsamts', 'huvcas huvtsas khuvcas khuvtsas zoriulsan sintetik turshiltyn buteegdehuun buteegdehuin buteegdehiun buteegdehiin buteegdekhuun buteegdekhuin buteegdekhiun buteegdekhiin noos camc camts tsamc tsamts');
INSERT OR IGNORE INTO search_terms (term, product_id, field, representation) VALUES ('ноосон', 33, 'title', 'native');
INSERT OR IGNORE INTO search_terms (term, product_id, field, representation) VALUES ('цамц', 33, 'title', 'native');
INSERT OR IGNORE INTO search_terms (term, product_id, field, representation) VALUES ('nooson', 33, 'title', 'strict');
INSERT OR IGNORE INTO search_terms (term, product_id, field, representation) VALUES ('tsamts', 33, 'title', 'strict');
INSERT OR IGNORE INTO search_terms (term, product_id, field, representation) VALUES ('nooson', 33, 'title', 'basic');
INSERT OR IGNORE INTO search_terms (term, product_id, field, representation) VALUES ('tsamts', 33, 'title', 'basic');
INSERT OR IGNORE INTO search_terms (term, product_id, field, representation) VALUES ('алтан', 33, 'brand', 'native');
INSERT OR IGNORE INTO search_terms (term, product_id, field, representation) VALUES ('өргөө', 33, 'brand', 'native');
INSERT OR IGNORE INTO search_terms (term, product_id, field, representation) VALUES ('altan', 33, 'brand', 'strict');
INSERT OR IGNORE INTO search_terms (term, product_id, field, representation) VALUES ('oergoeoe', 33, 'brand', 'strict');
INSERT OR IGNORE INTO search_terms (term, product_id, field, representation) VALUES ('altan', 33, 'brand', 'basic');
INSERT OR IGNORE INTO search_terms (term, product_id, field, representation) VALUES ('orgoo', 33, 'brand', 'basic');
INSERT OR IGNORE INTO search_terms (term, product_id, field, representation) VALUES ('хувцас', 33, 'category', 'native');
INSERT OR IGNORE INTO search_terms (term, product_id, field, representation) VALUES ('khuvtsas', 33, 'category', 'strict');
INSERT OR IGNORE INTO search_terms (term, product_id, field, representation) VALUES ('khuvtsas', 33, 'category', 'basic');
INSERT INTO products (id, sku, sku_normalized, name, category, tags, price_mnt, strict_key, basic_key, brand, description, available, merchandising_position) VALUES (34, 'HV-Ө-034', 'hvө034', 'Өргөн мөртэй цүнх', 'Цүнх', 'өргөн, мөр', 69750, 'өргөн мөртэй цүнх цүнх өргөн мөр hv ө 034 örgön mörtey tsünkh tsünkh örgön mör hv ö 034', 'өргөн мөртэй цүнх цүнх өргөн мөр hv ө 034 orgon mortei tsunkh tsunkh orgon mor hv o 034', 'Цагаан Сар', 'Цүнх зориулсан синтетик туршилтын бүтээгдэхүүн өргөн, мөр', 1, 34);
INSERT INTO product_search (product_id, name, category, tags, sku, strict_key, basic_key) VALUES (34, 'өргөн мөртэй цүнх örgön mörtey tsünkh', 'цүнх tsünkh', 'өргөн мөр örgön mör', 'hv ө 034 hv ö 034', 'өргөн мөртэй цүнх цүнх өргөн мөр hv ө 034 örgön mörtey tsünkh tsünkh örgön mör hv ö 034', 'өргөн мөртэй цүнх цүнх өргөн мөр hv ө 034 orgon mortei tsunkh tsunkh orgon mor hv o 034');
INSERT INTO product_search_tiered (product_id, native_key, strict_key, basic_key, sku_key) VALUES (34, 'өргөн мөртэй цүнх цүнх өргөн мөр hv ө 034', 'oergoen moertey tsuenkh tsuenkh oergoen moer hv oe 034', 'orgon orgun urgon urgun mortei mortey murtei murtey cunh cunkh cinh cinkh tsunh tsunkh tsinh tsinkh cunh cunkh cinh cinkh tsunh tsunkh tsinh tsinkh orgon orgun urgon urgun mor mur hv 034', 'hvө034');
INSERT INTO product_search_resilient (product_id, title_native, brand_native, category_native, tags_native, description_native, title_strict, brand_strict, category_strict, tags_strict, description_strict, title_basic, brand_basic, category_basic, tags_basic, description_basic) VALUES (34, 'өргөн мөртэй цүнх', 'цагаан сар', 'цүнх', 'өргөн мөр', 'цүнх зориулсан синтетик туршилтын бүтээгдэхүүн өргөн мөр', 'oergoen moertey tsuenkh', 'tsagaan sar', 'tsuenkh', 'oergoen moer', 'tsuenkh zoriulsan sintetik turshiltyn bueteegdekhueuen oergoen moer', 'orgon orgun urgon urgun mortei mortey murtei murtey cunh cunkh cinh cinkh tsunh tsunkh tsinh tsinkh', 'cagaan tsagaan sar', 'cunh cunkh cinh cinkh tsunh tsunkh tsinh tsinkh', 'orgon orgun urgon urgun mor mur', 'cunh cunkh cinh cinkh tsunh tsunkh tsinh tsinkh zoriulsan sintetik turshiltyn buteegdehuun buteegdehuin buteegdehiun buteegdehiin buteegdekhuun buteegdekhuin buteegdekhiun buteegdekhiin orgon orgun urgon urgun mor mur');
INSERT OR IGNORE INTO search_terms (term, product_id, field, representation) VALUES ('өргөн', 34, 'title', 'native');
INSERT OR IGNORE INTO search_terms (term, product_id, field, representation) VALUES ('мөртэй', 34, 'title', 'native');
INSERT OR IGNORE INTO search_terms (term, product_id, field, representation) VALUES ('цүнх', 34, 'title', 'native');
INSERT OR IGNORE INTO search_terms (term, product_id, field, representation) VALUES ('oergoen', 34, 'title', 'strict');
INSERT OR IGNORE INTO search_terms (term, product_id, field, representation) VALUES ('moertey', 34, 'title', 'strict');
INSERT OR IGNORE INTO search_terms (term, product_id, field, representation) VALUES ('tsuenkh', 34, 'title', 'strict');
INSERT OR IGNORE INTO search_terms (term, product_id, field, representation) VALUES ('orgon', 34, 'title', 'basic');
INSERT OR IGNORE INTO search_terms (term, product_id, field, representation) VALUES ('mortei', 34, 'title', 'basic');
INSERT OR IGNORE INTO search_terms (term, product_id, field, representation) VALUES ('tsunkh', 34, 'title', 'basic');
INSERT OR IGNORE INTO search_terms (term, product_id, field, representation) VALUES ('цагаан', 34, 'brand', 'native');
INSERT OR IGNORE INTO search_terms (term, product_id, field, representation) VALUES ('tsagaan', 34, 'brand', 'strict');
INSERT OR IGNORE INTO search_terms (term, product_id, field, representation) VALUES ('tsagaan', 34, 'brand', 'basic');
INSERT OR IGNORE INTO search_terms (term, product_id, field, representation) VALUES ('цүнх', 34, 'category', 'native');
INSERT OR IGNORE INTO search_terms (term, product_id, field, representation) VALUES ('tsuenkh', 34, 'category', 'strict');
INSERT OR IGNORE INTO search_terms (term, product_id, field, representation) VALUES ('tsunkh', 34, 'category', 'basic');
INSERT INTO products (id, sku, sku_normalized, name, category, tags, price_mnt, strict_key, basic_key, brand, description, available, merchandising_position) VALUES (35, 'HV-Ү-035', 'hvү035', 'Үзэгний сав', 'Бичиг хэрэг', 'үзэг, сав', 71500, 'үзэгний сав бичиг хэрэг үзэг сав hv ү 035 üzegniy sav bichig khereg üzeg sav hv ü 035', 'үзэгний сав бичиг хэрэг үзэг сав hv ү 035 uzegnii sav bichig khereg uzeg sav hv u 035', 'Нүүдэл', 'Бичиг хэрэг зориулсан синтетик туршилтын бүтээгдэхүүн үзэг, сав', 1, 35);
INSERT INTO product_search (product_id, name, category, tags, sku, strict_key, basic_key) VALUES (35, 'үзэгний сав üzegniy sav', 'бичиг хэрэг bichig khereg', 'үзэг сав üzeg sav', 'hv ү 035 hv ü 035', 'үзэгний сав бичиг хэрэг үзэг сав hv ү 035 üzegniy sav bichig khereg üzeg sav hv ü 035', 'үзэгний сав бичиг хэрэг үзэг сав hv ү 035 uzegnii sav bichig khereg uzeg sav hv u 035');
INSERT INTO product_search_tiered (product_id, native_key, strict_key, basic_key, sku_key) VALUES (35, 'үзэгний сав бичиг хэрэг үзэг сав hv ү 035', 'uezegniy sav bichig khereg uezeg sav hv ue 035', 'uzegnii uzegniy izegnii izegniy sav bichig hereg khereg uzeg izeg sav hv 035', 'hvү035');
INSERT INTO product_search_resilient (product_id, title_native, brand_native, category_native, tags_native, description_native, title_strict, brand_strict, category_strict, tags_strict, description_strict, title_basic, brand_basic, category_basic, tags_basic, description_basic) VALUES (35, 'үзэгний сав', 'нүүдэл', 'бичиг хэрэг', 'үзэг сав', 'бичиг хэрэг зориулсан синтетик туршилтын бүтээгдэхүүн үзэг сав', 'uezegniy sav', 'nueuedel', 'bichig khereg', 'uezeg sav', 'bichig khereg zoriulsan sintetik turshiltyn bueteegdekhueuen uezeg sav', 'uzegnii uzegniy izegnii izegniy sav', 'nuudel nuidel niudel niidel', 'bichig hereg khereg', 'uzeg izeg sav', 'bichig hereg khereg zoriulsan sintetik turshiltyn buteegdehuun buteegdehuin buteegdehiun buteegdehiin buteegdekhuun buteegdekhuin buteegdekhiun buteegdekhiin uzeg izeg sav');
INSERT OR IGNORE INTO search_terms (term, product_id, field, representation) VALUES ('үзэгний', 35, 'title', 'native');
INSERT OR IGNORE INTO search_terms (term, product_id, field, representation) VALUES ('uezegniy', 35, 'title', 'strict');
INSERT OR IGNORE INTO search_terms (term, product_id, field, representation) VALUES ('uzegnii', 35, 'title', 'basic');
INSERT OR IGNORE INTO search_terms (term, product_id, field, representation) VALUES ('нүүдэл', 35, 'brand', 'native');
INSERT OR IGNORE INTO search_terms (term, product_id, field, representation) VALUES ('nueuedel', 35, 'brand', 'strict');
INSERT OR IGNORE INTO search_terms (term, product_id, field, representation) VALUES ('nuudel', 35, 'brand', 'basic');
INSERT OR IGNORE INTO search_terms (term, product_id, field, representation) VALUES ('бичиг', 35, 'category', 'native');
INSERT OR IGNORE INTO search_terms (term, product_id, field, representation) VALUES ('хэрэг', 35, 'category', 'native');
INSERT OR IGNORE INTO search_terms (term, product_id, field, representation) VALUES ('bichig', 35, 'category', 'strict');
INSERT OR IGNORE INTO search_terms (term, product_id, field, representation) VALUES ('khereg', 35, 'category', 'strict');
INSERT OR IGNORE INTO search_terms (term, product_id, field, representation) VALUES ('bichig', 35, 'category', 'basic');
INSERT OR IGNORE INTO search_terms (term, product_id, field, representation) VALUES ('khereg', 35, 'category', 'basic');
INSERT INTO products (id, sku, sku_normalized, name, category, tags, price_mnt, strict_key, basic_key, brand, description, available, merchandising_position) VALUES (36, 'HV-Ё-036', 'hvё036', 'Ёслолын бүс', 'Дагалдах', 'ёслол, бүс', 73250, 'ёслолын бүс дагалдах ёслол бүс hv ё 036 yoslolyn büs dagaldakh yoslol büs hv yo 036', 'ёслолын бүс дагалдах ёслол бүс hv ё 036 ioslolin bus dagaldakh ioslol bus hv io 036', 'Талын Од', 'Дагалдах зориулсан синтетик туршилтын бүтээгдэхүүн ёслол, бүс', 1, 36);
INSERT INTO product_search (product_id, name, category, tags, sku, strict_key, basic_key) VALUES (36, 'ёслолын бүс yoslolyn büs', 'дагалдах dagaldakh', 'ёслол бүс yoslol büs', 'hv ё 036 hv yo 036', 'ёслолын бүс дагалдах ёслол бүс hv ё 036 yoslolyn büs dagaldakh yoslol büs hv yo 036', 'ёслолын бүс дагалдах ёслол бүс hv ё 036 ioslolin bus dagaldakh ioslol bus hv io 036');
INSERT INTO product_search_tiered (product_id, native_key, strict_key, basic_key, sku_key) VALUES (36, 'ёслолын бүс дагалдах ёслол бүс hv ё 036', 'yoslolyn bues dagaldakh yoslol bues hv yo 036', 'yoslolyn eoslolyn bus bis dagaldah dagaldakh yoslol eoslol bus bis hv 036', 'hvё036');
INSERT INTO product_search_resilient (product_id, title_native, brand_native, category_native, tags_native, description_native, title_strict, brand_strict, category_strict, tags_strict, description_strict, title_basic, brand_basic, category_basic, tags_basic, description_basic) VALUES (36, 'ёслолын бүс', 'талын од', 'дагалдах', 'ёслол бүс', 'дагалдах зориулсан синтетик туршилтын бүтээгдэхүүн ёслол бүс', 'yoslolyn bues', 'talyn od', 'dagaldakh', 'yoslol bues', 'dagaldakh zoriulsan sintetik turshiltyn bueteegdekhueuen yoslol bues', 'yoslolyn eoslolyn bus bis', 'talyn od', 'dagaldah dagaldakh', 'yoslol eoslol bus bis', 'dagaldah dagaldakh zoriulsan sintetik turshiltyn buteegdehuun buteegdehuin buteegdehiun buteegdehiin buteegdekhuun buteegdekhuin buteegdekhiun buteegdekhiin yoslol eoslol bus bis');
INSERT OR IGNORE INTO search_terms (term, product_id, field, representation) VALUES ('ёслолын', 36, 'title', 'native');
INSERT OR IGNORE INTO search_terms (term, product_id, field, representation) VALUES ('yoslolyn', 36, 'title', 'strict');
INSERT OR IGNORE INTO search_terms (term, product_id, field, representation) VALUES ('bues', 36, 'title', 'strict');
INSERT OR IGNORE INTO search_terms (term, product_id, field, representation) VALUES ('ioslolin', 36, 'title', 'basic');
INSERT OR IGNORE INTO search_terms (term, product_id, field, representation) VALUES ('талын', 36, 'brand', 'native');
INSERT OR IGNORE INTO search_terms (term, product_id, field, representation) VALUES ('talyn', 36, 'brand', 'strict');
INSERT OR IGNORE INTO search_terms (term, product_id, field, representation) VALUES ('talin', 36, 'brand', 'basic');
INSERT OR IGNORE INTO search_terms (term, product_id, field, representation) VALUES ('дагалдах', 36, 'category', 'native');
INSERT OR IGNORE INTO search_terms (term, product_id, field, representation) VALUES ('dagaldakh', 36, 'category', 'strict');
INSERT OR IGNORE INTO search_terms (term, product_id, field, representation) VALUES ('dagaldakh', 36, 'category', 'basic');
INSERT INTO products (id, sku, sku_normalized, name, category, tags, price_mnt, strict_key, basic_key, brand, description, available, merchandising_position) VALUES (37, 'HV-Ц-037', 'hvц037', 'Цахилгаан данх', 'Гэр ахуй', 'данх, цахилгаан', 75000, 'цахилгаан данх гэр ахуй данх цахилгаан hv ц 037 tsakhilgaan dankh ger akhuy dankh tsakhilgaan hv ts 037', 'цахилгаан данх гэр ахуй данх цахилгаан hv ц 037 tsakhilgaan dankh ger akhui dankh tsakhilgaan hv ts 037', 'Хөх Тэнгэр', 'Гэр ахуй зориулсан синтетик туршилтын бүтээгдэхүүн данх, цахилгаан', 1, 37);
INSERT INTO product_search (product_id, name, category, tags, sku, strict_key, basic_key) VALUES (37, 'цахилгаан данх tsakhilgaan dankh', 'гэр ахуй ger akhuy', 'данх цахилгаан dankh tsakhilgaan', 'hv ц 037 hv ts 037', 'цахилгаан данх гэр ахуй данх цахилгаан hv ц 037 tsakhilgaan dankh ger akhuy dankh tsakhilgaan hv ts 037', 'цахилгаан данх гэр ахуй данх цахилгаан hv ц 037 tsakhilgaan dankh ger akhui dankh tsakhilgaan hv ts 037');
INSERT INTO product_search_tiered (product_id, native_key, strict_key, basic_key, sku_key) VALUES (37, 'цахилгаан данх гэр ахуй данх цахилгаан hv ц 037', 'tsakhilgaan dankh ger akhuy dankh tsakhilgaan hv ts 037', 'cahilgaan cakhilgaan tsahilgaan tsakhilgaan danh dankh ger ahui ahuy akhui akhuy danh dankh cahilgaan cakhilgaan tsahilgaan tsakhilgaan hv 037', 'hvц037');
INSERT INTO product_search_resilient (product_id, title_native, brand_native, category_native, tags_native, description_native, title_strict, brand_strict, category_strict, tags_strict, description_strict, title_basic, brand_basic, category_basic, tags_basic, description_basic) VALUES (37, 'цахилгаан данх', 'хөх тэнгэр', 'гэр ахуй', 'данх цахилгаан', 'гэр ахуй зориулсан синтетик туршилтын бүтээгдэхүүн данх цахилгаан', 'tsakhilgaan dankh', 'khoekh tenger', 'ger akhuy', 'dankh tsakhilgaan', 'ger akhuy zoriulsan sintetik turshiltyn bueteegdekhueuen dankh tsakhilgaan', 'cahilgaan cakhilgaan tsahilgaan tsakhilgaan danh dankh', 'hoh hokh huh hukh khoh khokh khuh khukh tenger', 'ger ahui ahuy akhui akhuy', 'danh dankh cahilgaan cakhilgaan tsahilgaan tsakhilgaan', 'ger ahui ahuy akhui akhuy zoriulsan sintetik turshiltyn buteegdehuun buteegdehuin buteegdehiun buteegdehiin buteegdekhuun buteegdekhuin buteegdekhiun buteegdekhiin danh dankh cahilgaan cakhilgaan tsahilgaan tsakhilgaan');
INSERT OR IGNORE INTO search_terms (term, product_id, field, representation) VALUES ('цахилгаан', 37, 'title', 'native');
INSERT OR IGNORE INTO search_terms (term, product_id, field, representation) VALUES ('данх', 37, 'title', 'native');
INSERT OR IGNORE INTO search_terms (term, product_id, field, representation) VALUES ('tsakhilgaan', 37, 'title', 'strict');
INSERT OR IGNORE INTO search_terms (term, product_id, field, representation) VALUES ('dankh', 37, 'title', 'strict');
INSERT OR IGNORE INTO search_terms (term, product_id, field, representation) VALUES ('tsakhilgaan', 37, 'title', 'basic');
INSERT OR IGNORE INTO search_terms (term, product_id, field, representation) VALUES ('dankh', 37, 'title', 'basic');
INSERT OR IGNORE INTO search_terms (term, product_id, field, representation) VALUES ('тэнгэр', 37, 'brand', 'native');
INSERT OR IGNORE INTO search_terms (term, product_id, field, representation) VALUES ('khoekh', 37, 'brand', 'strict');
INSERT OR IGNORE INTO search_terms (term, product_id, field, representation) VALUES ('tenger', 37, 'brand', 'strict');
INSERT OR IGNORE INTO search_terms (term, product_id, field, representation) VALUES ('khokh', 37, 'brand', 'basic');
INSERT OR IGNORE INTO search_terms (term, product_id, field, representation) VALUES ('tenger', 37, 'brand', 'basic');
INSERT OR IGNORE INTO search_terms (term, product_id, field, representation) VALUES ('ахуй', 37, 'category', 'native');
INSERT OR IGNORE INTO search_terms (term, product_id, field, representation) VALUES ('akhuy', 37, 'category', 'strict');
INSERT OR IGNORE INTO search_terms (term, product_id, field, representation) VALUES ('akhui', 37, 'category', 'basic');
INSERT INTO products (id, sku, sku_normalized, name, category, tags, price_mnt, strict_key, basic_key, brand, description, available, merchandising_position) VALUES (38, 'HV-Ч-038', 'hvч038', 'Чийгшүүлэгч тос', 'Гоо сайхан', 'тос, чийг', 76750, 'чийгшүүлэгч тос гоо сайхан тос чийг hv ч 038 chiygshüülegch tos goo saykhan tos chiyg hv ch 038', 'чийгшүүлэгч тос гоо сайхан тос чийг hv ч 038 chiigshuulegch tos goo saikhan tos chiig hv ch 038', 'Алтан Өргөө', 'Гоо сайхан зориулсан синтетик туршилтын бүтээгдэхүүн тос, чийг', 1, 38);
INSERT INTO product_search (product_id, name, category, tags, sku, strict_key, basic_key) VALUES (38, 'чийгшүүлэгч тос chiygshüülegch tos', 'гоо сайхан goo saykhan', 'тос чийг tos chiyg', 'hv ч 038 hv ch 038', 'чийгшүүлэгч тос гоо сайхан тос чийг hv ч 038 chiygshüülegch tos goo saykhan tos chiyg hv ch 038', 'чийгшүүлэгч тос гоо сайхан тос чийг hv ч 038 chiigshuulegch tos goo saikhan tos chiig hv ch 038');
INSERT INTO product_search_tiered (product_id, native_key, strict_key, basic_key, sku_key) VALUES (38, 'чийгшүүлэгч тос гоо сайхан тос чийг hv ч 038', 'chiygshueuelegch tos goo saykhan tos chiyg hv ch 038', 'chiigshuulegch chiigshuilegch chiigshiulegch chiigshiilegch chiygshuulegch chiygshuilegch chiygshiulegch chiygshiilegch tos goo saihan saikhan sayhan saykhan tos chiig chiyg hv 038', 'hvч038');
INSERT INTO product_search_resilient (product_id, title_native, brand_native, category_native, tags_native, description_native, title_strict, brand_strict, category_strict, tags_strict, description_strict, title_basic, brand_basic, category_basic, tags_basic, description_basic) VALUES (38, 'чийгшүүлэгч тос', 'алтан өргөө', 'гоо сайхан', 'тос чийг', 'гоо сайхан зориулсан синтетик туршилтын бүтээгдэхүүн тос чийг', 'chiygshueuelegch tos', 'altan oergoeoe', 'goo saykhan', 'tos chiyg', 'goo saykhan zoriulsan sintetik turshiltyn bueteegdekhueuen tos chiyg', 'chiigshuulegch chiigshuilegch chiigshiulegch chiigshiilegch chiygshuulegch chiygshuilegch chiygshiulegch chiygshiilegch tos', 'altan orgoo orgou orguo orguu urgoo urgou urguo urguu', 'goo saihan saikhan sayhan saykhan', 'tos chiig chiyg', 'goo saihan saikhan sayhan saykhan zoriulsan sintetik turshiltyn buteegdehuun buteegdehuin buteegdehiun buteegdehiin buteegdekhuun buteegdekhuin buteegdekhiun buteegdekhiin tos chiig chiyg');
INSERT OR IGNORE INTO search_terms (term, product_id, field, representation) VALUES ('чийгшүүлэгч', 38, 'title', 'native');
INSERT OR IGNORE INTO search_terms (term, product_id, field, representation) VALUES ('chiygshueuelegch', 38, 'title', 'strict');
INSERT OR IGNORE INTO search_terms (term, product_id, field, representation) VALUES ('chiigshuulegch', 38, 'title', 'basic');
INSERT OR IGNORE INTO search_terms (term, product_id, field, representation) VALUES ('алтан', 38, 'brand', 'native');
INSERT OR IGNORE INTO search_terms (term, product_id, field, representation) VALUES ('өргөө', 38, 'brand', 'native');
INSERT OR IGNORE INTO search_terms (term, product_id, field, representation) VALUES ('altan', 38, 'brand', 'strict');
INSERT OR IGNORE INTO search_terms (term, product_id, field, representation) VALUES ('oergoeoe', 38, 'brand', 'strict');
INSERT OR IGNORE INTO search_terms (term, product_id, field, representation) VALUES ('altan', 38, 'brand', 'basic');
INSERT OR IGNORE INTO search_terms (term, product_id, field, representation) VALUES ('orgoo', 38, 'brand', 'basic');
INSERT OR IGNORE INTO search_terms (term, product_id, field, representation) VALUES ('сайхан', 38, 'category', 'native');
INSERT OR IGNORE INTO search_terms (term, product_id, field, representation) VALUES ('saykhan', 38, 'category', 'strict');
INSERT OR IGNORE INTO search_terms (term, product_id, field, representation) VALUES ('saikhan', 38, 'category', 'basic');
INSERT INTO products (id, sku, sku_normalized, name, category, tags, price_mnt, strict_key, basic_key, brand, description, available, merchandising_position) VALUES (39, 'HV-Ш-039', 'hvш039', 'Шүдний сойз', 'Гоо сайхан', 'шүд, сойз', 78500, 'шүдний сойз гоо сайхан шүд сойз hv ш 039 shüdniy soyz goo saykhan shüd soyz hv sh 039', 'шүдний сойз гоо сайхан шүд сойз hv ш 039 shudnii soiz goo saikhan shud soiz hv sh 039', 'Цагаан Сар', 'Гоо сайхан зориулсан синтетик туршилтын бүтээгдэхүүн шүд, сойз', 1, 39);
INSERT INTO product_search (product_id, name, category, tags, sku, strict_key, basic_key) VALUES (39, 'шүдний сойз shüdniy soyz', 'гоо сайхан goo saykhan', 'шүд сойз shüd soyz', 'hv ш 039 hv sh 039', 'шүдний сойз гоо сайхан шүд сойз hv ш 039 shüdniy soyz goo saykhan shüd soyz hv sh 039', 'шүдний сойз гоо сайхан шүд сойз hv ш 039 shudnii soiz goo saikhan shud soiz hv sh 039');
INSERT INTO product_search_tiered (product_id, native_key, strict_key, basic_key, sku_key) VALUES (39, 'шүдний сойз гоо сайхан шүд сойз hv ш 039', 'shuedniy soyz goo saykhan shued soyz hv sh 039', 'shudnii shudniy shidnii shidniy soiz soyz goo saihan saikhan sayhan saykhan shud shid soiz soyz hv 039', 'hvш039');
INSERT INTO product_search_resilient (product_id, title_native, brand_native, category_native, tags_native, description_native, title_strict, brand_strict, category_strict, tags_strict, description_strict, title_basic, brand_basic, category_basic, tags_basic, description_basic) VALUES (39, 'шүдний сойз', 'цагаан сар', 'гоо сайхан', 'шүд сойз', 'гоо сайхан зориулсан синтетик туршилтын бүтээгдэхүүн шүд сойз', 'shuedniy soyz', 'tsagaan sar', 'goo saykhan', 'shued soyz', 'goo saykhan zoriulsan sintetik turshiltyn bueteegdekhueuen shued soyz', 'shudnii shudniy shidnii shidniy soiz soyz', 'cagaan tsagaan sar', 'goo saihan saikhan sayhan saykhan', 'shud shid soiz soyz', 'goo saihan saikhan sayhan saykhan zoriulsan sintetik turshiltyn buteegdehuun buteegdehuin buteegdehiun buteegdehiin buteegdekhuun buteegdekhuin buteegdekhiun buteegdekhiin shud shid soiz soyz');
INSERT OR IGNORE INTO search_terms (term, product_id, field, representation) VALUES ('шүдний', 39, 'title', 'native');
INSERT OR IGNORE INTO search_terms (term, product_id, field, representation) VALUES ('сойз', 39, 'title', 'native');
INSERT OR IGNORE INTO search_terms (term, product_id, field, representation) VALUES ('shuedniy', 39, 'title', 'strict');
INSERT OR IGNORE INTO search_terms (term, product_id, field, representation) VALUES ('soyz', 39, 'title', 'strict');
INSERT OR IGNORE INTO search_terms (term, product_id, field, representation) VALUES ('shudnii', 39, 'title', 'basic');
INSERT OR IGNORE INTO search_terms (term, product_id, field, representation) VALUES ('soiz', 39, 'title', 'basic');
INSERT OR IGNORE INTO search_terms (term, product_id, field, representation) VALUES ('цагаан', 39, 'brand', 'native');
INSERT OR IGNORE INTO search_terms (term, product_id, field, representation) VALUES ('tsagaan', 39, 'brand', 'strict');
INSERT OR IGNORE INTO search_terms (term, product_id, field, representation) VALUES ('tsagaan', 39, 'brand', 'basic');
INSERT OR IGNORE INTO search_terms (term, product_id, field, representation) VALUES ('сайхан', 39, 'category', 'native');
INSERT OR IGNORE INTO search_terms (term, product_id, field, representation) VALUES ('saykhan', 39, 'category', 'strict');
INSERT OR IGNORE INTO search_terms (term, product_id, field, representation) VALUES ('saikhan', 39, 'category', 'basic');
INSERT INTO products (id, sku, sku_normalized, name, category, tags, price_mnt, strict_key, basic_key, brand, description, available, merchandising_position) VALUES (40, 'HV-Ж-040', 'hvж040', 'Жижиг цэцгийн сав', 'Гэр ахуй', 'цэцэг, сав', 80250, 'жижиг цэцгийн сав гэр ахуй цэцэг сав hv ж 040 jijig tsetsgiyn sav ger akhuy tsetseg sav hv j 040', 'жижиг цэцгийн сав гэр ахуй цэцэг сав hv ж 040 jijig tsetsgiin sav ger akhui tsetseg sav hv j 040', 'Нүүдэл', 'Гэр ахуй зориулсан синтетик туршилтын бүтээгдэхүүн цэцэг, сав', 0, 40);
INSERT INTO product_search (product_id, name, category, tags, sku, strict_key, basic_key) VALUES (40, 'жижиг цэцгийн сав jijig tsetsgiyn sav', 'гэр ахуй ger akhuy', 'цэцэг сав tsetseg sav', 'hv ж 040 hv j 040', 'жижиг цэцгийн сав гэр ахуй цэцэг сав hv ж 040 jijig tsetsgiyn sav ger akhuy tsetseg sav hv j 040', 'жижиг цэцгийн сав гэр ахуй цэцэг сав hv ж 040 jijig tsetsgiin sav ger akhui tsetseg sav hv j 040');
INSERT INTO product_search_tiered (product_id, native_key, strict_key, basic_key, sku_key) VALUES (40, 'жижиг цэцгийн сав гэр ахуй цэцэг сав hv ж 040', 'jijig tsetsgiyn sav ger akhuy tsetseg sav hv j 040', 'jijig cecgiin cecgiyn cetsgiin cetsgiyn tsecgiin tsecgiyn tsetsgiin tsetsgiyn sav ger ahui ahuy akhui akhuy ceceg cetseg tseceg tsetseg sav hv 040', 'hvж040');
INSERT INTO product_search_resilient (product_id, title_native, brand_native, category_native, tags_native, description_native, title_strict, brand_strict, category_strict, tags_strict, description_strict, title_basic, brand_basic, category_basic, tags_basic, description_basic) VALUES (40, 'жижиг цэцгийн сав', 'нүүдэл', 'гэр ахуй', 'цэцэг сав', 'гэр ахуй зориулсан синтетик туршилтын бүтээгдэхүүн цэцэг сав', 'jijig tsetsgiyn sav', 'nueuedel', 'ger akhuy', 'tsetseg sav', 'ger akhuy zoriulsan sintetik turshiltyn bueteegdekhueuen tsetseg sav', 'jijig cecgiin cecgiyn cetsgiin cetsgiyn tsecgiin tsecgiyn tsetsgiin tsetsgiyn sav', 'nuudel nuidel niudel niidel', 'ger ahui ahuy akhui akhuy', 'ceceg cetseg tseceg tsetseg sav', 'ger ahui ahuy akhui akhuy zoriulsan sintetik turshiltyn buteegdehuun buteegdehuin buteegdehiun buteegdehiin buteegdekhuun buteegdekhuin buteegdekhiun buteegdekhiin ceceg cetseg tseceg tsetseg sav');
INSERT OR IGNORE INTO search_terms (term, product_id, field, representation) VALUES ('жижиг', 40, 'title', 'native');
INSERT OR IGNORE INTO search_terms (term, product_id, field, representation) VALUES ('цэцгийн', 40, 'title', 'native');
INSERT OR IGNORE INTO search_terms (term, product_id, field, representation) VALUES ('jijig', 40, 'title', 'strict');
INSERT OR IGNORE INTO search_terms (term, product_id, field, representation) VALUES ('tsetsgiyn', 40, 'title', 'strict');
INSERT OR IGNORE INTO search_terms (term, product_id, field, representation) VALUES ('jijig', 40, 'title', 'basic');
INSERT OR IGNORE INTO search_terms (term, product_id, field, representation) VALUES ('tsetsgiin', 40, 'title', 'basic');
INSERT OR IGNORE INTO search_terms (term, product_id, field, representation) VALUES ('нүүдэл', 40, 'brand', 'native');
INSERT OR IGNORE INTO search_terms (term, product_id, field, representation) VALUES ('nueuedel', 40, 'brand', 'strict');
INSERT OR IGNORE INTO search_terms (term, product_id, field, representation) VALUES ('nuudel', 40, 'brand', 'basic');
INSERT OR IGNORE INTO search_terms (term, product_id, field, representation) VALUES ('ахуй', 40, 'category', 'native');
INSERT OR IGNORE INTO search_terms (term, product_id, field, representation) VALUES ('akhuy', 40, 'category', 'strict');
INSERT OR IGNORE INTO search_terms (term, product_id, field, representation) VALUES ('akhui', 40, 'category', 'basic');
