DELETE FROM product_search_tiered;
DELETE FROM product_search;
DELETE FROM products;
INSERT INTO products (id, sku, sku_normalized, name, category, tags, price_mnt, strict_key, basic_key) VALUES (1, 'HV-Ө-001', 'hvө001', 'Ноосон цамц', 'Хувцас', 'ноос, дулаан', 12000, 'ноосон цамц хувцас ноос дулаан hv ө 001 nooson tsamts khuvtsas noos dulaan hv ö 001', 'ноосон цамц хувцас ноос дулаан hv ө 001 nooson tsamts khuvtsas noos dulaan hv o 001');
INSERT INTO product_search (product_id, name, category, tags, sku, strict_key, basic_key) VALUES (1, 'ноосон цамц nooson tsamts', 'хувцас khuvtsas', 'ноос дулаан noos dulaan', 'hv ө 001 hv ö 001', 'ноосон цамц хувцас ноос дулаан hv ө 001 nooson tsamts khuvtsas noos dulaan hv ö 001', 'ноосон цамц хувцас ноос дулаан hv ө 001 nooson tsamts khuvtsas noos dulaan hv o 001');
INSERT INTO product_search_tiered (product_id, native_key, strict_key, basic_key, sku_key) VALUES (1, 'ноосон цамц хувцас ноос дулаан hv ө 001', 'nooson tsamts khuvtsas noos dulaan hv oe 001', 'nooson camc camts tsamc tsamts huvcas huvtsas khuvcas khuvtsas noos dulaan hv 001', 'hvө001');
INSERT INTO products (id, sku, sku_normalized, name, category, tags, price_mnt, strict_key, basic_key) VALUES (2, 'HV-Ц-002', 'hvц002', 'Өдөр тутмын цүнх', 'Цүнх', 'өдөр, арьс', 13750, 'өдөр тутмын цүнх цүнх өдөр арьс hv ц 002 ödör tutmyn tsünkh tsünkh ödör ars hv ts 002', 'өдөр тутмын цүнх цүнх өдөр арьс hv ц 002 odor tutmin tsunkh tsunkh odor ars hv ts 002');
INSERT INTO product_search (product_id, name, category, tags, sku, strict_key, basic_key) VALUES (2, 'өдөр тутмын цүнх ödör tutmyn tsünkh', 'цүнх tsünkh', 'өдөр арьс ödör ars', 'hv ц 002 hv ts 002', 'өдөр тутмын цүнх цүнх өдөр арьс hv ц 002 ödör tutmyn tsünkh tsünkh ödör ars hv ts 002', 'өдөр тутмын цүнх цүнх өдөр арьс hv ц 002 odor tutmin tsunkh tsunkh odor ars hv ts 002');
INSERT INTO product_search_tiered (product_id, native_key, strict_key, basic_key, sku_key) VALUES (2, 'өдөр тутмын цүнх цүнх өдөр арьс hv ц 002', 'oedoer tutmyn tsuenkh tsuenkh oedoer ars hv ts 002', 'odor odur udor udur tutmyn cunh cunkh cinh cinkh tsunh tsunkh tsinh tsinkh cunh cunkh cinh cinkh tsunh tsunkh tsinh tsinkh odor odur udor udur ars hv 002', 'hvц002');
INSERT INTO products (id, sku, sku_normalized, name, category, tags, price_mnt, strict_key, basic_key) VALUES (3, 'HV-Ү-003', 'hvү003', 'Үсний боолт', 'Гоо сайхан', 'үс, даавуу', 15500, 'үсний боолт гоо сайхан үс даавуу hv ү 003 üsniy boolt goo saykhan üs daavuu hv ü 003', 'үсний боолт гоо сайхан үс даавуу hv ү 003 usnii boolt goo saikhan us daavuu hv u 003');
INSERT INTO product_search (product_id, name, category, tags, sku, strict_key, basic_key) VALUES (3, 'үсний боолт üsniy boolt', 'гоо сайхан goo saykhan', 'үс даавуу üs daavuu', 'hv ү 003 hv ü 003', 'үсний боолт гоо сайхан үс даавуу hv ү 003 üsniy boolt goo saykhan üs daavuu hv ü 003', 'үсний боолт гоо сайхан үс даавуу hv ү 003 usnii boolt goo saikhan us daavuu hv u 003');
INSERT INTO product_search_tiered (product_id, native_key, strict_key, basic_key, sku_key) VALUES (3, 'үсний боолт гоо сайхан үс даавуу hv ү 003', 'uesniy boolt goo saykhan ues daavuu hv ue 003', 'usnii usniy isnii isniy boolt goo saihan saikhan sayhan saykhan us is daavuu hv 003', 'hvү003');
INSERT INTO products (id, sku, sku_normalized, name, category, tags, price_mnt, strict_key, basic_key) VALUES (4, 'HV-Я-004', 'hvя004', 'Ёслолын даашинз', 'Хувцас', 'ёслол, торго', 17250, 'ёслолын даашинз хувцас ёслол торго hv я 004 yoslolyn daashinz khuvtsas yoslol torgo hv ya 004', 'ёслолын даашинз хувцас ёслол торго hv я 004 ioslolin daashinz khuvtsas ioslol torgo hv ia 004');
INSERT INTO product_search (product_id, name, category, tags, sku, strict_key, basic_key) VALUES (4, 'ёслолын даашинз yoslolyn daashinz', 'хувцас khuvtsas', 'ёслол торго yoslol torgo', 'hv я 004 hv ya 004', 'ёслолын даашинз хувцас ёслол торго hv я 004 yoslolyn daashinz khuvtsas yoslol torgo hv ya 004', 'ёслолын даашинз хувцас ёслол торго hv я 004 ioslolin daashinz khuvtsas ioslol torgo hv ia 004');
INSERT INTO product_search_tiered (product_id, native_key, strict_key, basic_key, sku_key) VALUES (4, 'ёслолын даашинз хувцас ёслол торго hv я 004', 'yoslolyn daashinz khuvtsas yoslol torgo hv ya 004', 'yoslolyn eoslolyn daashinz huvcas huvtsas khuvcas khuvtsas yoslol eoslol torgo hv 004', 'hvя004');
INSERT INTO products (id, sku, sku_normalized, name, category, tags, price_mnt, strict_key, basic_key) VALUES (5, 'HV-Е-005', 'hvе005', 'Ердийн даашинз', 'Хувцас', 'даашинз, өдөр', 19000, 'ердийн даашинз хувцас даашинз өдөр hv е 005 erdiyn daashinz khuvtsas daashinz ödör hv e 005', 'ердийн даашинз хувцас даашинз өдөр hv е 005 erdiin daashinz khuvtsas daashinz odor hv e 005');
INSERT INTO product_search (product_id, name, category, tags, sku, strict_key, basic_key) VALUES (5, 'ердийн даашинз erdiyn daashinz', 'хувцас khuvtsas', 'даашинз өдөр daashinz ödör', 'hv е 005 hv e 005', 'ердийн даашинз хувцас даашинз өдөр hv е 005 erdiyn daashinz khuvtsas daashinz ödör hv e 005', 'ердийн даашинз хувцас даашинз өдөр hv е 005 erdiin daashinz khuvtsas daashinz odor hv e 005');
INSERT INTO product_search_tiered (product_id, native_key, strict_key, basic_key, sku_key) VALUES (5, 'ердийн даашинз хувцас даашинз өдөр hv е 005', 'erdiyn daashinz khuvtsas daashinz oedoer hv e 005', 'erdiin erdiyn daashinz huvcas huvtsas khuvcas khuvtsas daashinz odor odur udor udur hv 005', 'hvе005');
INSERT INTO products (id, sku, sku_normalized, name, category, tags, price_mnt, strict_key, basic_key) VALUES (6, 'HV-Х-006', 'hvх006', 'Хүүхдийн хүрэм', 'Хүүхэд', 'хүүхэд, дулаан', 20750, 'хүүхдийн хүрэм хүүхэд хүүхэд дулаан hv х 006 khüükhdiyn khürem khüükhed khüükhed dulaan hv kh 006', 'хүүхдийн хүрэм хүүхэд хүүхэд дулаан hv х 006 khuukhdiin khurem khuukhed khuukhed dulaan hv kh 006');
INSERT INTO product_search (product_id, name, category, tags, sku, strict_key, basic_key) VALUES (6, 'хүүхдийн хүрэм khüükhdiyn khürem', 'хүүхэд khüükhed', 'хүүхэд дулаан khüükhed dulaan', 'hv х 006 hv kh 006', 'хүүхдийн хүрэм хүүхэд хүүхэд дулаан hv х 006 khüükhdiyn khürem khüükhed khüükhed dulaan hv kh 006', 'хүүхдийн хүрэм хүүхэд хүүхэд дулаан hv х 006 khuukhdiin khurem khuukhed khuukhed dulaan hv kh 006');
INSERT INTO product_search_tiered (product_id, native_key, strict_key, basic_key, sku_key) VALUES (6, 'хүүхдийн хүрэм хүүхэд хүүхэд дулаан hv х 006', 'khueuekhdiyn khuerem khueuekhed khueuekhed dulaan hv kh 006', 'huuhdiin huuhdiyn huukhdiin huukhdiyn huihdiin huihdiyn huikhdiin huikhdiyn hurem hirem khurem khirem huuhed huukhed huihed huikhed hiuhed hiukhed hiihed hiikhed huuhed huukhed huihed huikhed hiuhed hiukhed hiihed hiikhed dulaan hv 006', 'hvх006');
INSERT INTO products (id, sku, sku_normalized, name, category, tags, price_mnt, strict_key, basic_key) VALUES (7, 'HV-Ц-007', 'hvц007', 'Цагаан цамц', 'Хувцас', 'цагаан, даавуу', 22500, 'цагаан цамц хувцас цагаан даавуу hv ц 007 tsagaan tsamts khuvtsas tsagaan daavuu hv ts 007', 'цагаан цамц хувцас цагаан даавуу hv ц 007 tsagaan tsamts khuvtsas tsagaan daavuu hv ts 007');
INSERT INTO product_search (product_id, name, category, tags, sku, strict_key, basic_key) VALUES (7, 'цагаан цамц tsagaan tsamts', 'хувцас khuvtsas', 'цагаан даавуу tsagaan daavuu', 'hv ц 007 hv ts 007', 'цагаан цамц хувцас цагаан даавуу hv ц 007 tsagaan tsamts khuvtsas tsagaan daavuu hv ts 007', 'цагаан цамц хувцас цагаан даавуу hv ц 007 tsagaan tsamts khuvtsas tsagaan daavuu hv ts 007');
INSERT INTO product_search_tiered (product_id, native_key, strict_key, basic_key, sku_key) VALUES (7, 'цагаан цамц хувцас цагаан даавуу hv ц 007', 'tsagaan tsamts khuvtsas tsagaan daavuu hv ts 007', 'cagaan tsagaan camc camts tsamc tsamts huvcas huvtsas khuvcas khuvtsas cagaan tsagaan daavuu hv 007', 'hvц007');
INSERT INTO products (id, sku, sku_normalized, name, category, tags, price_mnt, strict_key, basic_key) VALUES (8, 'HV-Ч-008', 'hvч008', 'Чанартай оймс', 'Хувцас', 'чанар, оймс', 24250, 'чанартай оймс хувцас чанар оймс hv ч 008 chanartay oyms khuvtsas chanar oyms hv ch 008', 'чанартай оймс хувцас чанар оймс hv ч 008 chanartai oims khuvtsas chanar oims hv ch 008');
INSERT INTO product_search (product_id, name, category, tags, sku, strict_key, basic_key) VALUES (8, 'чанартай оймс chanartay oyms', 'хувцас khuvtsas', 'чанар оймс chanar oyms', 'hv ч 008 hv ch 008', 'чанартай оймс хувцас чанар оймс hv ч 008 chanartay oyms khuvtsas chanar oyms hv ch 008', 'чанартай оймс хувцас чанар оймс hv ч 008 chanartai oims khuvtsas chanar oims hv ch 008');
INSERT INTO product_search_tiered (product_id, native_key, strict_key, basic_key, sku_key) VALUES (8, 'чанартай оймс хувцас чанар оймс hv ч 008', 'chanartay oyms khuvtsas chanar oyms hv ch 008', 'chanartai chanartay oims oyms huvcas huvtsas khuvcas khuvtsas chanar oims oyms hv 008', 'hvч008');
INSERT INTO products (id, sku, sku_normalized, name, category, tags, price_mnt, strict_key, basic_key) VALUES (9, 'HV-Ш-009', 'hvш009', 'Шаргал ороолт', 'Дагалдах', 'шаргал, ноос', 26000, 'шаргал ороолт дагалдах шаргал ноос hv ш 009 shargal oroolt dagaldakh shargal noos hv sh 009', 'шаргал ороолт дагалдах шаргал ноос hv ш 009 shargal oroolt dagaldakh shargal noos hv sh 009');
INSERT INTO product_search (product_id, name, category, tags, sku, strict_key, basic_key) VALUES (9, 'шаргал ороолт shargal oroolt', 'дагалдах dagaldakh', 'шаргал ноос shargal noos', 'hv ш 009 hv sh 009', 'шаргал ороолт дагалдах шаргал ноос hv ш 009 shargal oroolt dagaldakh shargal noos hv sh 009', 'шаргал ороолт дагалдах шаргал ноос hv ш 009 shargal oroolt dagaldakh shargal noos hv sh 009');
INSERT INTO product_search_tiered (product_id, native_key, strict_key, basic_key, sku_key) VALUES (9, 'шаргал ороолт дагалдах шаргал ноос hv ш 009', 'shargal oroolt dagaldakh shargal noos hv sh 009', 'shargal oroolt dagaldah dagaldakh shargal noos hv 009', 'hvш009');
INSERT INTO products (id, sku, sku_normalized, name, category, tags, price_mnt, strict_key, basic_key) VALUES (10, 'HV-Ж-010', 'hvж010', 'Жижиг түрийвч', 'Дагалдах', 'жижиг, арьс', 27750, 'жижиг түрийвч дагалдах жижиг арьс hv ж 010 jijig türiyvch dagaldakh jijig ars hv j 010', 'жижиг түрийвч дагалдах жижиг арьс hv ж 010 jijig turiivch dagaldakh jijig ars hv j 010');
INSERT INTO product_search (product_id, name, category, tags, sku, strict_key, basic_key) VALUES (10, 'жижиг түрийвч jijig türiyvch', 'дагалдах dagaldakh', 'жижиг арьс jijig ars', 'hv ж 010 hv j 010', 'жижиг түрийвч дагалдах жижиг арьс hv ж 010 jijig türiyvch dagaldakh jijig ars hv j 010', 'жижиг түрийвч дагалдах жижиг арьс hv ж 010 jijig turiivch dagaldakh jijig ars hv j 010');
INSERT INTO product_search_tiered (product_id, native_key, strict_key, basic_key, sku_key) VALUES (10, 'жижиг түрийвч дагалдах жижиг арьс hv ж 010', 'jijig tueriyvch dagaldakh jijig ars hv j 010', 'jijig turiivch turiyvch tiriivch tiriyvch dagaldah dagaldakh jijig ars hv 010', 'hvж010');
INSERT INTO products (id, sku, sku_normalized, name, category, tags, price_mnt, strict_key, basic_key) VALUES (11, 'HV-Я-011', 'hvя011', 'Ягаан малгай', 'Дагалдах', 'ягаан, өвөл', 29500, 'ягаан малгай дагалдах ягаан өвөл hv я 011 yagaan malgay dagaldakh yagaan övöl hv ya 011', 'ягаан малгай дагалдах ягаан өвөл hv я 011 iagaan malgai dagaldakh iagaan ovol hv ia 011');
INSERT INTO product_search (product_id, name, category, tags, sku, strict_key, basic_key) VALUES (11, 'ягаан малгай yagaan malgay', 'дагалдах dagaldakh', 'ягаан өвөл yagaan övöl', 'hv я 011 hv ya 011', 'ягаан малгай дагалдах ягаан өвөл hv я 011 yagaan malgay dagaldakh yagaan övöl hv ya 011', 'ягаан малгай дагалдах ягаан өвөл hv я 011 iagaan malgai dagaldakh iagaan ovol hv ia 011');
INSERT INTO product_search_tiered (product_id, native_key, strict_key, basic_key, sku_key) VALUES (11, 'ягаан малгай дагалдах ягаан өвөл hv я 011', 'yagaan malgay dagaldakh yagaan oevoel hv ya 011', 'yagaan malgai malgay dagaldah dagaldakh yagaan ovol ovul uvol uvul hv 011', 'hvя011');
INSERT INTO products (id, sku, sku_normalized, name, category, tags, price_mnt, strict_key, basic_key) VALUES (12, 'HV-Ю-012', 'hvю012', 'Юбка хар', 'Хувцас', 'юбка, хар', 31250, 'юбка хар хувцас юбка хар hv ю 012 yubka khar khuvtsas yubka khar hv yu 012', 'юбка хар хувцас юбка хар hv ю 012 iubka khar khuvtsas iubka khar hv iu 012');
INSERT INTO product_search (product_id, name, category, tags, sku, strict_key, basic_key) VALUES (12, 'юбка хар yubka khar', 'хувцас khuvtsas', 'юбка хар yubka khar', 'hv ю 012 hv yu 012', 'юбка хар хувцас юбка хар hv ю 012 yubka khar khuvtsas yubka khar hv yu 012', 'юбка хар хувцас юбка хар hv ю 012 iubka khar khuvtsas iubka khar hv iu 012');
INSERT INTO product_search_tiered (product_id, native_key, strict_key, basic_key, sku_key) VALUES (12, 'юбка хар хувцас юбка хар hv ю 012', 'yubka khar khuvtsas yubka khar hv yu 012', 'yubka har khar huvcas huvtsas khuvcas khuvtsas yubka har khar hv 012', 'hvю012');
INSERT INTO products (id, sku, sku_normalized, name, category, tags, price_mnt, strict_key, basic_key) VALUES (13, 'HV-Х-013', 'hvх013', 'Хөх ноолууран цамц', 'Хувцас', 'хөх, ноолуур', 33000, 'хөх ноолууран цамц хувцас хөх ноолуур hv х 013 khökh nooluuran tsamts khuvtsas khökh nooluur hv kh 013', 'хөх ноолууран цамц хувцас хөх ноолуур hv х 013 khokh nooluuran tsamts khuvtsas khokh nooluur hv kh 013');
INSERT INTO product_search (product_id, name, category, tags, sku, strict_key, basic_key) VALUES (13, 'хөх ноолууран цамц khökh nooluuran tsamts', 'хувцас khuvtsas', 'хөх ноолуур khökh nooluur', 'hv х 013 hv kh 013', 'хөх ноолууран цамц хувцас хөх ноолуур hv х 013 khökh nooluuran tsamts khuvtsas khökh nooluur hv kh 013', 'хөх ноолууран цамц хувцас хөх ноолуур hv х 013 khokh nooluuran tsamts khuvtsas khokh nooluur hv kh 013');
INSERT INTO product_search_tiered (product_id, native_key, strict_key, basic_key, sku_key) VALUES (13, 'хөх ноолууран цамц хувцас хөх ноолуур hv х 013', 'khoekh nooluuran tsamts khuvtsas khoekh nooluur hv kh 013', 'hoh hokh huh hukh khoh khokh khuh khukh nooluuran camc camts tsamc tsamts huvcas huvtsas khuvcas khuvtsas hoh hokh huh hukh khoh khokh khuh khukh nooluur hv 013', 'hvх013');
INSERT INTO products (id, sku, sku_normalized, name, category, tags, price_mnt, strict_key, basic_key) VALUES (14, 'HV-Ө-014', 'hvө014', 'Өвлийн гутал', 'Гутал', 'өвөл, арьс', 34750, 'өвлийн гутал гутал өвөл арьс hv ө 014 övliyn gutal gutal övöl ars hv ö 014', 'өвлийн гутал гутал өвөл арьс hv ө 014 ovliin gutal gutal ovol ars hv o 014');
INSERT INTO product_search (product_id, name, category, tags, sku, strict_key, basic_key) VALUES (14, 'өвлийн гутал övliyn gutal', 'гутал gutal', 'өвөл арьс övöl ars', 'hv ө 014 hv ö 014', 'өвлийн гутал гутал өвөл арьс hv ө 014 övliyn gutal gutal övöl ars hv ö 014', 'өвлийн гутал гутал өвөл арьс hv ө 014 ovliin gutal gutal ovol ars hv o 014');
INSERT INTO product_search_tiered (product_id, native_key, strict_key, basic_key, sku_key) VALUES (14, 'өвлийн гутал гутал өвөл арьс hv ө 014', 'oevliyn gutal gutal oevoel ars hv oe 014', 'ovliin ovliyn uvliin uvliyn gutal gutal ovol ovul uvol uvul ars hv 014', 'hvө014');
INSERT INTO products (id, sku, sku_normalized, name, category, tags, price_mnt, strict_key, basic_key) VALUES (15, 'HV-Ү-015', 'hvү015', 'Үүргэвч аяллын', 'Цүнх', 'үүргэвч, аялал', 36500, 'үүргэвч аяллын цүнх үүргэвч аялал hv ү 015 üürgevch ayallyn tsünkh üürgevch ayalal hv ü 015', 'үүргэвч аяллын цүнх үүргэвч аялал hv ү 015 uurgevch aiallin tsunkh uurgevch aialal hv u 015');
INSERT INTO product_search (product_id, name, category, tags, sku, strict_key, basic_key) VALUES (15, 'үүргэвч аяллын üürgevch ayallyn', 'цүнх tsünkh', 'үүргэвч аялал üürgevch ayalal', 'hv ү 015 hv ü 015', 'үүргэвч аяллын цүнх үүргэвч аялал hv ү 015 üürgevch ayallyn tsünkh üürgevch ayalal hv ü 015', 'үүргэвч аяллын цүнх үүргэвч аялал hv ү 015 uurgevch aiallin tsunkh uurgevch aialal hv u 015');
INSERT INTO product_search_tiered (product_id, native_key, strict_key, basic_key, sku_key) VALUES (15, 'үүргэвч аяллын цүнх үүргэвч аялал hv ү 015', 'ueuergevch ayallyn tsuenkh ueuergevch ayalal hv ue 015', 'uurgevch uirgevch iurgevch iirgevch ayallyn cunh cunkh cinh cinkh tsunh tsunkh tsinh tsinkh uurgevch uirgevch iurgevch iirgevch ayalal hv 015', 'hvү015');
INSERT INTO products (id, sku, sku_normalized, name, category, tags, price_mnt, strict_key, basic_key) VALUES (16, 'HV-Ё-016', 'hvё016', 'Ёотон амттан', 'Хүнс', 'амттан, ёотон', 38250, 'ёотон амттан хүнс амттан ёотон hv ё 016 yooton amttan khüns amttan yooton hv yo 016', 'ёотон амттан хүнс амттан ёотон hv ё 016 iooton amttan khuns amttan iooton hv io 016');
INSERT INTO product_search (product_id, name, category, tags, sku, strict_key, basic_key) VALUES (16, 'ёотон амттан yooton amttan', 'хүнс khüns', 'амттан ёотон amttan yooton', 'hv ё 016 hv yo 016', 'ёотон амттан хүнс амттан ёотон hv ё 016 yooton amttan khüns amttan yooton hv yo 016', 'ёотон амттан хүнс амттан ёотон hv ё 016 iooton amttan khuns amttan iooton hv io 016');
INSERT INTO product_search_tiered (product_id, native_key, strict_key, basic_key, sku_key) VALUES (16, 'ёотон амттан хүнс амттан ёотон hv ё 016', 'yooton amttan khuens amttan yooton hv yo 016', 'yooton eooton amttan huns hins khuns khins amttan yooton eooton hv 016', 'hvё016');
INSERT INTO products (id, sku, sku_normalized, name, category, tags, price_mnt, strict_key, basic_key) VALUES (17, 'HV-Ц-017', 'hvц017', 'Цайны аяга', 'Гэр ахуй', 'цай, аяга', 40000, 'цайны аяга гэр ахуй цай аяга hv ц 017 tsayny ayaga ger akhuy tsay ayaga hv ts 017', 'цайны аяга гэр ахуй цай аяга hv ц 017 tsaini aiaga ger akhui tsai aiaga hv ts 017');
INSERT INTO product_search (product_id, name, category, tags, sku, strict_key, basic_key) VALUES (17, 'цайны аяга tsayny ayaga', 'гэр ахуй ger akhuy', 'цай аяга tsay ayaga', 'hv ц 017 hv ts 017', 'цайны аяга гэр ахуй цай аяга hv ц 017 tsayny ayaga ger akhuy tsay ayaga hv ts 017', 'цайны аяга гэр ахуй цай аяга hv ц 017 tsaini aiaga ger akhui tsai aiaga hv ts 017');
INSERT INTO product_search_tiered (product_id, native_key, strict_key, basic_key, sku_key) VALUES (17, 'цайны аяга гэр ахуй цай аяга hv ц 017', 'tsayny ayaga ger akhuy tsay ayaga hv ts 017', 'cainy cayny tsainy tsayny ayaga ger ahui ahuy akhui akhuy cai cay tsai tsay ayaga hv 017', 'hvц017');
INSERT INTO products (id, sku, sku_normalized, name, category, tags, price_mnt, strict_key, basic_key) VALUES (18, 'HV-Ч-018', 'hvч018', 'Чулуун аяга', 'Гэр ахуй', 'чулуу, аяга', 41750, 'чулуун аяга гэр ахуй чулуу аяга hv ч 018 chuluun ayaga ger akhuy chuluu ayaga hv ch 018', 'чулуун аяга гэр ахуй чулуу аяга hv ч 018 chuluun aiaga ger akhui chuluu aiaga hv ch 018');
INSERT INTO product_search (product_id, name, category, tags, sku, strict_key, basic_key) VALUES (18, 'чулуун аяга chuluun ayaga', 'гэр ахуй ger akhuy', 'чулуу аяга chuluu ayaga', 'hv ч 018 hv ch 018', 'чулуун аяга гэр ахуй чулуу аяга hv ч 018 chuluun ayaga ger akhuy chuluu ayaga hv ch 018', 'чулуун аяга гэр ахуй чулуу аяга hv ч 018 chuluun aiaga ger akhui chuluu aiaga hv ch 018');
INSERT INTO product_search_tiered (product_id, native_key, strict_key, basic_key, sku_key) VALUES (18, 'чулуун аяга гэр ахуй чулуу аяга hv ч 018', 'chuluun ayaga ger akhuy chuluu ayaga hv ch 018', 'chuluun ayaga ger ahui ahuy akhui akhuy chuluu ayaga hv 018', 'hvч018');
INSERT INTO products (id, sku, sku_normalized, name, category, tags, price_mnt, strict_key, basic_key) VALUES (19, 'HV-Ш-019', 'hvш019', 'Шилэн сав', 'Гэр ахуй', 'шил, сав', 43500, 'шилэн сав гэр ахуй шил сав hv ш 019 shilen sav ger akhuy shil sav hv sh 019', 'шилэн сав гэр ахуй шил сав hv ш 019 shilen sav ger akhui shil sav hv sh 019');
INSERT INTO product_search (product_id, name, category, tags, sku, strict_key, basic_key) VALUES (19, 'шилэн сав shilen sav', 'гэр ахуй ger akhuy', 'шил сав shil sav', 'hv ш 019 hv sh 019', 'шилэн сав гэр ахуй шил сав hv ш 019 shilen sav ger akhuy shil sav hv sh 019', 'шилэн сав гэр ахуй шил сав hv ш 019 shilen sav ger akhui shil sav hv sh 019');
INSERT INTO product_search_tiered (product_id, native_key, strict_key, basic_key, sku_key) VALUES (19, 'шилэн сав гэр ахуй шил сав hv ш 019', 'shilen sav ger akhuy shil sav hv sh 019', 'shilen sav ger ahui ahuy akhui akhuy shil sav hv 019', 'hvш019');
INSERT INTO products (id, sku, sku_normalized, name, category, tags, price_mnt, strict_key, basic_key) VALUES (20, 'HV-Ж-020', 'hvж020', 'Жимсний сагс', 'Гэр ахуй', 'жимс, сагс', 45250, 'жимсний сагс гэр ахуй жимс сагс hv ж 020 jimsniy sags ger akhuy jims sags hv j 020', 'жимсний сагс гэр ахуй жимс сагс hv ж 020 jimsnii sags ger akhui jims sags hv j 020');
INSERT INTO product_search (product_id, name, category, tags, sku, strict_key, basic_key) VALUES (20, 'жимсний сагс jimsniy sags', 'гэр ахуй ger akhuy', 'жимс сагс jims sags', 'hv ж 020 hv j 020', 'жимсний сагс гэр ахуй жимс сагс hv ж 020 jimsniy sags ger akhuy jims sags hv j 020', 'жимсний сагс гэр ахуй жимс сагс hv ж 020 jimsnii sags ger akhui jims sags hv j 020');
INSERT INTO product_search_tiered (product_id, native_key, strict_key, basic_key, sku_key) VALUES (20, 'жимсний сагс гэр ахуй жимс сагс hv ж 020', 'jimsniy sags ger akhuy jims sags hv j 020', 'jimsnii jimsniy sags ger ahui ahuy akhui akhuy jims sags hv 020', 'hvж020');
INSERT INTO products (id, sku, sku_normalized, name, category, tags, price_mnt, strict_key, basic_key) VALUES (21, 'HV-Я-021', 'hvя021', 'Янзын лаа', 'Гэр ахуй', 'лаа, гэрэл', 47000, 'янзын лаа гэр ахуй лаа гэрэл hv я 021 yanzyn laa ger akhuy laa gerel hv ya 021', 'янзын лаа гэр ахуй лаа гэрэл hv я 021 ianzin laa ger akhui laa gerel hv ia 021');
INSERT INTO product_search (product_id, name, category, tags, sku, strict_key, basic_key) VALUES (21, 'янзын лаа yanzyn laa', 'гэр ахуй ger akhuy', 'лаа гэрэл laa gerel', 'hv я 021 hv ya 021', 'янзын лаа гэр ахуй лаа гэрэл hv я 021 yanzyn laa ger akhuy laa gerel hv ya 021', 'янзын лаа гэр ахуй лаа гэрэл hv я 021 ianzin laa ger akhui laa gerel hv ia 021');
INSERT INTO product_search_tiered (product_id, native_key, strict_key, basic_key, sku_key) VALUES (21, 'янзын лаа гэр ахуй лаа гэрэл hv я 021', 'yanzyn laa ger akhuy laa gerel hv ya 021', 'yanzyn laa ger ahui ahuy akhui akhuy laa gerel hv 021', 'hvя021');
INSERT INTO products (id, sku, sku_normalized, name, category, tags, price_mnt, strict_key, basic_key) VALUES (22, 'HV-Ю-022', 'hvю022', 'Юмны хайрцаг', 'Гэр ахуй', 'хайрцаг, хадгалалт', 48750, 'юмны хайрцаг гэр ахуй хайрцаг хадгалалт hv ю 022 yumny khayrtsag ger akhuy khayrtsag khadgalalt hv yu 022', 'юмны хайрцаг гэр ахуй хайрцаг хадгалалт hv ю 022 iumni khairtsag ger akhui khairtsag khadgalalt hv iu 022');
INSERT INTO product_search (product_id, name, category, tags, sku, strict_key, basic_key) VALUES (22, 'юмны хайрцаг yumny khayrtsag', 'гэр ахуй ger akhuy', 'хайрцаг хадгалалт khayrtsag khadgalalt', 'hv ю 022 hv yu 022', 'юмны хайрцаг гэр ахуй хайрцаг хадгалалт hv ю 022 yumny khayrtsag ger akhuy khayrtsag khadgalalt hv yu 022', 'юмны хайрцаг гэр ахуй хайрцаг хадгалалт hv ю 022 iumni khairtsag ger akhui khairtsag khadgalalt hv iu 022');
INSERT INTO product_search_tiered (product_id, native_key, strict_key, basic_key, sku_key) VALUES (22, 'юмны хайрцаг гэр ахуй хайрцаг хадгалалт hv ю 022', 'yumny khayrtsag ger akhuy khayrtsag khadgalalt hv yu 022', 'yumny haircag hairtsag hayrcag hayrtsag khaircag khairtsag khayrcag khayrtsag ger ahui ahuy akhui akhuy haircag hairtsag hayrcag hayrtsag khaircag khairtsag khayrcag khayrtsag hadgalalt khadgalalt hv 022', 'hvю022');
INSERT INTO products (id, sku, sku_normalized, name, category, tags, price_mnt, strict_key, basic_key) VALUES (23, 'HV-Н-023', 'hvн023', 'Ногоон цай', 'Хүнс', 'ногоон, цай', 50500, 'ногоон цай хүнс ногоон цай hv н 023 nogoon tsay khüns nogoon tsay hv n 023', 'ногоон цай хүнс ногоон цай hv н 023 nogoon tsai khuns nogoon tsai hv n 023');
INSERT INTO product_search (product_id, name, category, tags, sku, strict_key, basic_key) VALUES (23, 'ногоон цай nogoon tsay', 'хүнс khüns', 'ногоон цай nogoon tsay', 'hv н 023 hv n 023', 'ногоон цай хүнс ногоон цай hv н 023 nogoon tsay khüns nogoon tsay hv n 023', 'ногоон цай хүнс ногоон цай hv н 023 nogoon tsai khuns nogoon tsai hv n 023');
INSERT INTO product_search_tiered (product_id, native_key, strict_key, basic_key, sku_key) VALUES (23, 'ногоон цай хүнс ногоон цай hv н 023', 'nogoon tsay khuens nogoon tsay hv n 023', 'nogoon cai cay tsai tsay huns hins khuns khins nogoon cai cay tsai tsay hv 023', 'hvн023');
INSERT INTO products (id, sku, sku_normalized, name, category, tags, price_mnt, strict_key, basic_key) VALUES (24, 'HV-Ө-024', 'hvө024', 'Өргөст хэмх', 'Хүнс', 'ногоо, өргөст', 52250, 'өргөст хэмх хүнс ногоо өргөст hv ө 024 örgöst khemkh khüns nogoo örgöst hv ö 024', 'өргөст хэмх хүнс ногоо өргөст hv ө 024 orgost khemkh khuns nogoo orgost hv o 024');
INSERT INTO product_search (product_id, name, category, tags, sku, strict_key, basic_key) VALUES (24, 'өргөст хэмх örgöst khemkh', 'хүнс khüns', 'ногоо өргөст nogoo örgöst', 'hv ө 024 hv ö 024', 'өргөст хэмх хүнс ногоо өргөст hv ө 024 örgöst khemkh khüns nogoo örgöst hv ö 024', 'өргөст хэмх хүнс ногоо өргөст hv ө 024 orgost khemkh khuns nogoo orgost hv o 024');
INSERT INTO product_search_tiered (product_id, native_key, strict_key, basic_key, sku_key) VALUES (24, 'өргөст хэмх хүнс ногоо өргөст hv ө 024', 'oergoest khemkh khuens nogoo oergoest hv oe 024', 'orgost orgust urgost urgust hemh hemkh khemh khemkh huns hins khuns khins nogoo orgost orgust urgost urgust hv 024', 'hvө024');
INSERT INTO products (id, sku, sku_normalized, name, category, tags, price_mnt, strict_key, basic_key) VALUES (25, 'HV-Ү-025', 'hvү025', 'Үхрийн мах', 'Хүнс', 'мах, үхэр', 54000, 'үхрийн мах хүнс мах үхэр hv ү 025 ükhriyn makh khüns makh ükher hv ü 025', 'үхрийн мах хүнс мах үхэр hv ү 025 ukhriin makh khuns makh ukher hv u 025');
INSERT INTO product_search (product_id, name, category, tags, sku, strict_key, basic_key) VALUES (25, 'үхрийн мах ükhriyn makh', 'хүнс khüns', 'мах үхэр makh ükher', 'hv ү 025 hv ü 025', 'үхрийн мах хүнс мах үхэр hv ү 025 ükhriyn makh khüns makh ükher hv ü 025', 'үхрийн мах хүнс мах үхэр hv ү 025 ukhriin makh khuns makh ukher hv u 025');
INSERT INTO product_search_tiered (product_id, native_key, strict_key, basic_key, sku_key) VALUES (25, 'үхрийн мах хүнс мах үхэр hv ү 025', 'uekhriyn makh khuens makh uekher hv ue 025', 'uhriin uhriyn ukhriin ukhriyn ihriin ihriyn ikhriin ikhriyn mah makh huns hins khuns khins mah makh uher ukher iher ikher hv 025', 'hvү025');
INSERT INTO products (id, sku, sku_normalized, name, category, tags, price_mnt, strict_key, basic_key) VALUES (26, 'HV-Ё-026', 'hvё026', 'Ёроолын цэвэрлэгч', 'Гэр ахуй', 'цэвэр, ёроол', 55750, 'ёроолын цэвэрлэгч гэр ахуй цэвэр ёроол hv ё 026 yoroolyn tseverlegch ger akhuy tsever yorool hv yo 026', 'ёроолын цэвэрлэгч гэр ахуй цэвэр ёроол hv ё 026 ioroolin tseverlegch ger akhui tsever iorool hv io 026');
INSERT INTO product_search (product_id, name, category, tags, sku, strict_key, basic_key) VALUES (26, 'ёроолын цэвэрлэгч yoroolyn tseverlegch', 'гэр ахуй ger akhuy', 'цэвэр ёроол tsever yorool', 'hv ё 026 hv yo 026', 'ёроолын цэвэрлэгч гэр ахуй цэвэр ёроол hv ё 026 yoroolyn tseverlegch ger akhuy tsever yorool hv yo 026', 'ёроолын цэвэрлэгч гэр ахуй цэвэр ёроол hv ё 026 ioroolin tseverlegch ger akhui tsever iorool hv io 026');
INSERT INTO product_search_tiered (product_id, native_key, strict_key, basic_key, sku_key) VALUES (26, 'ёроолын цэвэрлэгч гэр ахуй цэвэр ёроол hv ё 026', 'yoroolyn tseverlegch ger akhuy tsever yorool hv yo 026', 'yoroolyn eoroolyn ceverlegch tseverlegch ger ahui ahuy akhui akhuy cever tsever yorool eorool hv 026', 'hvё026');
INSERT INTO products (id, sku, sku_normalized, name, category, tags, price_mnt, strict_key, basic_key) VALUES (27, 'HV-Ц-027', 'hvц027', 'Цэвэр усны сав', 'Гэр ахуй', 'ус, цэвэр', 57500, 'цэвэр усны сав гэр ахуй ус цэвэр hv ц 027 tsever usny sav ger akhuy us tsever hv ts 027', 'цэвэр усны сав гэр ахуй ус цэвэр hv ц 027 tsever usni sav ger akhui us tsever hv ts 027');
INSERT INTO product_search (product_id, name, category, tags, sku, strict_key, basic_key) VALUES (27, 'цэвэр усны сав tsever usny sav', 'гэр ахуй ger akhuy', 'ус цэвэр us tsever', 'hv ц 027 hv ts 027', 'цэвэр усны сав гэр ахуй ус цэвэр hv ц 027 tsever usny sav ger akhuy us tsever hv ts 027', 'цэвэр усны сав гэр ахуй ус цэвэр hv ц 027 tsever usni sav ger akhui us tsever hv ts 027');
INSERT INTO product_search_tiered (product_id, native_key, strict_key, basic_key, sku_key) VALUES (27, 'цэвэр усны сав гэр ахуй ус цэвэр hv ц 027', 'tsever usny sav ger akhuy us tsever hv ts 027', 'cever tsever usny sav ger ahui ahuy akhui akhuy us cever tsever hv 027', 'hvц027');
INSERT INTO products (id, sku, sku_normalized, name, category, tags, price_mnt, strict_key, basic_key) VALUES (28, 'HV-Ч-028', 'hvч028', 'Чихэрлэг жимс', 'Хүнс', 'чихэр, жимс', 59250, 'чихэрлэг жимс хүнс чихэр жимс hv ч 028 chikherleg jims khüns chikher jims hv ch 028', 'чихэрлэг жимс хүнс чихэр жимс hv ч 028 chikherleg jims khuns chikher jims hv ch 028');
INSERT INTO product_search (product_id, name, category, tags, sku, strict_key, basic_key) VALUES (28, 'чихэрлэг жимс chikherleg jims', 'хүнс khüns', 'чихэр жимс chikher jims', 'hv ч 028 hv ch 028', 'чихэрлэг жимс хүнс чихэр жимс hv ч 028 chikherleg jims khüns chikher jims hv ch 028', 'чихэрлэг жимс хүнс чихэр жимс hv ч 028 chikherleg jims khuns chikher jims hv ch 028');
INSERT INTO product_search_tiered (product_id, native_key, strict_key, basic_key, sku_key) VALUES (28, 'чихэрлэг жимс хүнс чихэр жимс hv ч 028', 'chikherleg jims khuens chikher jims hv ch 028', 'chiherleg chikherleg jims huns hins khuns khins chiher chikher jims hv 028', 'hvч028');
INSERT INTO products (id, sku, sku_normalized, name, category, tags, price_mnt, strict_key, basic_key) VALUES (29, 'HV-Ш-029', 'hvш029', 'Шарсан кофе', 'Хүнс', 'кофе, шарсан', 61000, 'шарсан кофе хүнс кофе шарсан hv ш 029 sharsan kofe khüns kofe sharsan hv sh 029', 'шарсан кофе хүнс кофе шарсан hv ш 029 sharsan kofe khuns kofe sharsan hv sh 029');
INSERT INTO product_search (product_id, name, category, tags, sku, strict_key, basic_key) VALUES (29, 'шарсан кофе sharsan kofe', 'хүнс khüns', 'кофе шарсан kofe sharsan', 'hv ш 029 hv sh 029', 'шарсан кофе хүнс кофе шарсан hv ш 029 sharsan kofe khüns kofe sharsan hv sh 029', 'шарсан кофе хүнс кофе шарсан hv ш 029 sharsan kofe khuns kofe sharsan hv sh 029');
INSERT INTO product_search_tiered (product_id, native_key, strict_key, basic_key, sku_key) VALUES (29, 'шарсан кофе хүнс кофе шарсан hv ш 029', 'sharsan kofe khuens kofe sharsan hv sh 029', 'sharsan kofe huns hins khuns khins kofe sharsan hv 029', 'hvш029');
INSERT INTO products (id, sku, sku_normalized, name, category, tags, price_mnt, strict_key, basic_key) VALUES (30, 'HV-Ж-030', 'hvж030', 'Жимсний цай', 'Хүнс', 'жимс, цай', 62750, 'жимсний цай хүнс жимс цай hv ж 030 jimsniy tsay khüns jims tsay hv j 030', 'жимсний цай хүнс жимс цай hv ж 030 jimsnii tsai khuns jims tsai hv j 030');
INSERT INTO product_search (product_id, name, category, tags, sku, strict_key, basic_key) VALUES (30, 'жимсний цай jimsniy tsay', 'хүнс khüns', 'жимс цай jims tsay', 'hv ж 030 hv j 030', 'жимсний цай хүнс жимс цай hv ж 030 jimsniy tsay khüns jims tsay hv j 030', 'жимсний цай хүнс жимс цай hv ж 030 jimsnii tsai khuns jims tsai hv j 030');
INSERT INTO product_search_tiered (product_id, native_key, strict_key, basic_key, sku_key) VALUES (30, 'жимсний цай хүнс жимс цай hv ж 030', 'jimsniy tsay khuens jims tsay hv j 030', 'jimsnii jimsniy cai cay tsai tsay huns hins khuns khins jims cai cay tsai tsay hv 030', 'hvж030');
INSERT INTO products (id, sku, sku_normalized, name, category, tags, price_mnt, strict_key, basic_key) VALUES (31, 'HV-Я-031', 'hvя031', 'Яргай загас', 'Хүнс', 'загас, яргай', 64500, 'яргай загас хүнс загас яргай hv я 031 yargay zagas khüns zagas yargay hv ya 031', 'яргай загас хүнс загас яргай hv я 031 iargai zagas khuns zagas iargai hv ia 031');
INSERT INTO product_search (product_id, name, category, tags, sku, strict_key, basic_key) VALUES (31, 'яргай загас yargay zagas', 'хүнс khüns', 'загас яргай zagas yargay', 'hv я 031 hv ya 031', 'яргай загас хүнс загас яргай hv я 031 yargay zagas khüns zagas yargay hv ya 031', 'яргай загас хүнс загас яргай hv я 031 iargai zagas khuns zagas iargai hv ia 031');
INSERT INTO product_search_tiered (product_id, native_key, strict_key, basic_key, sku_key) VALUES (31, 'яргай загас хүнс загас яргай hv я 031', 'yargay zagas khuens zagas yargay hv ya 031', 'yargai yargay zagas huns hins khuns khins zagas yargai yargay hv 031', 'hvя031');
INSERT INTO products (id, sku, sku_normalized, name, category, tags, price_mnt, strict_key, basic_key) VALUES (32, 'HV-Ю-032', 'hvю032', 'Юүлүүр гал тогоо', 'Гэр ахуй', 'гал тогоо, юүлүүр', 66250, 'юүлүүр гал тогоо гэр ахуй гал тогоо юүлүүр hv ю 032 yuülüür gal togoo ger akhuy gal togoo yuülüür hv yu 032', 'юүлүүр гал тогоо гэр ахуй гал тогоо юүлүүр hv ю 032 iuuluur gal togoo ger akhui gal togoo iuuluur hv iu 032');
INSERT INTO product_search (product_id, name, category, tags, sku, strict_key, basic_key) VALUES (32, 'юүлүүр гал тогоо yuülüür gal togoo', 'гэр ахуй ger akhuy', 'гал тогоо юүлүүр gal togoo yuülüür', 'hv ю 032 hv yu 032', 'юүлүүр гал тогоо гэр ахуй гал тогоо юүлүүр hv ю 032 yuülüür gal togoo ger akhuy gal togoo yuülüür hv yu 032', 'юүлүүр гал тогоо гэр ахуй гал тогоо юүлүүр hv ю 032 iuuluur gal togoo ger akhui gal togoo iuuluur hv iu 032');
INSERT INTO product_search_tiered (product_id, native_key, strict_key, basic_key, sku_key) VALUES (32, 'юүлүүр гал тогоо гэр ахуй гал тогоо юүлүүр hv ю 032', 'yuuelueuer gal togoo ger akhuy gal togoo yuuelueuer hv yu 032', 'yuuluur yuuluir yuuliur yuuliir yuiluur yuiluir yuiliur yuiliir gal togoo ger ahui ahuy akhui akhuy gal togoo yuuluur yuuluir yuuliur yuuliir yuiluur yuiluir yuiliur yuiliir hv 032', 'hvю032');
INSERT INTO products (id, sku, sku_normalized, name, category, tags, price_mnt, strict_key, basic_key) VALUES (33, 'HV-Ө-033', 'hvө033', 'Ноосон-цамц', 'Хувцас', 'ноос, цамц', 68000, 'ноосон цамц хувцас ноос цамц hv ө 033 nooson tsamts khuvtsas noos tsamts hv ö 033', 'ноосон цамц хувцас ноос цамц hv ө 033 nooson tsamts khuvtsas noos tsamts hv o 033');
INSERT INTO product_search (product_id, name, category, tags, sku, strict_key, basic_key) VALUES (33, 'ноосон цамц nooson tsamts', 'хувцас khuvtsas', 'ноос цамц noos tsamts', 'hv ө 033 hv ö 033', 'ноосон цамц хувцас ноос цамц hv ө 033 nooson tsamts khuvtsas noos tsamts hv ö 033', 'ноосон цамц хувцас ноос цамц hv ө 033 nooson tsamts khuvtsas noos tsamts hv o 033');
INSERT INTO product_search_tiered (product_id, native_key, strict_key, basic_key, sku_key) VALUES (33, 'ноосон цамц хувцас ноос цамц hv ө 033', 'nooson tsamts khuvtsas noos tsamts hv oe 033', 'nooson camc camts tsamc tsamts huvcas huvtsas khuvcas khuvtsas noos camc camts tsamc tsamts hv 033', 'hvө033');
INSERT INTO products (id, sku, sku_normalized, name, category, tags, price_mnt, strict_key, basic_key) VALUES (34, 'HV-Ө-034', 'hvө034', 'Өргөн мөртэй цүнх', 'Цүнх', 'өргөн, мөр', 69750, 'өргөн мөртэй цүнх цүнх өргөн мөр hv ө 034 örgön mörtey tsünkh tsünkh örgön mör hv ö 034', 'өргөн мөртэй цүнх цүнх өргөн мөр hv ө 034 orgon mortei tsunkh tsunkh orgon mor hv o 034');
INSERT INTO product_search (product_id, name, category, tags, sku, strict_key, basic_key) VALUES (34, 'өргөн мөртэй цүнх örgön mörtey tsünkh', 'цүнх tsünkh', 'өргөн мөр örgön mör', 'hv ө 034 hv ö 034', 'өргөн мөртэй цүнх цүнх өргөн мөр hv ө 034 örgön mörtey tsünkh tsünkh örgön mör hv ö 034', 'өргөн мөртэй цүнх цүнх өргөн мөр hv ө 034 orgon mortei tsunkh tsunkh orgon mor hv o 034');
INSERT INTO product_search_tiered (product_id, native_key, strict_key, basic_key, sku_key) VALUES (34, 'өргөн мөртэй цүнх цүнх өргөн мөр hv ө 034', 'oergoen moertey tsuenkh tsuenkh oergoen moer hv oe 034', 'orgon orgun urgon urgun mortei mortey murtei murtey cunh cunkh cinh cinkh tsunh tsunkh tsinh tsinkh cunh cunkh cinh cinkh tsunh tsunkh tsinh tsinkh orgon orgun urgon urgun mor mur hv 034', 'hvө034');
INSERT INTO products (id, sku, sku_normalized, name, category, tags, price_mnt, strict_key, basic_key) VALUES (35, 'HV-Ү-035', 'hvү035', 'Үзэгний сав', 'Бичиг хэрэг', 'үзэг, сав', 71500, 'үзэгний сав бичиг хэрэг үзэг сав hv ү 035 üzegniy sav bichig khereg üzeg sav hv ü 035', 'үзэгний сав бичиг хэрэг үзэг сав hv ү 035 uzegnii sav bichig khereg uzeg sav hv u 035');
INSERT INTO product_search (product_id, name, category, tags, sku, strict_key, basic_key) VALUES (35, 'үзэгний сав üzegniy sav', 'бичиг хэрэг bichig khereg', 'үзэг сав üzeg sav', 'hv ү 035 hv ü 035', 'үзэгний сав бичиг хэрэг үзэг сав hv ү 035 üzegniy sav bichig khereg üzeg sav hv ü 035', 'үзэгний сав бичиг хэрэг үзэг сав hv ү 035 uzegnii sav bichig khereg uzeg sav hv u 035');
INSERT INTO product_search_tiered (product_id, native_key, strict_key, basic_key, sku_key) VALUES (35, 'үзэгний сав бичиг хэрэг үзэг сав hv ү 035', 'uezegniy sav bichig khereg uezeg sav hv ue 035', 'uzegnii uzegniy izegnii izegniy sav bichig hereg khereg uzeg izeg sav hv 035', 'hvү035');
INSERT INTO products (id, sku, sku_normalized, name, category, tags, price_mnt, strict_key, basic_key) VALUES (36, 'HV-Ё-036', 'hvё036', 'Ёслолын бүс', 'Дагалдах', 'ёслол, бүс', 73250, 'ёслолын бүс дагалдах ёслол бүс hv ё 036 yoslolyn büs dagaldakh yoslol büs hv yo 036', 'ёслолын бүс дагалдах ёслол бүс hv ё 036 ioslolin bus dagaldakh ioslol bus hv io 036');
INSERT INTO product_search (product_id, name, category, tags, sku, strict_key, basic_key) VALUES (36, 'ёслолын бүс yoslolyn büs', 'дагалдах dagaldakh', 'ёслол бүс yoslol büs', 'hv ё 036 hv yo 036', 'ёслолын бүс дагалдах ёслол бүс hv ё 036 yoslolyn büs dagaldakh yoslol büs hv yo 036', 'ёслолын бүс дагалдах ёслол бүс hv ё 036 ioslolin bus dagaldakh ioslol bus hv io 036');
INSERT INTO product_search_tiered (product_id, native_key, strict_key, basic_key, sku_key) VALUES (36, 'ёслолын бүс дагалдах ёслол бүс hv ё 036', 'yoslolyn bues dagaldakh yoslol bues hv yo 036', 'yoslolyn eoslolyn bus bis dagaldah dagaldakh yoslol eoslol bus bis hv 036', 'hvё036');
INSERT INTO products (id, sku, sku_normalized, name, category, tags, price_mnt, strict_key, basic_key) VALUES (37, 'HV-Ц-037', 'hvц037', 'Цахилгаан данх', 'Гэр ахуй', 'данх, цахилгаан', 75000, 'цахилгаан данх гэр ахуй данх цахилгаан hv ц 037 tsakhilgaan dankh ger akhuy dankh tsakhilgaan hv ts 037', 'цахилгаан данх гэр ахуй данх цахилгаан hv ц 037 tsakhilgaan dankh ger akhui dankh tsakhilgaan hv ts 037');
INSERT INTO product_search (product_id, name, category, tags, sku, strict_key, basic_key) VALUES (37, 'цахилгаан данх tsakhilgaan dankh', 'гэр ахуй ger akhuy', 'данх цахилгаан dankh tsakhilgaan', 'hv ц 037 hv ts 037', 'цахилгаан данх гэр ахуй данх цахилгаан hv ц 037 tsakhilgaan dankh ger akhuy dankh tsakhilgaan hv ts 037', 'цахилгаан данх гэр ахуй данх цахилгаан hv ц 037 tsakhilgaan dankh ger akhui dankh tsakhilgaan hv ts 037');
INSERT INTO product_search_tiered (product_id, native_key, strict_key, basic_key, sku_key) VALUES (37, 'цахилгаан данх гэр ахуй данх цахилгаан hv ц 037', 'tsakhilgaan dankh ger akhuy dankh tsakhilgaan hv ts 037', 'cahilgaan cakhilgaan tsahilgaan tsakhilgaan danh dankh ger ahui ahuy akhui akhuy danh dankh cahilgaan cakhilgaan tsahilgaan tsakhilgaan hv 037', 'hvц037');
INSERT INTO products (id, sku, sku_normalized, name, category, tags, price_mnt, strict_key, basic_key) VALUES (38, 'HV-Ч-038', 'hvч038', 'Чийгшүүлэгч тос', 'Гоо сайхан', 'тос, чийг', 76750, 'чийгшүүлэгч тос гоо сайхан тос чийг hv ч 038 chiygshüülegch tos goo saykhan tos chiyg hv ch 038', 'чийгшүүлэгч тос гоо сайхан тос чийг hv ч 038 chiigshuulegch tos goo saikhan tos chiig hv ch 038');
INSERT INTO product_search (product_id, name, category, tags, sku, strict_key, basic_key) VALUES (38, 'чийгшүүлэгч тос chiygshüülegch tos', 'гоо сайхан goo saykhan', 'тос чийг tos chiyg', 'hv ч 038 hv ch 038', 'чийгшүүлэгч тос гоо сайхан тос чийг hv ч 038 chiygshüülegch tos goo saykhan tos chiyg hv ch 038', 'чийгшүүлэгч тос гоо сайхан тос чийг hv ч 038 chiigshuulegch tos goo saikhan tos chiig hv ch 038');
INSERT INTO product_search_tiered (product_id, native_key, strict_key, basic_key, sku_key) VALUES (38, 'чийгшүүлэгч тос гоо сайхан тос чийг hv ч 038', 'chiygshueuelegch tos goo saykhan tos chiyg hv ch 038', 'chiigshuulegch chiigshuilegch chiigshiulegch chiigshiilegch chiygshuulegch chiygshuilegch chiygshiulegch chiygshiilegch tos goo saihan saikhan sayhan saykhan tos chiig chiyg hv 038', 'hvч038');
INSERT INTO products (id, sku, sku_normalized, name, category, tags, price_mnt, strict_key, basic_key) VALUES (39, 'HV-Ш-039', 'hvш039', 'Шүдний сойз', 'Гоо сайхан', 'шүд, сойз', 78500, 'шүдний сойз гоо сайхан шүд сойз hv ш 039 shüdniy soyz goo saykhan shüd soyz hv sh 039', 'шүдний сойз гоо сайхан шүд сойз hv ш 039 shudnii soiz goo saikhan shud soiz hv sh 039');
INSERT INTO product_search (product_id, name, category, tags, sku, strict_key, basic_key) VALUES (39, 'шүдний сойз shüdniy soyz', 'гоо сайхан goo saykhan', 'шүд сойз shüd soyz', 'hv ш 039 hv sh 039', 'шүдний сойз гоо сайхан шүд сойз hv ш 039 shüdniy soyz goo saykhan shüd soyz hv sh 039', 'шүдний сойз гоо сайхан шүд сойз hv ш 039 shudnii soiz goo saikhan shud soiz hv sh 039');
INSERT INTO product_search_tiered (product_id, native_key, strict_key, basic_key, sku_key) VALUES (39, 'шүдний сойз гоо сайхан шүд сойз hv ш 039', 'shuedniy soyz goo saykhan shued soyz hv sh 039', 'shudnii shudniy shidnii shidniy soiz soyz goo saihan saikhan sayhan saykhan shud shid soiz soyz hv 039', 'hvш039');
INSERT INTO products (id, sku, sku_normalized, name, category, tags, price_mnt, strict_key, basic_key) VALUES (40, 'HV-Ж-040', 'hvж040', 'Жижиг цэцгийн сав', 'Гэр ахуй', 'цэцэг, сав', 80250, 'жижиг цэцгийн сав гэр ахуй цэцэг сав hv ж 040 jijig tsetsgiyn sav ger akhuy tsetseg sav hv j 040', 'жижиг цэцгийн сав гэр ахуй цэцэг сав hv ж 040 jijig tsetsgiin sav ger akhui tsetseg sav hv j 040');
INSERT INTO product_search (product_id, name, category, tags, sku, strict_key, basic_key) VALUES (40, 'жижиг цэцгийн сав jijig tsetsgiyn sav', 'гэр ахуй ger akhuy', 'цэцэг сав tsetseg sav', 'hv ж 040 hv j 040', 'жижиг цэцгийн сав гэр ахуй цэцэг сав hv ж 040 jijig tsetsgiyn sav ger akhuy tsetseg sav hv j 040', 'жижиг цэцгийн сав гэр ахуй цэцэг сав hv ж 040 jijig tsetsgiin sav ger akhui tsetseg sav hv j 040');
INSERT INTO product_search_tiered (product_id, native_key, strict_key, basic_key, sku_key) VALUES (40, 'жижиг цэцгийн сав гэр ахуй цэцэг сав hv ж 040', 'jijig tsetsgiyn sav ger akhuy tsetseg sav hv j 040', 'jijig cecgiin cecgiyn cetsgiin cetsgiyn tsecgiin tsecgiyn tsetsgiin tsetsgiyn sav ger ahui ahuy akhui akhuy ceceg cetseg tseceg tsetseg sav hv 040', 'hvж040');
