DELETE FROM search_deletion_keys;
DELETE FROM search_terms;
DELETE FROM product_search_resilient;
DELETE FROM product_search_tiered;
DELETE FROM product_search;
DELETE FROM products;
INSERT INTO products (id, sku, sku_normalized, name, category, tags, price_mnt, strict_key, basic_key, brand, description, available, merchandising_position) VALUES (1, 'HV-Ө-001', 'hvө001', 'Ноосон цамц', 'Хувцас', 'ноос, дулаан', 12000, 'ноосон цамц хувцас ноос дулаан hv ө 001 nooson tsamts khuvtsas noos dulaan hv ö 001', 'ноосон цамц хувцас ноос дулаан hv ө 001 nooson tsamts khuvtsas noos dulaan hv o 001', 'Талын Од', 'Хувцас зориулсан синтетик туршилтын бүтээгдэхүүн ноос, дулаан', 1, 1);
INSERT INTO product_search (product_id, name, category, tags, sku, strict_key, basic_key) VALUES (1, 'ноосон цамц nooson tsamts', 'хувцас khuvtsas', 'ноос дулаан noos dulaan', 'hv ө 001 hv ö 001', 'ноосон цамц хувцас ноос дулаан hv ө 001 nooson tsamts khuvtsas noos dulaan hv ö 001', 'ноосон цамц хувцас ноос дулаан hv ө 001 nooson tsamts khuvtsas noos dulaan hv o 001');
INSERT INTO product_search_tiered (product_id, native_key, strict_key, basic_key, sku_key) VALUES (1, 'ноосон цамц хувцас ноос дулаан hv ө 001', 'nooson tsamts khuvtsas noos dulaan hv oe 001', 'nooson camc camts tsamc tsamts huvcas huvtsas khuvcas khuvtsas noos dulaan hv 001', 'hvө001');
INSERT INTO product_search_resilient (product_id, title_native, brand_native, category_native, tags_native, description_native, title_strict, brand_strict, category_strict, tags_strict, description_strict, title_basic, brand_basic, category_basic, tags_basic, description_basic) VALUES (1, 'ноосон цамц', 'талын од', 'хувцас', 'ноос дулаан', 'хувцас зориулсан синтетик туршилтын бүтээгдэхүүн ноос дулаан', 'nooson tsamts', 'talyn od', 'khuvtsas', 'noos dulaan', 'khuvtsas zoriulsan sintetik turshiltyn bueteegdekhueuen noos dulaan', 'nooson camc camts tsamc tsamts', 'talyn od', 'huvcas huvtsas khuvcas khuvtsas', 'noos dulaan', 'huvcas huvtsas khuvcas khuvtsas zoriulsan sintetik turshiltyn buteegdehuun buteegdehuin buteegdehiun buteegdehiin buteegdekhuun buteegdekhuin buteegdekhiun buteegdekhiin noos dulaan');
INSERT OR IGNORE INTO search_terms (term, product_id, field, representation) VALUES ('ноосон', 1, 'title', 'native');
INSERT OR IGNORE INTO search_deletion_keys (deletion_key, term, product_id, field, representation) VALUES ('ноосон', 'ноосон', 1, 'title', 'native');
INSERT OR IGNORE INTO search_deletion_keys (deletion_key, term, product_id, field, representation) VALUES ('оосон', 'ноосон', 1, 'title', 'native');
INSERT OR IGNORE INTO search_deletion_keys (deletion_key, term, product_id, field, representation) VALUES ('носон', 'ноосон', 1, 'title', 'native');
INSERT OR IGNORE INTO search_deletion_keys (deletion_key, term, product_id, field, representation) VALUES ('нооон', 'ноосон', 1, 'title', 'native');
INSERT OR IGNORE INTO search_deletion_keys (deletion_key, term, product_id, field, representation) VALUES ('ноосн', 'ноосон', 1, 'title', 'native');
INSERT OR IGNORE INTO search_deletion_keys (deletion_key, term, product_id, field, representation) VALUES ('ноосо', 'ноосон', 1, 'title', 'native');
INSERT OR IGNORE INTO search_terms (term, product_id, field, representation) VALUES ('цамц', 1, 'title', 'native');
INSERT OR IGNORE INTO search_deletion_keys (deletion_key, term, product_id, field, representation) VALUES ('цамц', 'цамц', 1, 'title', 'native');
INSERT OR IGNORE INTO search_deletion_keys (deletion_key, term, product_id, field, representation) VALUES ('амц', 'цамц', 1, 'title', 'native');
INSERT OR IGNORE INTO search_deletion_keys (deletion_key, term, product_id, field, representation) VALUES ('цмц', 'цамц', 1, 'title', 'native');
INSERT OR IGNORE INTO search_deletion_keys (deletion_key, term, product_id, field, representation) VALUES ('цац', 'цамц', 1, 'title', 'native');
INSERT OR IGNORE INTO search_deletion_keys (deletion_key, term, product_id, field, representation) VALUES ('цам', 'цамц', 1, 'title', 'native');
INSERT OR IGNORE INTO search_terms (term, product_id, field, representation) VALUES ('nooson', 1, 'title', 'strict');
INSERT OR IGNORE INTO search_deletion_keys (deletion_key, term, product_id, field, representation) VALUES ('nooson', 'nooson', 1, 'title', 'strict');
INSERT OR IGNORE INTO search_deletion_keys (deletion_key, term, product_id, field, representation) VALUES ('ooson', 'nooson', 1, 'title', 'strict');
INSERT OR IGNORE INTO search_deletion_keys (deletion_key, term, product_id, field, representation) VALUES ('noson', 'nooson', 1, 'title', 'strict');
INSERT OR IGNORE INTO search_deletion_keys (deletion_key, term, product_id, field, representation) VALUES ('nooon', 'nooson', 1, 'title', 'strict');
INSERT OR IGNORE INTO search_deletion_keys (deletion_key, term, product_id, field, representation) VALUES ('noosn', 'nooson', 1, 'title', 'strict');
INSERT OR IGNORE INTO search_deletion_keys (deletion_key, term, product_id, field, representation) VALUES ('nooso', 'nooson', 1, 'title', 'strict');
INSERT OR IGNORE INTO search_terms (term, product_id, field, representation) VALUES ('tsamts', 1, 'title', 'strict');
INSERT OR IGNORE INTO search_deletion_keys (deletion_key, term, product_id, field, representation) VALUES ('tsamts', 'tsamts', 1, 'title', 'strict');
INSERT OR IGNORE INTO search_deletion_keys (deletion_key, term, product_id, field, representation) VALUES ('samts', 'tsamts', 1, 'title', 'strict');
INSERT OR IGNORE INTO search_deletion_keys (deletion_key, term, product_id, field, representation) VALUES ('tamts', 'tsamts', 1, 'title', 'strict');
INSERT OR IGNORE INTO search_deletion_keys (deletion_key, term, product_id, field, representation) VALUES ('tsmts', 'tsamts', 1, 'title', 'strict');
INSERT OR IGNORE INTO search_deletion_keys (deletion_key, term, product_id, field, representation) VALUES ('tsats', 'tsamts', 1, 'title', 'strict');
INSERT OR IGNORE INTO search_deletion_keys (deletion_key, term, product_id, field, representation) VALUES ('tsams', 'tsamts', 1, 'title', 'strict');
INSERT OR IGNORE INTO search_deletion_keys (deletion_key, term, product_id, field, representation) VALUES ('tsamt', 'tsamts', 1, 'title', 'strict');
INSERT OR IGNORE INTO search_terms (term, product_id, field, representation) VALUES ('nooson', 1, 'title', 'basic');
INSERT OR IGNORE INTO search_deletion_keys (deletion_key, term, product_id, field, representation) VALUES ('nooson', 'nooson', 1, 'title', 'basic');
INSERT OR IGNORE INTO search_deletion_keys (deletion_key, term, product_id, field, representation) VALUES ('ooson', 'nooson', 1, 'title', 'basic');
INSERT OR IGNORE INTO search_deletion_keys (deletion_key, term, product_id, field, representation) VALUES ('noson', 'nooson', 1, 'title', 'basic');
INSERT OR IGNORE INTO search_deletion_keys (deletion_key, term, product_id, field, representation) VALUES ('nooon', 'nooson', 1, 'title', 'basic');
INSERT OR IGNORE INTO search_deletion_keys (deletion_key, term, product_id, field, representation) VALUES ('noosn', 'nooson', 1, 'title', 'basic');
INSERT OR IGNORE INTO search_deletion_keys (deletion_key, term, product_id, field, representation) VALUES ('nooso', 'nooson', 1, 'title', 'basic');
INSERT OR IGNORE INTO search_terms (term, product_id, field, representation) VALUES ('tsamts', 1, 'title', 'basic');
INSERT OR IGNORE INTO search_deletion_keys (deletion_key, term, product_id, field, representation) VALUES ('tsamts', 'tsamts', 1, 'title', 'basic');
INSERT OR IGNORE INTO search_deletion_keys (deletion_key, term, product_id, field, representation) VALUES ('samts', 'tsamts', 1, 'title', 'basic');
INSERT OR IGNORE INTO search_deletion_keys (deletion_key, term, product_id, field, representation) VALUES ('tamts', 'tsamts', 1, 'title', 'basic');
INSERT OR IGNORE INTO search_deletion_keys (deletion_key, term, product_id, field, representation) VALUES ('tsmts', 'tsamts', 1, 'title', 'basic');
INSERT OR IGNORE INTO search_deletion_keys (deletion_key, term, product_id, field, representation) VALUES ('tsats', 'tsamts', 1, 'title', 'basic');
INSERT OR IGNORE INTO search_deletion_keys (deletion_key, term, product_id, field, representation) VALUES ('tsams', 'tsamts', 1, 'title', 'basic');
INSERT OR IGNORE INTO search_deletion_keys (deletion_key, term, product_id, field, representation) VALUES ('tsamt', 'tsamts', 1, 'title', 'basic');
INSERT OR IGNORE INTO search_terms (term, product_id, field, representation) VALUES ('талын', 1, 'brand', 'native');
INSERT OR IGNORE INTO search_deletion_keys (deletion_key, term, product_id, field, representation) VALUES ('талын', 'талын', 1, 'brand', 'native');
INSERT OR IGNORE INTO search_deletion_keys (deletion_key, term, product_id, field, representation) VALUES ('алын', 'талын', 1, 'brand', 'native');
INSERT OR IGNORE INTO search_deletion_keys (deletion_key, term, product_id, field, representation) VALUES ('тлын', 'талын', 1, 'brand', 'native');
INSERT OR IGNORE INTO search_deletion_keys (deletion_key, term, product_id, field, representation) VALUES ('таын', 'талын', 1, 'brand', 'native');
INSERT OR IGNORE INTO search_deletion_keys (deletion_key, term, product_id, field, representation) VALUES ('талн', 'талын', 1, 'brand', 'native');
INSERT OR IGNORE INTO search_deletion_keys (deletion_key, term, product_id, field, representation) VALUES ('талы', 'талын', 1, 'brand', 'native');
INSERT OR IGNORE INTO search_terms (term, product_id, field, representation) VALUES ('talyn', 1, 'brand', 'strict');
INSERT OR IGNORE INTO search_deletion_keys (deletion_key, term, product_id, field, representation) VALUES ('talyn', 'talyn', 1, 'brand', 'strict');
INSERT OR IGNORE INTO search_deletion_keys (deletion_key, term, product_id, field, representation) VALUES ('alyn', 'talyn', 1, 'brand', 'strict');
INSERT OR IGNORE INTO search_deletion_keys (deletion_key, term, product_id, field, representation) VALUES ('tlyn', 'talyn', 1, 'brand', 'strict');
INSERT OR IGNORE INTO search_deletion_keys (deletion_key, term, product_id, field, representation) VALUES ('tayn', 'talyn', 1, 'brand', 'strict');
INSERT OR IGNORE INTO search_deletion_keys (deletion_key, term, product_id, field, representation) VALUES ('taln', 'talyn', 1, 'brand', 'strict');
INSERT OR IGNORE INTO search_deletion_keys (deletion_key, term, product_id, field, representation) VALUES ('taly', 'talyn', 1, 'brand', 'strict');
INSERT OR IGNORE INTO search_terms (term, product_id, field, representation) VALUES ('talin', 1, 'brand', 'basic');
INSERT OR IGNORE INTO search_deletion_keys (deletion_key, term, product_id, field, representation) VALUES ('talin', 'talin', 1, 'brand', 'basic');
INSERT OR IGNORE INTO search_deletion_keys (deletion_key, term, product_id, field, representation) VALUES ('alin', 'talin', 1, 'brand', 'basic');
INSERT OR IGNORE INTO search_deletion_keys (deletion_key, term, product_id, field, representation) VALUES ('tlin', 'talin', 1, 'brand', 'basic');
INSERT OR IGNORE INTO search_deletion_keys (deletion_key, term, product_id, field, representation) VALUES ('tain', 'talin', 1, 'brand', 'basic');
INSERT OR IGNORE INTO search_deletion_keys (deletion_key, term, product_id, field, representation) VALUES ('taln', 'talin', 1, 'brand', 'basic');
INSERT OR IGNORE INTO search_deletion_keys (deletion_key, term, product_id, field, representation) VALUES ('tali', 'talin', 1, 'brand', 'basic');
INSERT OR IGNORE INTO search_terms (term, product_id, field, representation) VALUES ('хувцас', 1, 'category', 'native');
INSERT OR IGNORE INTO search_deletion_keys (deletion_key, term, product_id, field, representation) VALUES ('хувцас', 'хувцас', 1, 'category', 'native');
INSERT OR IGNORE INTO search_deletion_keys (deletion_key, term, product_id, field, representation) VALUES ('увцас', 'хувцас', 1, 'category', 'native');
INSERT OR IGNORE INTO search_deletion_keys (deletion_key, term, product_id, field, representation) VALUES ('хвцас', 'хувцас', 1, 'category', 'native');
INSERT OR IGNORE INTO search_deletion_keys (deletion_key, term, product_id, field, representation) VALUES ('хуцас', 'хувцас', 1, 'category', 'native');
INSERT OR IGNORE INTO search_deletion_keys (deletion_key, term, product_id, field, representation) VALUES ('хувас', 'хувцас', 1, 'category', 'native');
INSERT OR IGNORE INTO search_deletion_keys (deletion_key, term, product_id, field, representation) VALUES ('хувцс', 'хувцас', 1, 'category', 'native');
INSERT OR IGNORE INTO search_deletion_keys (deletion_key, term, product_id, field, representation) VALUES ('хувца', 'хувцас', 1, 'category', 'native');
INSERT OR IGNORE INTO search_terms (term, product_id, field, representation) VALUES ('khuvtsas', 1, 'category', 'strict');
INSERT OR IGNORE INTO search_deletion_keys (deletion_key, term, product_id, field, representation) VALUES ('khuvtsas', 'khuvtsas', 1, 'category', 'strict');
INSERT OR IGNORE INTO search_deletion_keys (deletion_key, term, product_id, field, representation) VALUES ('huvtsas', 'khuvtsas', 1, 'category', 'strict');
INSERT OR IGNORE INTO search_deletion_keys (deletion_key, term, product_id, field, representation) VALUES ('kuvtsas', 'khuvtsas', 1, 'category', 'strict');
INSERT OR IGNORE INTO search_deletion_keys (deletion_key, term, product_id, field, representation) VALUES ('khvtsas', 'khuvtsas', 1, 'category', 'strict');
INSERT OR IGNORE INTO search_deletion_keys (deletion_key, term, product_id, field, representation) VALUES ('khutsas', 'khuvtsas', 1, 'category', 'strict');
INSERT OR IGNORE INTO search_deletion_keys (deletion_key, term, product_id, field, representation) VALUES ('khuvsas', 'khuvtsas', 1, 'category', 'strict');
INSERT OR IGNORE INTO search_deletion_keys (deletion_key, term, product_id, field, representation) VALUES ('khuvtas', 'khuvtsas', 1, 'category', 'strict');
INSERT OR IGNORE INTO search_deletion_keys (deletion_key, term, product_id, field, representation) VALUES ('khuvtss', 'khuvtsas', 1, 'category', 'strict');
INSERT OR IGNORE INTO search_deletion_keys (deletion_key, term, product_id, field, representation) VALUES ('khuvtsa', 'khuvtsas', 1, 'category', 'strict');
INSERT OR IGNORE INTO search_terms (term, product_id, field, representation) VALUES ('khuvtsas', 1, 'category', 'basic');
INSERT OR IGNORE INTO search_deletion_keys (deletion_key, term, product_id, field, representation) VALUES ('khuvtsas', 'khuvtsas', 1, 'category', 'basic');
INSERT OR IGNORE INTO search_deletion_keys (deletion_key, term, product_id, field, representation) VALUES ('huvtsas', 'khuvtsas', 1, 'category', 'basic');
INSERT OR IGNORE INTO search_deletion_keys (deletion_key, term, product_id, field, representation) VALUES ('kuvtsas', 'khuvtsas', 1, 'category', 'basic');
INSERT OR IGNORE INTO search_deletion_keys (deletion_key, term, product_id, field, representation) VALUES ('khvtsas', 'khuvtsas', 1, 'category', 'basic');
INSERT OR IGNORE INTO search_deletion_keys (deletion_key, term, product_id, field, representation) VALUES ('khutsas', 'khuvtsas', 1, 'category', 'basic');
INSERT OR IGNORE INTO search_deletion_keys (deletion_key, term, product_id, field, representation) VALUES ('khuvsas', 'khuvtsas', 1, 'category', 'basic');
INSERT OR IGNORE INTO search_deletion_keys (deletion_key, term, product_id, field, representation) VALUES ('khuvtas', 'khuvtsas', 1, 'category', 'basic');
INSERT OR IGNORE INTO search_deletion_keys (deletion_key, term, product_id, field, representation) VALUES ('khuvtss', 'khuvtsas', 1, 'category', 'basic');
INSERT OR IGNORE INTO search_deletion_keys (deletion_key, term, product_id, field, representation) VALUES ('khuvtsa', 'khuvtsas', 1, 'category', 'basic');
INSERT INTO products (id, sku, sku_normalized, name, category, tags, price_mnt, strict_key, basic_key, brand, description, available, merchandising_position) VALUES (2, 'HV-Ц-002', 'hvц002', 'Өдөр тутмын цүнх', 'Цүнх', 'өдөр, арьс', 13750, 'өдөр тутмын цүнх цүнх өдөр арьс hv ц 002 ödör tutmyn tsünkh tsünkh ödör ars hv ts 002', 'өдөр тутмын цүнх цүнх өдөр арьс hv ц 002 odor tutmin tsunkh tsunkh odor ars hv ts 002', 'Хөх Тэнгэр', 'Цүнх зориулсан синтетик туршилтын бүтээгдэхүүн өдөр, арьс', 1, 2);
INSERT INTO product_search (product_id, name, category, tags, sku, strict_key, basic_key) VALUES (2, 'өдөр тутмын цүнх ödör tutmyn tsünkh', 'цүнх tsünkh', 'өдөр арьс ödör ars', 'hv ц 002 hv ts 002', 'өдөр тутмын цүнх цүнх өдөр арьс hv ц 002 ödör tutmyn tsünkh tsünkh ödör ars hv ts 002', 'өдөр тутмын цүнх цүнх өдөр арьс hv ц 002 odor tutmin tsunkh tsunkh odor ars hv ts 002');
INSERT INTO product_search_tiered (product_id, native_key, strict_key, basic_key, sku_key) VALUES (2, 'өдөр тутмын цүнх цүнх өдөр арьс hv ц 002', 'oedoer tutmyn tsuenkh tsuenkh oedoer ars hv ts 002', 'odor odur udor udur tutmyn cunh cunkh cinh cinkh tsunh tsunkh tsinh tsinkh cunh cunkh cinh cinkh tsunh tsunkh tsinh tsinkh odor odur udor udur ars hv 002', 'hvц002');
INSERT INTO product_search_resilient (product_id, title_native, brand_native, category_native, tags_native, description_native, title_strict, brand_strict, category_strict, tags_strict, description_strict, title_basic, brand_basic, category_basic, tags_basic, description_basic) VALUES (2, 'өдөр тутмын цүнх', 'хөх тэнгэр', 'цүнх', 'өдөр арьс', 'цүнх зориулсан синтетик туршилтын бүтээгдэхүүн өдөр арьс', 'oedoer tutmyn tsuenkh', 'khoekh tenger', 'tsuenkh', 'oedoer ars', 'tsuenkh zoriulsan sintetik turshiltyn bueteegdekhueuen oedoer ars', 'odor odur udor udur tutmyn cunh cunkh cinh cinkh tsunh tsunkh tsinh tsinkh', 'hoh hokh huh hukh khoh khokh khuh khukh tenger', 'cunh cunkh cinh cinkh tsunh tsunkh tsinh tsinkh', 'odor odur udor udur ars', 'cunh cunkh cinh cinkh tsunh tsunkh tsinh tsinkh zoriulsan sintetik turshiltyn buteegdehuun buteegdehuin buteegdehiun buteegdehiin buteegdekhuun buteegdekhuin buteegdekhiun buteegdekhiin odor odur udor udur ars');
INSERT OR IGNORE INTO search_terms (term, product_id, field, representation) VALUES ('өдөр', 2, 'title', 'native');
INSERT OR IGNORE INTO search_deletion_keys (deletion_key, term, product_id, field, representation) VALUES ('өдөр', 'өдөр', 2, 'title', 'native');
INSERT OR IGNORE INTO search_deletion_keys (deletion_key, term, product_id, field, representation) VALUES ('дөр', 'өдөр', 2, 'title', 'native');
INSERT OR IGNORE INTO search_deletion_keys (deletion_key, term, product_id, field, representation) VALUES ('өөр', 'өдөр', 2, 'title', 'native');
INSERT OR IGNORE INTO search_deletion_keys (deletion_key, term, product_id, field, representation) VALUES ('өдр', 'өдөр', 2, 'title', 'native');
INSERT OR IGNORE INTO search_deletion_keys (deletion_key, term, product_id, field, representation) VALUES ('өдө', 'өдөр', 2, 'title', 'native');
INSERT OR IGNORE INTO search_terms (term, product_id, field, representation) VALUES ('тутмын', 2, 'title', 'native');
INSERT OR IGNORE INTO search_deletion_keys (deletion_key, term, product_id, field, representation) VALUES ('тутмын', 'тутмын', 2, 'title', 'native');
INSERT OR IGNORE INTO search_deletion_keys (deletion_key, term, product_id, field, representation) VALUES ('утмын', 'тутмын', 2, 'title', 'native');
INSERT OR IGNORE INTO search_deletion_keys (deletion_key, term, product_id, field, representation) VALUES ('ттмын', 'тутмын', 2, 'title', 'native');
INSERT OR IGNORE INTO search_deletion_keys (deletion_key, term, product_id, field, representation) VALUES ('тумын', 'тутмын', 2, 'title', 'native');
INSERT OR IGNORE INTO search_deletion_keys (deletion_key, term, product_id, field, representation) VALUES ('тутын', 'тутмын', 2, 'title', 'native');
INSERT OR IGNORE INTO search_deletion_keys (deletion_key, term, product_id, field, representation) VALUES ('тутмн', 'тутмын', 2, 'title', 'native');
INSERT OR IGNORE INTO search_deletion_keys (deletion_key, term, product_id, field, representation) VALUES ('тутмы', 'тутмын', 2, 'title', 'native');
INSERT OR IGNORE INTO search_terms (term, product_id, field, representation) VALUES ('цүнх', 2, 'title', 'native');
INSERT OR IGNORE INTO search_deletion_keys (deletion_key, term, product_id, field, representation) VALUES ('цүнх', 'цүнх', 2, 'title', 'native');
INSERT OR IGNORE INTO search_deletion_keys (deletion_key, term, product_id, field, representation) VALUES ('үнх', 'цүнх', 2, 'title', 'native');
INSERT OR IGNORE INTO search_deletion_keys (deletion_key, term, product_id, field, representation) VALUES ('цнх', 'цүнх', 2, 'title', 'native');
INSERT OR IGNORE INTO search_deletion_keys (deletion_key, term, product_id, field, representation) VALUES ('цүх', 'цүнх', 2, 'title', 'native');
INSERT OR IGNORE INTO search_deletion_keys (deletion_key, term, product_id, field, representation) VALUES ('цүн', 'цүнх', 2, 'title', 'native');
INSERT OR IGNORE INTO search_terms (term, product_id, field, representation) VALUES ('oedoer', 2, 'title', 'strict');
INSERT OR IGNORE INTO search_deletion_keys (deletion_key, term, product_id, field, representation) VALUES ('oedoer', 'oedoer', 2, 'title', 'strict');
INSERT OR IGNORE INTO search_deletion_keys (deletion_key, term, product_id, field, representation) VALUES ('edoer', 'oedoer', 2, 'title', 'strict');
INSERT OR IGNORE INTO search_deletion_keys (deletion_key, term, product_id, field, representation) VALUES ('odoer', 'oedoer', 2, 'title', 'strict');
INSERT OR IGNORE INTO search_deletion_keys (deletion_key, term, product_id, field, representation) VALUES ('oeoer', 'oedoer', 2, 'title', 'strict');
INSERT OR IGNORE INTO search_deletion_keys (deletion_key, term, product_id, field, representation) VALUES ('oeder', 'oedoer', 2, 'title', 'strict');
INSERT OR IGNORE INTO search_deletion_keys (deletion_key, term, product_id, field, representation) VALUES ('oedor', 'oedoer', 2, 'title', 'strict');
INSERT OR IGNORE INTO search_deletion_keys (deletion_key, term, product_id, field, representation) VALUES ('oedoe', 'oedoer', 2, 'title', 'strict');
INSERT OR IGNORE INTO search_terms (term, product_id, field, representation) VALUES ('tutmyn', 2, 'title', 'strict');
INSERT OR IGNORE INTO search_deletion_keys (deletion_key, term, product_id, field, representation) VALUES ('tutmyn', 'tutmyn', 2, 'title', 'strict');
INSERT OR IGNORE INTO search_deletion_keys (deletion_key, term, product_id, field, representation) VALUES ('utmyn', 'tutmyn', 2, 'title', 'strict');
INSERT OR IGNORE INTO search_deletion_keys (deletion_key, term, product_id, field, representation) VALUES ('ttmyn', 'tutmyn', 2, 'title', 'strict');
INSERT OR IGNORE INTO search_deletion_keys (deletion_key, term, product_id, field, representation) VALUES ('tumyn', 'tutmyn', 2, 'title', 'strict');
INSERT OR IGNORE INTO search_deletion_keys (deletion_key, term, product_id, field, representation) VALUES ('tutyn', 'tutmyn', 2, 'title', 'strict');
INSERT OR IGNORE INTO search_deletion_keys (deletion_key, term, product_id, field, representation) VALUES ('tutmn', 'tutmyn', 2, 'title', 'strict');
INSERT OR IGNORE INTO search_deletion_keys (deletion_key, term, product_id, field, representation) VALUES ('tutmy', 'tutmyn', 2, 'title', 'strict');
INSERT OR IGNORE INTO search_terms (term, product_id, field, representation) VALUES ('tsuenkh', 2, 'title', 'strict');
INSERT OR IGNORE INTO search_deletion_keys (deletion_key, term, product_id, field, representation) VALUES ('tsuenkh', 'tsuenkh', 2, 'title', 'strict');
INSERT OR IGNORE INTO search_deletion_keys (deletion_key, term, product_id, field, representation) VALUES ('suenkh', 'tsuenkh', 2, 'title', 'strict');
INSERT OR IGNORE INTO search_deletion_keys (deletion_key, term, product_id, field, representation) VALUES ('tuenkh', 'tsuenkh', 2, 'title', 'strict');
INSERT OR IGNORE INTO search_deletion_keys (deletion_key, term, product_id, field, representation) VALUES ('tsenkh', 'tsuenkh', 2, 'title', 'strict');
INSERT OR IGNORE INTO search_deletion_keys (deletion_key, term, product_id, field, representation) VALUES ('tsunkh', 'tsuenkh', 2, 'title', 'strict');
INSERT OR IGNORE INTO search_deletion_keys (deletion_key, term, product_id, field, representation) VALUES ('tsuekh', 'tsuenkh', 2, 'title', 'strict');
INSERT OR IGNORE INTO search_deletion_keys (deletion_key, term, product_id, field, representation) VALUES ('tsuenh', 'tsuenkh', 2, 'title', 'strict');
INSERT OR IGNORE INTO search_deletion_keys (deletion_key, term, product_id, field, representation) VALUES ('tsuenk', 'tsuenkh', 2, 'title', 'strict');
INSERT OR IGNORE INTO search_terms (term, product_id, field, representation) VALUES ('odor', 2, 'title', 'basic');
INSERT OR IGNORE INTO search_deletion_keys (deletion_key, term, product_id, field, representation) VALUES ('odor', 'odor', 2, 'title', 'basic');
INSERT OR IGNORE INTO search_deletion_keys (deletion_key, term, product_id, field, representation) VALUES ('dor', 'odor', 2, 'title', 'basic');
INSERT OR IGNORE INTO search_deletion_keys (deletion_key, term, product_id, field, representation) VALUES ('oor', 'odor', 2, 'title', 'basic');
INSERT OR IGNORE INTO search_deletion_keys (deletion_key, term, product_id, field, representation) VALUES ('odr', 'odor', 2, 'title', 'basic');
INSERT OR IGNORE INTO search_deletion_keys (deletion_key, term, product_id, field, representation) VALUES ('odo', 'odor', 2, 'title', 'basic');
INSERT OR IGNORE INTO search_terms (term, product_id, field, representation) VALUES ('tutmin', 2, 'title', 'basic');
INSERT OR IGNORE INTO search_deletion_keys (deletion_key, term, product_id, field, representation) VALUES ('tutmin', 'tutmin', 2, 'title', 'basic');
INSERT OR IGNORE INTO search_deletion_keys (deletion_key, term, product_id, field, representation) VALUES ('utmin', 'tutmin', 2, 'title', 'basic');
INSERT OR IGNORE INTO search_deletion_keys (deletion_key, term, product_id, field, representation) VALUES ('ttmin', 'tutmin', 2, 'title', 'basic');
INSERT OR IGNORE INTO search_deletion_keys (deletion_key, term, product_id, field, representation) VALUES ('tumin', 'tutmin', 2, 'title', 'basic');
INSERT OR IGNORE INTO search_deletion_keys (deletion_key, term, product_id, field, representation) VALUES ('tutin', 'tutmin', 2, 'title', 'basic');
INSERT OR IGNORE INTO search_deletion_keys (deletion_key, term, product_id, field, representation) VALUES ('tutmn', 'tutmin', 2, 'title', 'basic');
INSERT OR IGNORE INTO search_deletion_keys (deletion_key, term, product_id, field, representation) VALUES ('tutmi', 'tutmin', 2, 'title', 'basic');
INSERT OR IGNORE INTO search_terms (term, product_id, field, representation) VALUES ('tsunkh', 2, 'title', 'basic');
INSERT OR IGNORE INTO search_deletion_keys (deletion_key, term, product_id, field, representation) VALUES ('tsunkh', 'tsunkh', 2, 'title', 'basic');
INSERT OR IGNORE INTO search_deletion_keys (deletion_key, term, product_id, field, representation) VALUES ('sunkh', 'tsunkh', 2, 'title', 'basic');
INSERT OR IGNORE INTO search_deletion_keys (deletion_key, term, product_id, field, representation) VALUES ('tunkh', 'tsunkh', 2, 'title', 'basic');
INSERT OR IGNORE INTO search_deletion_keys (deletion_key, term, product_id, field, representation) VALUES ('tsnkh', 'tsunkh', 2, 'title', 'basic');
INSERT OR IGNORE INTO search_deletion_keys (deletion_key, term, product_id, field, representation) VALUES ('tsukh', 'tsunkh', 2, 'title', 'basic');
INSERT OR IGNORE INTO search_deletion_keys (deletion_key, term, product_id, field, representation) VALUES ('tsunh', 'tsunkh', 2, 'title', 'basic');
INSERT OR IGNORE INTO search_deletion_keys (deletion_key, term, product_id, field, representation) VALUES ('tsunk', 'tsunkh', 2, 'title', 'basic');
INSERT OR IGNORE INTO search_terms (term, product_id, field, representation) VALUES ('тэнгэр', 2, 'brand', 'native');
INSERT OR IGNORE INTO search_deletion_keys (deletion_key, term, product_id, field, representation) VALUES ('тэнгэр', 'тэнгэр', 2, 'brand', 'native');
INSERT OR IGNORE INTO search_deletion_keys (deletion_key, term, product_id, field, representation) VALUES ('энгэр', 'тэнгэр', 2, 'brand', 'native');
INSERT OR IGNORE INTO search_deletion_keys (deletion_key, term, product_id, field, representation) VALUES ('тнгэр', 'тэнгэр', 2, 'brand', 'native');
INSERT OR IGNORE INTO search_deletion_keys (deletion_key, term, product_id, field, representation) VALUES ('тэгэр', 'тэнгэр', 2, 'brand', 'native');
INSERT OR IGNORE INTO search_deletion_keys (deletion_key, term, product_id, field, representation) VALUES ('тэнэр', 'тэнгэр', 2, 'brand', 'native');
INSERT OR IGNORE INTO search_deletion_keys (deletion_key, term, product_id, field, representation) VALUES ('тэнгр', 'тэнгэр', 2, 'brand', 'native');
INSERT OR IGNORE INTO search_deletion_keys (deletion_key, term, product_id, field, representation) VALUES ('тэнгэ', 'тэнгэр', 2, 'brand', 'native');
INSERT OR IGNORE INTO search_terms (term, product_id, field, representation) VALUES ('khoekh', 2, 'brand', 'strict');
INSERT OR IGNORE INTO search_deletion_keys (deletion_key, term, product_id, field, representation) VALUES ('khoekh', 'khoekh', 2, 'brand', 'strict');
INSERT OR IGNORE INTO search_deletion_keys (deletion_key, term, product_id, field, representation) VALUES ('hoekh', 'khoekh', 2, 'brand', 'strict');
INSERT OR IGNORE INTO search_deletion_keys (deletion_key, term, product_id, field, representation) VALUES ('koekh', 'khoekh', 2, 'brand', 'strict');
INSERT OR IGNORE INTO search_deletion_keys (deletion_key, term, product_id, field, representation) VALUES ('khekh', 'khoekh', 2, 'brand', 'strict');
INSERT OR IGNORE INTO search_deletion_keys (deletion_key, term, product_id, field, representation) VALUES ('khokh', 'khoekh', 2, 'brand', 'strict');
INSERT OR IGNORE INTO search_deletion_keys (deletion_key, term, product_id, field, representation) VALUES ('khoeh', 'khoekh', 2, 'brand', 'strict');
INSERT OR IGNORE INTO search_deletion_keys (deletion_key, term, product_id, field, representation) VALUES ('khoek', 'khoekh', 2, 'brand', 'strict');
INSERT OR IGNORE INTO search_terms (term, product_id, field, representation) VALUES ('tenger', 2, 'brand', 'strict');
INSERT OR IGNORE INTO search_deletion_keys (deletion_key, term, product_id, field, representation) VALUES ('tenger', 'tenger', 2, 'brand', 'strict');
INSERT OR IGNORE INTO search_deletion_keys (deletion_key, term, product_id, field, representation) VALUES ('enger', 'tenger', 2, 'brand', 'strict');
INSERT OR IGNORE INTO search_deletion_keys (deletion_key, term, product_id, field, representation) VALUES ('tnger', 'tenger', 2, 'brand', 'strict');
INSERT OR IGNORE INTO search_deletion_keys (deletion_key, term, product_id, field, representation) VALUES ('teger', 'tenger', 2, 'brand', 'strict');
INSERT OR IGNORE INTO search_deletion_keys (deletion_key, term, product_id, field, representation) VALUES ('tener', 'tenger', 2, 'brand', 'strict');
INSERT OR IGNORE INTO search_deletion_keys (deletion_key, term, product_id, field, representation) VALUES ('tengr', 'tenger', 2, 'brand', 'strict');
INSERT OR IGNORE INTO search_deletion_keys (deletion_key, term, product_id, field, representation) VALUES ('tenge', 'tenger', 2, 'brand', 'strict');
INSERT OR IGNORE INTO search_terms (term, product_id, field, representation) VALUES ('khokh', 2, 'brand', 'basic');
INSERT OR IGNORE INTO search_deletion_keys (deletion_key, term, product_id, field, representation) VALUES ('khokh', 'khokh', 2, 'brand', 'basic');
INSERT OR IGNORE INTO search_deletion_keys (deletion_key, term, product_id, field, representation) VALUES ('hokh', 'khokh', 2, 'brand', 'basic');
INSERT OR IGNORE INTO search_deletion_keys (deletion_key, term, product_id, field, representation) VALUES ('kokh', 'khokh', 2, 'brand', 'basic');
INSERT OR IGNORE INTO search_deletion_keys (deletion_key, term, product_id, field, representation) VALUES ('khkh', 'khokh', 2, 'brand', 'basic');
INSERT OR IGNORE INTO search_deletion_keys (deletion_key, term, product_id, field, representation) VALUES ('khoh', 'khokh', 2, 'brand', 'basic');
INSERT OR IGNORE INTO search_deletion_keys (deletion_key, term, product_id, field, representation) VALUES ('khok', 'khokh', 2, 'brand', 'basic');
INSERT OR IGNORE INTO search_terms (term, product_id, field, representation) VALUES ('tenger', 2, 'brand', 'basic');
INSERT OR IGNORE INTO search_deletion_keys (deletion_key, term, product_id, field, representation) VALUES ('tenger', 'tenger', 2, 'brand', 'basic');
INSERT OR IGNORE INTO search_deletion_keys (deletion_key, term, product_id, field, representation) VALUES ('enger', 'tenger', 2, 'brand', 'basic');
INSERT OR IGNORE INTO search_deletion_keys (deletion_key, term, product_id, field, representation) VALUES ('tnger', 'tenger', 2, 'brand', 'basic');
INSERT OR IGNORE INTO search_deletion_keys (deletion_key, term, product_id, field, representation) VALUES ('teger', 'tenger', 2, 'brand', 'basic');
INSERT OR IGNORE INTO search_deletion_keys (deletion_key, term, product_id, field, representation) VALUES ('tener', 'tenger', 2, 'brand', 'basic');
INSERT OR IGNORE INTO search_deletion_keys (deletion_key, term, product_id, field, representation) VALUES ('tengr', 'tenger', 2, 'brand', 'basic');
INSERT OR IGNORE INTO search_deletion_keys (deletion_key, term, product_id, field, representation) VALUES ('tenge', 'tenger', 2, 'brand', 'basic');
INSERT OR IGNORE INTO search_terms (term, product_id, field, representation) VALUES ('цүнх', 2, 'category', 'native');
INSERT OR IGNORE INTO search_deletion_keys (deletion_key, term, product_id, field, representation) VALUES ('цүнх', 'цүнх', 2, 'category', 'native');
INSERT OR IGNORE INTO search_deletion_keys (deletion_key, term, product_id, field, representation) VALUES ('үнх', 'цүнх', 2, 'category', 'native');
INSERT OR IGNORE INTO search_deletion_keys (deletion_key, term, product_id, field, representation) VALUES ('цнх', 'цүнх', 2, 'category', 'native');
INSERT OR IGNORE INTO search_deletion_keys (deletion_key, term, product_id, field, representation) VALUES ('цүх', 'цүнх', 2, 'category', 'native');
INSERT OR IGNORE INTO search_deletion_keys (deletion_key, term, product_id, field, representation) VALUES ('цүн', 'цүнх', 2, 'category', 'native');
INSERT OR IGNORE INTO search_terms (term, product_id, field, representation) VALUES ('tsuenkh', 2, 'category', 'strict');
INSERT OR IGNORE INTO search_deletion_keys (deletion_key, term, product_id, field, representation) VALUES ('tsuenkh', 'tsuenkh', 2, 'category', 'strict');
INSERT OR IGNORE INTO search_deletion_keys (deletion_key, term, product_id, field, representation) VALUES ('suenkh', 'tsuenkh', 2, 'category', 'strict');
INSERT OR IGNORE INTO search_deletion_keys (deletion_key, term, product_id, field, representation) VALUES ('tuenkh', 'tsuenkh', 2, 'category', 'strict');
INSERT OR IGNORE INTO search_deletion_keys (deletion_key, term, product_id, field, representation) VALUES ('tsenkh', 'tsuenkh', 2, 'category', 'strict');
INSERT OR IGNORE INTO search_deletion_keys (deletion_key, term, product_id, field, representation) VALUES ('tsunkh', 'tsuenkh', 2, 'category', 'strict');
INSERT OR IGNORE INTO search_deletion_keys (deletion_key, term, product_id, field, representation) VALUES ('tsuekh', 'tsuenkh', 2, 'category', 'strict');
INSERT OR IGNORE INTO search_deletion_keys (deletion_key, term, product_id, field, representation) VALUES ('tsuenh', 'tsuenkh', 2, 'category', 'strict');
INSERT OR IGNORE INTO search_deletion_keys (deletion_key, term, product_id, field, representation) VALUES ('tsuenk', 'tsuenkh', 2, 'category', 'strict');
INSERT OR IGNORE INTO search_terms (term, product_id, field, representation) VALUES ('tsunkh', 2, 'category', 'basic');
INSERT OR IGNORE INTO search_deletion_keys (deletion_key, term, product_id, field, representation) VALUES ('tsunkh', 'tsunkh', 2, 'category', 'basic');
INSERT OR IGNORE INTO search_deletion_keys (deletion_key, term, product_id, field, representation) VALUES ('sunkh', 'tsunkh', 2, 'category', 'basic');
INSERT OR IGNORE INTO search_deletion_keys (deletion_key, term, product_id, field, representation) VALUES ('tunkh', 'tsunkh', 2, 'category', 'basic');
INSERT OR IGNORE INTO search_deletion_keys (deletion_key, term, product_id, field, representation) VALUES ('tsnkh', 'tsunkh', 2, 'category', 'basic');
INSERT OR IGNORE INTO search_deletion_keys (deletion_key, term, product_id, field, representation) VALUES ('tsukh', 'tsunkh', 2, 'category', 'basic');
INSERT OR IGNORE INTO search_deletion_keys (deletion_key, term, product_id, field, representation) VALUES ('tsunh', 'tsunkh', 2, 'category', 'basic');
INSERT OR IGNORE INTO search_deletion_keys (deletion_key, term, product_id, field, representation) VALUES ('tsunk', 'tsunkh', 2, 'category', 'basic');
INSERT INTO products (id, sku, sku_normalized, name, category, tags, price_mnt, strict_key, basic_key, brand, description, available, merchandising_position) VALUES (3, 'HV-Ү-003', 'hvү003', 'Үсний боолт', 'Гоо сайхан', 'үс, даавуу', 15500, 'үсний боолт гоо сайхан үс даавуу hv ү 003 üsniy boolt goo saykhan üs daavuu hv ü 003', 'үсний боолт гоо сайхан үс даавуу hv ү 003 usnii boolt goo saikhan us daavuu hv u 003', 'Алтан Өргөө', 'Гоо сайхан зориулсан синтетик туршилтын бүтээгдэхүүн үс, даавуу', 1, 3);
INSERT INTO product_search (product_id, name, category, tags, sku, strict_key, basic_key) VALUES (3, 'үсний боолт üsniy boolt', 'гоо сайхан goo saykhan', 'үс даавуу üs daavuu', 'hv ү 003 hv ü 003', 'үсний боолт гоо сайхан үс даавуу hv ү 003 üsniy boolt goo saykhan üs daavuu hv ü 003', 'үсний боолт гоо сайхан үс даавуу hv ү 003 usnii boolt goo saikhan us daavuu hv u 003');
INSERT INTO product_search_tiered (product_id, native_key, strict_key, basic_key, sku_key) VALUES (3, 'үсний боолт гоо сайхан үс даавуу hv ү 003', 'uesniy boolt goo saykhan ues daavuu hv ue 003', 'usnii usniy isnii isniy boolt goo saihan saikhan sayhan saykhan us is daavuu hv 003', 'hvү003');
INSERT INTO product_search_resilient (product_id, title_native, brand_native, category_native, tags_native, description_native, title_strict, brand_strict, category_strict, tags_strict, description_strict, title_basic, brand_basic, category_basic, tags_basic, description_basic) VALUES (3, 'үсний боолт', 'алтан өргөө', 'гоо сайхан', 'үс даавуу', 'гоо сайхан зориулсан синтетик туршилтын бүтээгдэхүүн үс даавуу', 'uesniy boolt', 'altan oergoeoe', 'goo saykhan', 'ues daavuu', 'goo saykhan zoriulsan sintetik turshiltyn bueteegdekhueuen ues daavuu', 'usnii usniy isnii isniy boolt', 'altan orgoo orgou orguo orguu urgoo urgou urguo urguu', 'goo saihan saikhan sayhan saykhan', 'us is daavuu', 'goo saihan saikhan sayhan saykhan zoriulsan sintetik turshiltyn buteegdehuun buteegdehuin buteegdehiun buteegdehiin buteegdekhuun buteegdekhuin buteegdekhiun buteegdekhiin us is daavuu');
INSERT OR IGNORE INTO search_terms (term, product_id, field, representation) VALUES ('үсний', 3, 'title', 'native');
INSERT OR IGNORE INTO search_deletion_keys (deletion_key, term, product_id, field, representation) VALUES ('үсний', 'үсний', 3, 'title', 'native');
INSERT OR IGNORE INTO search_deletion_keys (deletion_key, term, product_id, field, representation) VALUES ('сний', 'үсний', 3, 'title', 'native');
INSERT OR IGNORE INTO search_deletion_keys (deletion_key, term, product_id, field, representation) VALUES ('үний', 'үсний', 3, 'title', 'native');
INSERT OR IGNORE INTO search_deletion_keys (deletion_key, term, product_id, field, representation) VALUES ('үсий', 'үсний', 3, 'title', 'native');
INSERT OR IGNORE INTO search_deletion_keys (deletion_key, term, product_id, field, representation) VALUES ('үснй', 'үсний', 3, 'title', 'native');
INSERT OR IGNORE INTO search_deletion_keys (deletion_key, term, product_id, field, representation) VALUES ('үсни', 'үсний', 3, 'title', 'native');
INSERT OR IGNORE INTO search_terms (term, product_id, field, representation) VALUES ('боолт', 3, 'title', 'native');
INSERT OR IGNORE INTO search_deletion_keys (deletion_key, term, product_id, field, representation) VALUES ('боолт', 'боолт', 3, 'title', 'native');
INSERT OR IGNORE INTO search_deletion_keys (deletion_key, term, product_id, field, representation) VALUES ('оолт', 'боолт', 3, 'title', 'native');
INSERT OR IGNORE INTO search_deletion_keys (deletion_key, term, product_id, field, representation) VALUES ('болт', 'боолт', 3, 'title', 'native');
INSERT OR IGNORE INTO search_deletion_keys (deletion_key, term, product_id, field, representation) VALUES ('боот', 'боолт', 3, 'title', 'native');
INSERT OR IGNORE INTO search_deletion_keys (deletion_key, term, product_id, field, representation) VALUES ('боол', 'боолт', 3, 'title', 'native');
INSERT OR IGNORE INTO search_terms (term, product_id, field, representation) VALUES ('uesniy', 3, 'title', 'strict');
INSERT OR IGNORE INTO search_deletion_keys (deletion_key, term, product_id, field, representation) VALUES ('uesniy', 'uesniy', 3, 'title', 'strict');
INSERT OR IGNORE INTO search_deletion_keys (deletion_key, term, product_id, field, representation) VALUES ('esniy', 'uesniy', 3, 'title', 'strict');
INSERT OR IGNORE INTO search_deletion_keys (deletion_key, term, product_id, field, representation) VALUES ('usniy', 'uesniy', 3, 'title', 'strict');
INSERT OR IGNORE INTO search_deletion_keys (deletion_key, term, product_id, field, representation) VALUES ('ueniy', 'uesniy', 3, 'title', 'strict');
INSERT OR IGNORE INTO search_deletion_keys (deletion_key, term, product_id, field, representation) VALUES ('uesiy', 'uesniy', 3, 'title', 'strict');
INSERT OR IGNORE INTO search_deletion_keys (deletion_key, term, product_id, field, representation) VALUES ('uesny', 'uesniy', 3, 'title', 'strict');
INSERT OR IGNORE INTO search_deletion_keys (deletion_key, term, product_id, field, representation) VALUES ('uesni', 'uesniy', 3, 'title', 'strict');
INSERT OR IGNORE INTO search_terms (term, product_id, field, representation) VALUES ('boolt', 3, 'title', 'strict');
INSERT OR IGNORE INTO search_deletion_keys (deletion_key, term, product_id, field, representation) VALUES ('boolt', 'boolt', 3, 'title', 'strict');
INSERT OR IGNORE INTO search_deletion_keys (deletion_key, term, product_id, field, representation) VALUES ('oolt', 'boolt', 3, 'title', 'strict');
INSERT OR IGNORE INTO search_deletion_keys (deletion_key, term, product_id, field, representation) VALUES ('bolt', 'boolt', 3, 'title', 'strict');
INSERT OR IGNORE INTO search_deletion_keys (deletion_key, term, product_id, field, representation) VALUES ('boot', 'boolt', 3, 'title', 'strict');
INSERT OR IGNORE INTO search_deletion_keys (deletion_key, term, product_id, field, representation) VALUES ('bool', 'boolt', 3, 'title', 'strict');
INSERT OR IGNORE INTO search_terms (term, product_id, field, representation) VALUES ('usnii', 3, 'title', 'basic');
INSERT OR IGNORE INTO search_deletion_keys (deletion_key, term, product_id, field, representation) VALUES ('usnii', 'usnii', 3, 'title', 'basic');
INSERT OR IGNORE INTO search_deletion_keys (deletion_key, term, product_id, field, representation) VALUES ('snii', 'usnii', 3, 'title', 'basic');
INSERT OR IGNORE INTO search_deletion_keys (deletion_key, term, product_id, field, representation) VALUES ('unii', 'usnii', 3, 'title', 'basic');
INSERT OR IGNORE INTO search_deletion_keys (deletion_key, term, product_id, field, representation) VALUES ('usii', 'usnii', 3, 'title', 'basic');
INSERT OR IGNORE INTO search_deletion_keys (deletion_key, term, product_id, field, representation) VALUES ('usni', 'usnii', 3, 'title', 'basic');
INSERT OR IGNORE INTO search_terms (term, product_id, field, representation) VALUES ('boolt', 3, 'title', 'basic');
INSERT OR IGNORE INTO search_deletion_keys (deletion_key, term, product_id, field, representation) VALUES ('boolt', 'boolt', 3, 'title', 'basic');
INSERT OR IGNORE INTO search_deletion_keys (deletion_key, term, product_id, field, representation) VALUES ('oolt', 'boolt', 3, 'title', 'basic');
INSERT OR IGNORE INTO search_deletion_keys (deletion_key, term, product_id, field, representation) VALUES ('bolt', 'boolt', 3, 'title', 'basic');
INSERT OR IGNORE INTO search_deletion_keys (deletion_key, term, product_id, field, representation) VALUES ('boot', 'boolt', 3, 'title', 'basic');
INSERT OR IGNORE INTO search_deletion_keys (deletion_key, term, product_id, field, representation) VALUES ('bool', 'boolt', 3, 'title', 'basic');
INSERT OR IGNORE INTO search_terms (term, product_id, field, representation) VALUES ('алтан', 3, 'brand', 'native');
INSERT OR IGNORE INTO search_deletion_keys (deletion_key, term, product_id, field, representation) VALUES ('алтан', 'алтан', 3, 'brand', 'native');
INSERT OR IGNORE INTO search_deletion_keys (deletion_key, term, product_id, field, representation) VALUES ('лтан', 'алтан', 3, 'brand', 'native');
INSERT OR IGNORE INTO search_deletion_keys (deletion_key, term, product_id, field, representation) VALUES ('атан', 'алтан', 3, 'brand', 'native');
INSERT OR IGNORE INTO search_deletion_keys (deletion_key, term, product_id, field, representation) VALUES ('алан', 'алтан', 3, 'brand', 'native');
INSERT OR IGNORE INTO search_deletion_keys (deletion_key, term, product_id, field, representation) VALUES ('алтн', 'алтан', 3, 'brand', 'native');
INSERT OR IGNORE INTO search_deletion_keys (deletion_key, term, product_id, field, representation) VALUES ('алта', 'алтан', 3, 'brand', 'native');
INSERT OR IGNORE INTO search_terms (term, product_id, field, representation) VALUES ('өргөө', 3, 'brand', 'native');
INSERT OR IGNORE INTO search_deletion_keys (deletion_key, term, product_id, field, representation) VALUES ('өргөө', 'өргөө', 3, 'brand', 'native');
INSERT OR IGNORE INTO search_deletion_keys (deletion_key, term, product_id, field, representation) VALUES ('ргөө', 'өргөө', 3, 'brand', 'native');
INSERT OR IGNORE INTO search_deletion_keys (deletion_key, term, product_id, field, representation) VALUES ('өгөө', 'өргөө', 3, 'brand', 'native');
INSERT OR IGNORE INTO search_deletion_keys (deletion_key, term, product_id, field, representation) VALUES ('өрөө', 'өргөө', 3, 'brand', 'native');
INSERT OR IGNORE INTO search_deletion_keys (deletion_key, term, product_id, field, representation) VALUES ('өргө', 'өргөө', 3, 'brand', 'native');
INSERT OR IGNORE INTO search_terms (term, product_id, field, representation) VALUES ('altan', 3, 'brand', 'strict');
INSERT OR IGNORE INTO search_deletion_keys (deletion_key, term, product_id, field, representation) VALUES ('altan', 'altan', 3, 'brand', 'strict');
INSERT OR IGNORE INTO search_deletion_keys (deletion_key, term, product_id, field, representation) VALUES ('ltan', 'altan', 3, 'brand', 'strict');
INSERT OR IGNORE INTO search_deletion_keys (deletion_key, term, product_id, field, representation) VALUES ('atan', 'altan', 3, 'brand', 'strict');
INSERT OR IGNORE INTO search_deletion_keys (deletion_key, term, product_id, field, representation) VALUES ('alan', 'altan', 3, 'brand', 'strict');
INSERT OR IGNORE INTO search_deletion_keys (deletion_key, term, product_id, field, representation) VALUES ('altn', 'altan', 3, 'brand', 'strict');
INSERT OR IGNORE INTO search_deletion_keys (deletion_key, term, product_id, field, representation) VALUES ('alta', 'altan', 3, 'brand', 'strict');
INSERT OR IGNORE INTO search_terms (term, product_id, field, representation) VALUES ('oergoeoe', 3, 'brand', 'strict');
INSERT OR IGNORE INTO search_deletion_keys (deletion_key, term, product_id, field, representation) VALUES ('oergoeoe', 'oergoeoe', 3, 'brand', 'strict');
INSERT OR IGNORE INTO search_deletion_keys (deletion_key, term, product_id, field, representation) VALUES ('ergoeoe', 'oergoeoe', 3, 'brand', 'strict');
INSERT OR IGNORE INTO search_deletion_keys (deletion_key, term, product_id, field, representation) VALUES ('orgoeoe', 'oergoeoe', 3, 'brand', 'strict');
INSERT OR IGNORE INTO search_deletion_keys (deletion_key, term, product_id, field, representation) VALUES ('oegoeoe', 'oergoeoe', 3, 'brand', 'strict');
INSERT OR IGNORE INTO search_deletion_keys (deletion_key, term, product_id, field, representation) VALUES ('oeroeoe', 'oergoeoe', 3, 'brand', 'strict');
INSERT OR IGNORE INTO search_deletion_keys (deletion_key, term, product_id, field, representation) VALUES ('oergeoe', 'oergoeoe', 3, 'brand', 'strict');
INSERT OR IGNORE INTO search_deletion_keys (deletion_key, term, product_id, field, representation) VALUES ('oergooe', 'oergoeoe', 3, 'brand', 'strict');
INSERT OR IGNORE INTO search_deletion_keys (deletion_key, term, product_id, field, representation) VALUES ('oergoee', 'oergoeoe', 3, 'brand', 'strict');
INSERT OR IGNORE INTO search_deletion_keys (deletion_key, term, product_id, field, representation) VALUES ('oergoeo', 'oergoeoe', 3, 'brand', 'strict');
INSERT OR IGNORE INTO search_terms (term, product_id, field, representation) VALUES ('altan', 3, 'brand', 'basic');
INSERT OR IGNORE INTO search_deletion_keys (deletion_key, term, product_id, field, representation) VALUES ('altan', 'altan', 3, 'brand', 'basic');
INSERT OR IGNORE INTO search_deletion_keys (deletion_key, term, product_id, field, representation) VALUES ('ltan', 'altan', 3, 'brand', 'basic');
INSERT OR IGNORE INTO search_deletion_keys (deletion_key, term, product_id, field, representation) VALUES ('atan', 'altan', 3, 'brand', 'basic');
INSERT OR IGNORE INTO search_deletion_keys (deletion_key, term, product_id, field, representation) VALUES ('alan', 'altan', 3, 'brand', 'basic');
INSERT OR IGNORE INTO search_deletion_keys (deletion_key, term, product_id, field, representation) VALUES ('altn', 'altan', 3, 'brand', 'basic');
INSERT OR IGNORE INTO search_deletion_keys (deletion_key, term, product_id, field, representation) VALUES ('alta', 'altan', 3, 'brand', 'basic');
INSERT OR IGNORE INTO search_terms (term, product_id, field, representation) VALUES ('orgoo', 3, 'brand', 'basic');
INSERT OR IGNORE INTO search_deletion_keys (deletion_key, term, product_id, field, representation) VALUES ('orgoo', 'orgoo', 3, 'brand', 'basic');
INSERT OR IGNORE INTO search_deletion_keys (deletion_key, term, product_id, field, representation) VALUES ('rgoo', 'orgoo', 3, 'brand', 'basic');
INSERT OR IGNORE INTO search_deletion_keys (deletion_key, term, product_id, field, representation) VALUES ('ogoo', 'orgoo', 3, 'brand', 'basic');
INSERT OR IGNORE INTO search_deletion_keys (deletion_key, term, product_id, field, representation) VALUES ('oroo', 'orgoo', 3, 'brand', 'basic');
INSERT OR IGNORE INTO search_deletion_keys (deletion_key, term, product_id, field, representation) VALUES ('orgo', 'orgoo', 3, 'brand', 'basic');
INSERT OR IGNORE INTO search_terms (term, product_id, field, representation) VALUES ('сайхан', 3, 'category', 'native');
INSERT OR IGNORE INTO search_deletion_keys (deletion_key, term, product_id, field, representation) VALUES ('сайхан', 'сайхан', 3, 'category', 'native');
INSERT OR IGNORE INTO search_deletion_keys (deletion_key, term, product_id, field, representation) VALUES ('айхан', 'сайхан', 3, 'category', 'native');
INSERT OR IGNORE INTO search_deletion_keys (deletion_key, term, product_id, field, representation) VALUES ('сйхан', 'сайхан', 3, 'category', 'native');
INSERT OR IGNORE INTO search_deletion_keys (deletion_key, term, product_id, field, representation) VALUES ('сахан', 'сайхан', 3, 'category', 'native');
INSERT OR IGNORE INTO search_deletion_keys (deletion_key, term, product_id, field, representation) VALUES ('сайан', 'сайхан', 3, 'category', 'native');
INSERT OR IGNORE INTO search_deletion_keys (deletion_key, term, product_id, field, representation) VALUES ('сайхн', 'сайхан', 3, 'category', 'native');
INSERT OR IGNORE INTO search_deletion_keys (deletion_key, term, product_id, field, representation) VALUES ('сайха', 'сайхан', 3, 'category', 'native');
INSERT OR IGNORE INTO search_terms (term, product_id, field, representation) VALUES ('saykhan', 3, 'category', 'strict');
INSERT OR IGNORE INTO search_deletion_keys (deletion_key, term, product_id, field, representation) VALUES ('saykhan', 'saykhan', 3, 'category', 'strict');
INSERT OR IGNORE INTO search_deletion_keys (deletion_key, term, product_id, field, representation) VALUES ('aykhan', 'saykhan', 3, 'category', 'strict');
INSERT OR IGNORE INTO search_deletion_keys (deletion_key, term, product_id, field, representation) VALUES ('sykhan', 'saykhan', 3, 'category', 'strict');
INSERT OR IGNORE INTO search_deletion_keys (deletion_key, term, product_id, field, representation) VALUES ('sakhan', 'saykhan', 3, 'category', 'strict');
INSERT OR IGNORE INTO search_deletion_keys (deletion_key, term, product_id, field, representation) VALUES ('sayhan', 'saykhan', 3, 'category', 'strict');
INSERT OR IGNORE INTO search_deletion_keys (deletion_key, term, product_id, field, representation) VALUES ('saykan', 'saykhan', 3, 'category', 'strict');
INSERT OR IGNORE INTO search_deletion_keys (deletion_key, term, product_id, field, representation) VALUES ('saykhn', 'saykhan', 3, 'category', 'strict');
INSERT OR IGNORE INTO search_deletion_keys (deletion_key, term, product_id, field, representation) VALUES ('saykha', 'saykhan', 3, 'category', 'strict');
INSERT OR IGNORE INTO search_terms (term, product_id, field, representation) VALUES ('saikhan', 3, 'category', 'basic');
INSERT OR IGNORE INTO search_deletion_keys (deletion_key, term, product_id, field, representation) VALUES ('saikhan', 'saikhan', 3, 'category', 'basic');
INSERT OR IGNORE INTO search_deletion_keys (deletion_key, term, product_id, field, representation) VALUES ('aikhan', 'saikhan', 3, 'category', 'basic');
INSERT OR IGNORE INTO search_deletion_keys (deletion_key, term, product_id, field, representation) VALUES ('sikhan', 'saikhan', 3, 'category', 'basic');
INSERT OR IGNORE INTO search_deletion_keys (deletion_key, term, product_id, field, representation) VALUES ('sakhan', 'saikhan', 3, 'category', 'basic');
INSERT OR IGNORE INTO search_deletion_keys (deletion_key, term, product_id, field, representation) VALUES ('saihan', 'saikhan', 3, 'category', 'basic');
INSERT OR IGNORE INTO search_deletion_keys (deletion_key, term, product_id, field, representation) VALUES ('saikan', 'saikhan', 3, 'category', 'basic');
INSERT OR IGNORE INTO search_deletion_keys (deletion_key, term, product_id, field, representation) VALUES ('saikhn', 'saikhan', 3, 'category', 'basic');
INSERT OR IGNORE INTO search_deletion_keys (deletion_key, term, product_id, field, representation) VALUES ('saikha', 'saikhan', 3, 'category', 'basic');
INSERT INTO products (id, sku, sku_normalized, name, category, tags, price_mnt, strict_key, basic_key, brand, description, available, merchandising_position) VALUES (4, 'HV-Я-004', 'hvя004', 'Ёслолын даашинз', 'Хувцас', 'ёслол, торго', 17250, 'ёслолын даашинз хувцас ёслол торго hv я 004 yoslolyn daashinz khuvtsas yoslol torgo hv ya 004', 'ёслолын даашинз хувцас ёслол торго hv я 004 ioslolin daashinz khuvtsas ioslol torgo hv ia 004', 'Цагаан Сар', 'Хувцас зориулсан синтетик туршилтын бүтээгдэхүүн ёслол, торго', 1, 4);
INSERT INTO product_search (product_id, name, category, tags, sku, strict_key, basic_key) VALUES (4, 'ёслолын даашинз yoslolyn daashinz', 'хувцас khuvtsas', 'ёслол торго yoslol torgo', 'hv я 004 hv ya 004', 'ёслолын даашинз хувцас ёслол торго hv я 004 yoslolyn daashinz khuvtsas yoslol torgo hv ya 004', 'ёслолын даашинз хувцас ёслол торго hv я 004 ioslolin daashinz khuvtsas ioslol torgo hv ia 004');
INSERT INTO product_search_tiered (product_id, native_key, strict_key, basic_key, sku_key) VALUES (4, 'ёслолын даашинз хувцас ёслол торго hv я 004', 'yoslolyn daashinz khuvtsas yoslol torgo hv ya 004', 'yoslolyn eoslolyn daashinz huvcas huvtsas khuvcas khuvtsas yoslol eoslol torgo hv 004', 'hvя004');
INSERT INTO product_search_resilient (product_id, title_native, brand_native, category_native, tags_native, description_native, title_strict, brand_strict, category_strict, tags_strict, description_strict, title_basic, brand_basic, category_basic, tags_basic, description_basic) VALUES (4, 'ёслолын даашинз', 'цагаан сар', 'хувцас', 'ёслол торго', 'хувцас зориулсан синтетик туршилтын бүтээгдэхүүн ёслол торго', 'yoslolyn daashinz', 'tsagaan sar', 'khuvtsas', 'yoslol torgo', 'khuvtsas zoriulsan sintetik turshiltyn bueteegdekhueuen yoslol torgo', 'yoslolyn eoslolyn daashinz', 'cagaan tsagaan sar', 'huvcas huvtsas khuvcas khuvtsas', 'yoslol eoslol torgo', 'huvcas huvtsas khuvcas khuvtsas zoriulsan sintetik turshiltyn buteegdehuun buteegdehuin buteegdehiun buteegdehiin buteegdekhuun buteegdekhuin buteegdekhiun buteegdekhiin yoslol eoslol torgo');
INSERT OR IGNORE INTO search_terms (term, product_id, field, representation) VALUES ('ёслолын', 4, 'title', 'native');
INSERT OR IGNORE INTO search_deletion_keys (deletion_key, term, product_id, field, representation) VALUES ('ёслолын', 'ёслолын', 4, 'title', 'native');
INSERT OR IGNORE INTO search_deletion_keys (deletion_key, term, product_id, field, representation) VALUES ('слолын', 'ёслолын', 4, 'title', 'native');
INSERT OR IGNORE INTO search_deletion_keys (deletion_key, term, product_id, field, representation) VALUES ('ёлолын', 'ёслолын', 4, 'title', 'native');
INSERT OR IGNORE INTO search_deletion_keys (deletion_key, term, product_id, field, representation) VALUES ('ёсолын', 'ёслолын', 4, 'title', 'native');
INSERT OR IGNORE INTO search_deletion_keys (deletion_key, term, product_id, field, representation) VALUES ('ёсллын', 'ёслолын', 4, 'title', 'native');
INSERT OR IGNORE INTO search_deletion_keys (deletion_key, term, product_id, field, representation) VALUES ('ёслоын', 'ёслолын', 4, 'title', 'native');
INSERT OR IGNORE INTO search_deletion_keys (deletion_key, term, product_id, field, representation) VALUES ('ёслолн', 'ёслолын', 4, 'title', 'native');
INSERT OR IGNORE INTO search_deletion_keys (deletion_key, term, product_id, field, representation) VALUES ('ёслолы', 'ёслолын', 4, 'title', 'native');
INSERT OR IGNORE INTO search_terms (term, product_id, field, representation) VALUES ('даашинз', 4, 'title', 'native');
INSERT OR IGNORE INTO search_deletion_keys (deletion_key, term, product_id, field, representation) VALUES ('даашинз', 'даашинз', 4, 'title', 'native');
INSERT OR IGNORE INTO search_deletion_keys (deletion_key, term, product_id, field, representation) VALUES ('аашинз', 'даашинз', 4, 'title', 'native');
INSERT OR IGNORE INTO search_deletion_keys (deletion_key, term, product_id, field, representation) VALUES ('дашинз', 'даашинз', 4, 'title', 'native');
INSERT OR IGNORE INTO search_deletion_keys (deletion_key, term, product_id, field, representation) VALUES ('дааинз', 'даашинз', 4, 'title', 'native');
INSERT OR IGNORE INTO search_deletion_keys (deletion_key, term, product_id, field, representation) VALUES ('даашнз', 'даашинз', 4, 'title', 'native');
INSERT OR IGNORE INTO search_deletion_keys (deletion_key, term, product_id, field, representation) VALUES ('даашиз', 'даашинз', 4, 'title', 'native');
INSERT OR IGNORE INTO search_deletion_keys (deletion_key, term, product_id, field, representation) VALUES ('даашин', 'даашинз', 4, 'title', 'native');
INSERT OR IGNORE INTO search_terms (term, product_id, field, representation) VALUES ('yoslolyn', 4, 'title', 'strict');
INSERT OR IGNORE INTO search_deletion_keys (deletion_key, term, product_id, field, representation) VALUES ('yoslolyn', 'yoslolyn', 4, 'title', 'strict');
INSERT OR IGNORE INTO search_deletion_keys (deletion_key, term, product_id, field, representation) VALUES ('oslolyn', 'yoslolyn', 4, 'title', 'strict');
INSERT OR IGNORE INTO search_deletion_keys (deletion_key, term, product_id, field, representation) VALUES ('yslolyn', 'yoslolyn', 4, 'title', 'strict');
INSERT OR IGNORE INTO search_deletion_keys (deletion_key, term, product_id, field, representation) VALUES ('yololyn', 'yoslolyn', 4, 'title', 'strict');
INSERT OR IGNORE INTO search_deletion_keys (deletion_key, term, product_id, field, representation) VALUES ('yosolyn', 'yoslolyn', 4, 'title', 'strict');
INSERT OR IGNORE INTO search_deletion_keys (deletion_key, term, product_id, field, representation) VALUES ('yosllyn', 'yoslolyn', 4, 'title', 'strict');
INSERT OR IGNORE INTO search_deletion_keys (deletion_key, term, product_id, field, representation) VALUES ('yosloyn', 'yoslolyn', 4, 'title', 'strict');
INSERT OR IGNORE INTO search_deletion_keys (deletion_key, term, product_id, field, representation) VALUES ('yosloln', 'yoslolyn', 4, 'title', 'strict');
INSERT OR IGNORE INTO search_deletion_keys (deletion_key, term, product_id, field, representation) VALUES ('yosloly', 'yoslolyn', 4, 'title', 'strict');
INSERT OR IGNORE INTO search_terms (term, product_id, field, representation) VALUES ('daashinz', 4, 'title', 'strict');
INSERT OR IGNORE INTO search_deletion_keys (deletion_key, term, product_id, field, representation) VALUES ('daashinz', 'daashinz', 4, 'title', 'strict');
INSERT OR IGNORE INTO search_deletion_keys (deletion_key, term, product_id, field, representation) VALUES ('aashinz', 'daashinz', 4, 'title', 'strict');
INSERT OR IGNORE INTO search_deletion_keys (deletion_key, term, product_id, field, representation) VALUES ('dashinz', 'daashinz', 4, 'title', 'strict');
INSERT OR IGNORE INTO search_deletion_keys (deletion_key, term, product_id, field, representation) VALUES ('daahinz', 'daashinz', 4, 'title', 'strict');
INSERT OR IGNORE INTO search_deletion_keys (deletion_key, term, product_id, field, representation) VALUES ('daasinz', 'daashinz', 4, 'title', 'strict');
INSERT OR IGNORE INTO search_deletion_keys (deletion_key, term, product_id, field, representation) VALUES ('daashnz', 'daashinz', 4, 'title', 'strict');
INSERT OR IGNORE INTO search_deletion_keys (deletion_key, term, product_id, field, representation) VALUES ('daashiz', 'daashinz', 4, 'title', 'strict');
INSERT OR IGNORE INTO search_deletion_keys (deletion_key, term, product_id, field, representation) VALUES ('daashin', 'daashinz', 4, 'title', 'strict');
INSERT OR IGNORE INTO search_terms (term, product_id, field, representation) VALUES ('ioslolin', 4, 'title', 'basic');
INSERT OR IGNORE INTO search_deletion_keys (deletion_key, term, product_id, field, representation) VALUES ('ioslolin', 'ioslolin', 4, 'title', 'basic');
INSERT OR IGNORE INTO search_deletion_keys (deletion_key, term, product_id, field, representation) VALUES ('oslolin', 'ioslolin', 4, 'title', 'basic');
INSERT OR IGNORE INTO search_deletion_keys (deletion_key, term, product_id, field, representation) VALUES ('islolin', 'ioslolin', 4, 'title', 'basic');
INSERT OR IGNORE INTO search_deletion_keys (deletion_key, term, product_id, field, representation) VALUES ('iololin', 'ioslolin', 4, 'title', 'basic');
INSERT OR IGNORE INTO search_deletion_keys (deletion_key, term, product_id, field, representation) VALUES ('iosolin', 'ioslolin', 4, 'title', 'basic');
INSERT OR IGNORE INTO search_deletion_keys (deletion_key, term, product_id, field, representation) VALUES ('iosllin', 'ioslolin', 4, 'title', 'basic');
INSERT OR IGNORE INTO search_deletion_keys (deletion_key, term, product_id, field, representation) VALUES ('iosloin', 'ioslolin', 4, 'title', 'basic');
INSERT OR IGNORE INTO search_deletion_keys (deletion_key, term, product_id, field, representation) VALUES ('iosloln', 'ioslolin', 4, 'title', 'basic');
INSERT OR IGNORE INTO search_deletion_keys (deletion_key, term, product_id, field, representation) VALUES ('iosloli', 'ioslolin', 4, 'title', 'basic');
INSERT OR IGNORE INTO search_terms (term, product_id, field, representation) VALUES ('daashinz', 4, 'title', 'basic');
INSERT OR IGNORE INTO search_deletion_keys (deletion_key, term, product_id, field, representation) VALUES ('daashinz', 'daashinz', 4, 'title', 'basic');
INSERT OR IGNORE INTO search_deletion_keys (deletion_key, term, product_id, field, representation) VALUES ('aashinz', 'daashinz', 4, 'title', 'basic');
INSERT OR IGNORE INTO search_deletion_keys (deletion_key, term, product_id, field, representation) VALUES ('dashinz', 'daashinz', 4, 'title', 'basic');
INSERT OR IGNORE INTO search_deletion_keys (deletion_key, term, product_id, field, representation) VALUES ('daahinz', 'daashinz', 4, 'title', 'basic');
INSERT OR IGNORE INTO search_deletion_keys (deletion_key, term, product_id, field, representation) VALUES ('daasinz', 'daashinz', 4, 'title', 'basic');
INSERT OR IGNORE INTO search_deletion_keys (deletion_key, term, product_id, field, representation) VALUES ('daashnz', 'daashinz', 4, 'title', 'basic');
INSERT OR IGNORE INTO search_deletion_keys (deletion_key, term, product_id, field, representation) VALUES ('daashiz', 'daashinz', 4, 'title', 'basic');
INSERT OR IGNORE INTO search_deletion_keys (deletion_key, term, product_id, field, representation) VALUES ('daashin', 'daashinz', 4, 'title', 'basic');
INSERT OR IGNORE INTO search_terms (term, product_id, field, representation) VALUES ('цагаан', 4, 'brand', 'native');
INSERT OR IGNORE INTO search_deletion_keys (deletion_key, term, product_id, field, representation) VALUES ('цагаан', 'цагаан', 4, 'brand', 'native');
INSERT OR IGNORE INTO search_deletion_keys (deletion_key, term, product_id, field, representation) VALUES ('агаан', 'цагаан', 4, 'brand', 'native');
INSERT OR IGNORE INTO search_deletion_keys (deletion_key, term, product_id, field, representation) VALUES ('цгаан', 'цагаан', 4, 'brand', 'native');
INSERT OR IGNORE INTO search_deletion_keys (deletion_key, term, product_id, field, representation) VALUES ('цааан', 'цагаан', 4, 'brand', 'native');
INSERT OR IGNORE INTO search_deletion_keys (deletion_key, term, product_id, field, representation) VALUES ('цаган', 'цагаан', 4, 'brand', 'native');
INSERT OR IGNORE INTO search_deletion_keys (deletion_key, term, product_id, field, representation) VALUES ('цагаа', 'цагаан', 4, 'brand', 'native');
INSERT OR IGNORE INTO search_terms (term, product_id, field, representation) VALUES ('tsagaan', 4, 'brand', 'strict');
INSERT OR IGNORE INTO search_deletion_keys (deletion_key, term, product_id, field, representation) VALUES ('tsagaan', 'tsagaan', 4, 'brand', 'strict');
INSERT OR IGNORE INTO search_deletion_keys (deletion_key, term, product_id, field, representation) VALUES ('sagaan', 'tsagaan', 4, 'brand', 'strict');
INSERT OR IGNORE INTO search_deletion_keys (deletion_key, term, product_id, field, representation) VALUES ('tagaan', 'tsagaan', 4, 'brand', 'strict');
INSERT OR IGNORE INTO search_deletion_keys (deletion_key, term, product_id, field, representation) VALUES ('tsgaan', 'tsagaan', 4, 'brand', 'strict');
INSERT OR IGNORE INTO search_deletion_keys (deletion_key, term, product_id, field, representation) VALUES ('tsaaan', 'tsagaan', 4, 'brand', 'strict');
INSERT OR IGNORE INTO search_deletion_keys (deletion_key, term, product_id, field, representation) VALUES ('tsagan', 'tsagaan', 4, 'brand', 'strict');
INSERT OR IGNORE INTO search_deletion_keys (deletion_key, term, product_id, field, representation) VALUES ('tsagaa', 'tsagaan', 4, 'brand', 'strict');
INSERT OR IGNORE INTO search_terms (term, product_id, field, representation) VALUES ('tsagaan', 4, 'brand', 'basic');
INSERT OR IGNORE INTO search_deletion_keys (deletion_key, term, product_id, field, representation) VALUES ('tsagaan', 'tsagaan', 4, 'brand', 'basic');
INSERT OR IGNORE INTO search_deletion_keys (deletion_key, term, product_id, field, representation) VALUES ('sagaan', 'tsagaan', 4, 'brand', 'basic');
INSERT OR IGNORE INTO search_deletion_keys (deletion_key, term, product_id, field, representation) VALUES ('tagaan', 'tsagaan', 4, 'brand', 'basic');
INSERT OR IGNORE INTO search_deletion_keys (deletion_key, term, product_id, field, representation) VALUES ('tsgaan', 'tsagaan', 4, 'brand', 'basic');
INSERT OR IGNORE INTO search_deletion_keys (deletion_key, term, product_id, field, representation) VALUES ('tsaaan', 'tsagaan', 4, 'brand', 'basic');
INSERT OR IGNORE INTO search_deletion_keys (deletion_key, term, product_id, field, representation) VALUES ('tsagan', 'tsagaan', 4, 'brand', 'basic');
INSERT OR IGNORE INTO search_deletion_keys (deletion_key, term, product_id, field, representation) VALUES ('tsagaa', 'tsagaan', 4, 'brand', 'basic');
INSERT OR IGNORE INTO search_terms (term, product_id, field, representation) VALUES ('хувцас', 4, 'category', 'native');
INSERT OR IGNORE INTO search_deletion_keys (deletion_key, term, product_id, field, representation) VALUES ('хувцас', 'хувцас', 4, 'category', 'native');
INSERT OR IGNORE INTO search_deletion_keys (deletion_key, term, product_id, field, representation) VALUES ('увцас', 'хувцас', 4, 'category', 'native');
INSERT OR IGNORE INTO search_deletion_keys (deletion_key, term, product_id, field, representation) VALUES ('хвцас', 'хувцас', 4, 'category', 'native');
INSERT OR IGNORE INTO search_deletion_keys (deletion_key, term, product_id, field, representation) VALUES ('хуцас', 'хувцас', 4, 'category', 'native');
INSERT OR IGNORE INTO search_deletion_keys (deletion_key, term, product_id, field, representation) VALUES ('хувас', 'хувцас', 4, 'category', 'native');
INSERT OR IGNORE INTO search_deletion_keys (deletion_key, term, product_id, field, representation) VALUES ('хувцс', 'хувцас', 4, 'category', 'native');
INSERT OR IGNORE INTO search_deletion_keys (deletion_key, term, product_id, field, representation) VALUES ('хувца', 'хувцас', 4, 'category', 'native');
INSERT OR IGNORE INTO search_terms (term, product_id, field, representation) VALUES ('khuvtsas', 4, 'category', 'strict');
INSERT OR IGNORE INTO search_deletion_keys (deletion_key, term, product_id, field, representation) VALUES ('khuvtsas', 'khuvtsas', 4, 'category', 'strict');
INSERT OR IGNORE INTO search_deletion_keys (deletion_key, term, product_id, field, representation) VALUES ('huvtsas', 'khuvtsas', 4, 'category', 'strict');
INSERT OR IGNORE INTO search_deletion_keys (deletion_key, term, product_id, field, representation) VALUES ('kuvtsas', 'khuvtsas', 4, 'category', 'strict');
INSERT OR IGNORE INTO search_deletion_keys (deletion_key, term, product_id, field, representation) VALUES ('khvtsas', 'khuvtsas', 4, 'category', 'strict');
INSERT OR IGNORE INTO search_deletion_keys (deletion_key, term, product_id, field, representation) VALUES ('khutsas', 'khuvtsas', 4, 'category', 'strict');
INSERT OR IGNORE INTO search_deletion_keys (deletion_key, term, product_id, field, representation) VALUES ('khuvsas', 'khuvtsas', 4, 'category', 'strict');
INSERT OR IGNORE INTO search_deletion_keys (deletion_key, term, product_id, field, representation) VALUES ('khuvtas', 'khuvtsas', 4, 'category', 'strict');
INSERT OR IGNORE INTO search_deletion_keys (deletion_key, term, product_id, field, representation) VALUES ('khuvtss', 'khuvtsas', 4, 'category', 'strict');
INSERT OR IGNORE INTO search_deletion_keys (deletion_key, term, product_id, field, representation) VALUES ('khuvtsa', 'khuvtsas', 4, 'category', 'strict');
INSERT OR IGNORE INTO search_terms (term, product_id, field, representation) VALUES ('khuvtsas', 4, 'category', 'basic');
INSERT OR IGNORE INTO search_deletion_keys (deletion_key, term, product_id, field, representation) VALUES ('khuvtsas', 'khuvtsas', 4, 'category', 'basic');
INSERT OR IGNORE INTO search_deletion_keys (deletion_key, term, product_id, field, representation) VALUES ('huvtsas', 'khuvtsas', 4, 'category', 'basic');
INSERT OR IGNORE INTO search_deletion_keys (deletion_key, term, product_id, field, representation) VALUES ('kuvtsas', 'khuvtsas', 4, 'category', 'basic');
INSERT OR IGNORE INTO search_deletion_keys (deletion_key, term, product_id, field, representation) VALUES ('khvtsas', 'khuvtsas', 4, 'category', 'basic');
INSERT OR IGNORE INTO search_deletion_keys (deletion_key, term, product_id, field, representation) VALUES ('khutsas', 'khuvtsas', 4, 'category', 'basic');
INSERT OR IGNORE INTO search_deletion_keys (deletion_key, term, product_id, field, representation) VALUES ('khuvsas', 'khuvtsas', 4, 'category', 'basic');
INSERT OR IGNORE INTO search_deletion_keys (deletion_key, term, product_id, field, representation) VALUES ('khuvtas', 'khuvtsas', 4, 'category', 'basic');
INSERT OR IGNORE INTO search_deletion_keys (deletion_key, term, product_id, field, representation) VALUES ('khuvtss', 'khuvtsas', 4, 'category', 'basic');
INSERT OR IGNORE INTO search_deletion_keys (deletion_key, term, product_id, field, representation) VALUES ('khuvtsa', 'khuvtsas', 4, 'category', 'basic');
INSERT INTO products (id, sku, sku_normalized, name, category, tags, price_mnt, strict_key, basic_key, brand, description, available, merchandising_position) VALUES (5, 'HV-Е-005', 'hvе005', 'Ердийн даашинз', 'Хувцас', 'даашинз, өдөр', 19000, 'ердийн даашинз хувцас даашинз өдөр hv е 005 erdiyn daashinz khuvtsas daashinz ödör hv e 005', 'ердийн даашинз хувцас даашинз өдөр hv е 005 erdiin daashinz khuvtsas daashinz odor hv e 005', 'Нүүдэл', 'Хувцас зориулсан синтетик туршилтын бүтээгдэхүүн даашинз, өдөр', 0, 5);
INSERT INTO product_search (product_id, name, category, tags, sku, strict_key, basic_key) VALUES (5, 'ердийн даашинз erdiyn daashinz', 'хувцас khuvtsas', 'даашинз өдөр daashinz ödör', 'hv е 005 hv e 005', 'ердийн даашинз хувцас даашинз өдөр hv е 005 erdiyn daashinz khuvtsas daashinz ödör hv e 005', 'ердийн даашинз хувцас даашинз өдөр hv е 005 erdiin daashinz khuvtsas daashinz odor hv e 005');
INSERT INTO product_search_tiered (product_id, native_key, strict_key, basic_key, sku_key) VALUES (5, 'ердийн даашинз хувцас даашинз өдөр hv е 005', 'erdiyn daashinz khuvtsas daashinz oedoer hv e 005', 'erdiin erdiyn daashinz huvcas huvtsas khuvcas khuvtsas daashinz odor odur udor udur hv 005', 'hvе005');
INSERT INTO product_search_resilient (product_id, title_native, brand_native, category_native, tags_native, description_native, title_strict, brand_strict, category_strict, tags_strict, description_strict, title_basic, brand_basic, category_basic, tags_basic, description_basic) VALUES (5, 'ердийн даашинз', 'нүүдэл', 'хувцас', 'даашинз өдөр', 'хувцас зориулсан синтетик туршилтын бүтээгдэхүүн даашинз өдөр', 'erdiyn daashinz', 'nueuedel', 'khuvtsas', 'daashinz oedoer', 'khuvtsas zoriulsan sintetik turshiltyn bueteegdekhueuen daashinz oedoer', 'erdiin erdiyn daashinz', 'nuudel nuidel niudel niidel', 'huvcas huvtsas khuvcas khuvtsas', 'daashinz odor odur udor udur', 'huvcas huvtsas khuvcas khuvtsas zoriulsan sintetik turshiltyn buteegdehuun buteegdehuin buteegdehiun buteegdehiin buteegdekhuun buteegdekhuin buteegdekhiun buteegdekhiin daashinz odor odur udor udur');
INSERT OR IGNORE INTO search_terms (term, product_id, field, representation) VALUES ('ердийн', 5, 'title', 'native');
INSERT OR IGNORE INTO search_deletion_keys (deletion_key, term, product_id, field, representation) VALUES ('ердийн', 'ердийн', 5, 'title', 'native');
INSERT OR IGNORE INTO search_deletion_keys (deletion_key, term, product_id, field, representation) VALUES ('рдийн', 'ердийн', 5, 'title', 'native');
INSERT OR IGNORE INTO search_deletion_keys (deletion_key, term, product_id, field, representation) VALUES ('едийн', 'ердийн', 5, 'title', 'native');
INSERT OR IGNORE INTO search_deletion_keys (deletion_key, term, product_id, field, representation) VALUES ('ерийн', 'ердийн', 5, 'title', 'native');
INSERT OR IGNORE INTO search_deletion_keys (deletion_key, term, product_id, field, representation) VALUES ('ердйн', 'ердийн', 5, 'title', 'native');
INSERT OR IGNORE INTO search_deletion_keys (deletion_key, term, product_id, field, representation) VALUES ('ердин', 'ердийн', 5, 'title', 'native');
INSERT OR IGNORE INTO search_deletion_keys (deletion_key, term, product_id, field, representation) VALUES ('ердий', 'ердийн', 5, 'title', 'native');
INSERT OR IGNORE INTO search_terms (term, product_id, field, representation) VALUES ('даашинз', 5, 'title', 'native');
INSERT OR IGNORE INTO search_deletion_keys (deletion_key, term, product_id, field, representation) VALUES ('даашинз', 'даашинз', 5, 'title', 'native');
INSERT OR IGNORE INTO search_deletion_keys (deletion_key, term, product_id, field, representation) VALUES ('аашинз', 'даашинз', 5, 'title', 'native');
INSERT OR IGNORE INTO search_deletion_keys (deletion_key, term, product_id, field, representation) VALUES ('дашинз', 'даашинз', 5, 'title', 'native');
INSERT OR IGNORE INTO search_deletion_keys (deletion_key, term, product_id, field, representation) VALUES ('дааинз', 'даашинз', 5, 'title', 'native');
INSERT OR IGNORE INTO search_deletion_keys (deletion_key, term, product_id, field, representation) VALUES ('даашнз', 'даашинз', 5, 'title', 'native');
INSERT OR IGNORE INTO search_deletion_keys (deletion_key, term, product_id, field, representation) VALUES ('даашиз', 'даашинз', 5, 'title', 'native');
INSERT OR IGNORE INTO search_deletion_keys (deletion_key, term, product_id, field, representation) VALUES ('даашин', 'даашинз', 5, 'title', 'native');
INSERT OR IGNORE INTO search_terms (term, product_id, field, representation) VALUES ('erdiyn', 5, 'title', 'strict');
INSERT OR IGNORE INTO search_deletion_keys (deletion_key, term, product_id, field, representation) VALUES ('erdiyn', 'erdiyn', 5, 'title', 'strict');
INSERT OR IGNORE INTO search_deletion_keys (deletion_key, term, product_id, field, representation) VALUES ('rdiyn', 'erdiyn', 5, 'title', 'strict');
INSERT OR IGNORE INTO search_deletion_keys (deletion_key, term, product_id, field, representation) VALUES ('ediyn', 'erdiyn', 5, 'title', 'strict');
INSERT OR IGNORE INTO search_deletion_keys (deletion_key, term, product_id, field, representation) VALUES ('eriyn', 'erdiyn', 5, 'title', 'strict');
INSERT OR IGNORE INTO search_deletion_keys (deletion_key, term, product_id, field, representation) VALUES ('erdyn', 'erdiyn', 5, 'title', 'strict');
INSERT OR IGNORE INTO search_deletion_keys (deletion_key, term, product_id, field, representation) VALUES ('erdin', 'erdiyn', 5, 'title', 'strict');
INSERT OR IGNORE INTO search_deletion_keys (deletion_key, term, product_id, field, representation) VALUES ('erdiy', 'erdiyn', 5, 'title', 'strict');
INSERT OR IGNORE INTO search_terms (term, product_id, field, representation) VALUES ('daashinz', 5, 'title', 'strict');
INSERT OR IGNORE INTO search_deletion_keys (deletion_key, term, product_id, field, representation) VALUES ('daashinz', 'daashinz', 5, 'title', 'strict');
INSERT OR IGNORE INTO search_deletion_keys (deletion_key, term, product_id, field, representation) VALUES ('aashinz', 'daashinz', 5, 'title', 'strict');
INSERT OR IGNORE INTO search_deletion_keys (deletion_key, term, product_id, field, representation) VALUES ('dashinz', 'daashinz', 5, 'title', 'strict');
INSERT OR IGNORE INTO search_deletion_keys (deletion_key, term, product_id, field, representation) VALUES ('daahinz', 'daashinz', 5, 'title', 'strict');
INSERT OR IGNORE INTO search_deletion_keys (deletion_key, term, product_id, field, representation) VALUES ('daasinz', 'daashinz', 5, 'title', 'strict');
INSERT OR IGNORE INTO search_deletion_keys (deletion_key, term, product_id, field, representation) VALUES ('daashnz', 'daashinz', 5, 'title', 'strict');
INSERT OR IGNORE INTO search_deletion_keys (deletion_key, term, product_id, field, representation) VALUES ('daashiz', 'daashinz', 5, 'title', 'strict');
INSERT OR IGNORE INTO search_deletion_keys (deletion_key, term, product_id, field, representation) VALUES ('daashin', 'daashinz', 5, 'title', 'strict');
INSERT OR IGNORE INTO search_terms (term, product_id, field, representation) VALUES ('erdiin', 5, 'title', 'basic');
INSERT OR IGNORE INTO search_deletion_keys (deletion_key, term, product_id, field, representation) VALUES ('erdiin', 'erdiin', 5, 'title', 'basic');
INSERT OR IGNORE INTO search_deletion_keys (deletion_key, term, product_id, field, representation) VALUES ('rdiin', 'erdiin', 5, 'title', 'basic');
INSERT OR IGNORE INTO search_deletion_keys (deletion_key, term, product_id, field, representation) VALUES ('ediin', 'erdiin', 5, 'title', 'basic');
INSERT OR IGNORE INTO search_deletion_keys (deletion_key, term, product_id, field, representation) VALUES ('eriin', 'erdiin', 5, 'title', 'basic');
INSERT OR IGNORE INTO search_deletion_keys (deletion_key, term, product_id, field, representation) VALUES ('erdin', 'erdiin', 5, 'title', 'basic');
INSERT OR IGNORE INTO search_deletion_keys (deletion_key, term, product_id, field, representation) VALUES ('erdii', 'erdiin', 5, 'title', 'basic');
INSERT OR IGNORE INTO search_terms (term, product_id, field, representation) VALUES ('daashinz', 5, 'title', 'basic');
INSERT OR IGNORE INTO search_deletion_keys (deletion_key, term, product_id, field, representation) VALUES ('daashinz', 'daashinz', 5, 'title', 'basic');
INSERT OR IGNORE INTO search_deletion_keys (deletion_key, term, product_id, field, representation) VALUES ('aashinz', 'daashinz', 5, 'title', 'basic');
INSERT OR IGNORE INTO search_deletion_keys (deletion_key, term, product_id, field, representation) VALUES ('dashinz', 'daashinz', 5, 'title', 'basic');
INSERT OR IGNORE INTO search_deletion_keys (deletion_key, term, product_id, field, representation) VALUES ('daahinz', 'daashinz', 5, 'title', 'basic');
INSERT OR IGNORE INTO search_deletion_keys (deletion_key, term, product_id, field, representation) VALUES ('daasinz', 'daashinz', 5, 'title', 'basic');
INSERT OR IGNORE INTO search_deletion_keys (deletion_key, term, product_id, field, representation) VALUES ('daashnz', 'daashinz', 5, 'title', 'basic');
INSERT OR IGNORE INTO search_deletion_keys (deletion_key, term, product_id, field, representation) VALUES ('daashiz', 'daashinz', 5, 'title', 'basic');
INSERT OR IGNORE INTO search_deletion_keys (deletion_key, term, product_id, field, representation) VALUES ('daashin', 'daashinz', 5, 'title', 'basic');
INSERT OR IGNORE INTO search_terms (term, product_id, field, representation) VALUES ('нүүдэл', 5, 'brand', 'native');
INSERT OR IGNORE INTO search_deletion_keys (deletion_key, term, product_id, field, representation) VALUES ('нүүдэл', 'нүүдэл', 5, 'brand', 'native');
INSERT OR IGNORE INTO search_deletion_keys (deletion_key, term, product_id, field, representation) VALUES ('үүдэл', 'нүүдэл', 5, 'brand', 'native');
INSERT OR IGNORE INTO search_deletion_keys (deletion_key, term, product_id, field, representation) VALUES ('нүдэл', 'нүүдэл', 5, 'brand', 'native');
INSERT OR IGNORE INTO search_deletion_keys (deletion_key, term, product_id, field, representation) VALUES ('нүүэл', 'нүүдэл', 5, 'brand', 'native');
INSERT OR IGNORE INTO search_deletion_keys (deletion_key, term, product_id, field, representation) VALUES ('нүүдл', 'нүүдэл', 5, 'brand', 'native');
INSERT OR IGNORE INTO search_deletion_keys (deletion_key, term, product_id, field, representation) VALUES ('нүүдэ', 'нүүдэл', 5, 'brand', 'native');
INSERT OR IGNORE INTO search_terms (term, product_id, field, representation) VALUES ('nueuedel', 5, 'brand', 'strict');
INSERT OR IGNORE INTO search_deletion_keys (deletion_key, term, product_id, field, representation) VALUES ('nueuedel', 'nueuedel', 5, 'brand', 'strict');
INSERT OR IGNORE INTO search_deletion_keys (deletion_key, term, product_id, field, representation) VALUES ('ueuedel', 'nueuedel', 5, 'brand', 'strict');
INSERT OR IGNORE INTO search_deletion_keys (deletion_key, term, product_id, field, representation) VALUES ('neuedel', 'nueuedel', 5, 'brand', 'strict');
INSERT OR IGNORE INTO search_deletion_keys (deletion_key, term, product_id, field, representation) VALUES ('nuuedel', 'nueuedel', 5, 'brand', 'strict');
INSERT OR IGNORE INTO search_deletion_keys (deletion_key, term, product_id, field, representation) VALUES ('nueedel', 'nueuedel', 5, 'brand', 'strict');
INSERT OR IGNORE INTO search_deletion_keys (deletion_key, term, product_id, field, representation) VALUES ('nueudel', 'nueuedel', 5, 'brand', 'strict');
INSERT OR IGNORE INTO search_deletion_keys (deletion_key, term, product_id, field, representation) VALUES ('nueueel', 'nueuedel', 5, 'brand', 'strict');
INSERT OR IGNORE INTO search_deletion_keys (deletion_key, term, product_id, field, representation) VALUES ('nueuedl', 'nueuedel', 5, 'brand', 'strict');
INSERT OR IGNORE INTO search_deletion_keys (deletion_key, term, product_id, field, representation) VALUES ('nueuede', 'nueuedel', 5, 'brand', 'strict');
INSERT OR IGNORE INTO search_terms (term, product_id, field, representation) VALUES ('nuudel', 5, 'brand', 'basic');
INSERT OR IGNORE INTO search_deletion_keys (deletion_key, term, product_id, field, representation) VALUES ('nuudel', 'nuudel', 5, 'brand', 'basic');
INSERT OR IGNORE INTO search_deletion_keys (deletion_key, term, product_id, field, representation) VALUES ('uudel', 'nuudel', 5, 'brand', 'basic');
INSERT OR IGNORE INTO search_deletion_keys (deletion_key, term, product_id, field, representation) VALUES ('nudel', 'nuudel', 5, 'brand', 'basic');
INSERT OR IGNORE INTO search_deletion_keys (deletion_key, term, product_id, field, representation) VALUES ('nuuel', 'nuudel', 5, 'brand', 'basic');
INSERT OR IGNORE INTO search_deletion_keys (deletion_key, term, product_id, field, representation) VALUES ('nuudl', 'nuudel', 5, 'brand', 'basic');
INSERT OR IGNORE INTO search_deletion_keys (deletion_key, term, product_id, field, representation) VALUES ('nuude', 'nuudel', 5, 'brand', 'basic');
INSERT OR IGNORE INTO search_terms (term, product_id, field, representation) VALUES ('хувцас', 5, 'category', 'native');
INSERT OR IGNORE INTO search_deletion_keys (deletion_key, term, product_id, field, representation) VALUES ('хувцас', 'хувцас', 5, 'category', 'native');
INSERT OR IGNORE INTO search_deletion_keys (deletion_key, term, product_id, field, representation) VALUES ('увцас', 'хувцас', 5, 'category', 'native');
INSERT OR IGNORE INTO search_deletion_keys (deletion_key, term, product_id, field, representation) VALUES ('хвцас', 'хувцас', 5, 'category', 'native');
INSERT OR IGNORE INTO search_deletion_keys (deletion_key, term, product_id, field, representation) VALUES ('хуцас', 'хувцас', 5, 'category', 'native');
INSERT OR IGNORE INTO search_deletion_keys (deletion_key, term, product_id, field, representation) VALUES ('хувас', 'хувцас', 5, 'category', 'native');
INSERT OR IGNORE INTO search_deletion_keys (deletion_key, term, product_id, field, representation) VALUES ('хувцс', 'хувцас', 5, 'category', 'native');
INSERT OR IGNORE INTO search_deletion_keys (deletion_key, term, product_id, field, representation) VALUES ('хувца', 'хувцас', 5, 'category', 'native');
INSERT OR IGNORE INTO search_terms (term, product_id, field, representation) VALUES ('khuvtsas', 5, 'category', 'strict');
INSERT OR IGNORE INTO search_deletion_keys (deletion_key, term, product_id, field, representation) VALUES ('khuvtsas', 'khuvtsas', 5, 'category', 'strict');
INSERT OR IGNORE INTO search_deletion_keys (deletion_key, term, product_id, field, representation) VALUES ('huvtsas', 'khuvtsas', 5, 'category', 'strict');
INSERT OR IGNORE INTO search_deletion_keys (deletion_key, term, product_id, field, representation) VALUES ('kuvtsas', 'khuvtsas', 5, 'category', 'strict');
INSERT OR IGNORE INTO search_deletion_keys (deletion_key, term, product_id, field, representation) VALUES ('khvtsas', 'khuvtsas', 5, 'category', 'strict');
INSERT OR IGNORE INTO search_deletion_keys (deletion_key, term, product_id, field, representation) VALUES ('khutsas', 'khuvtsas', 5, 'category', 'strict');
INSERT OR IGNORE INTO search_deletion_keys (deletion_key, term, product_id, field, representation) VALUES ('khuvsas', 'khuvtsas', 5, 'category', 'strict');
INSERT OR IGNORE INTO search_deletion_keys (deletion_key, term, product_id, field, representation) VALUES ('khuvtas', 'khuvtsas', 5, 'category', 'strict');
INSERT OR IGNORE INTO search_deletion_keys (deletion_key, term, product_id, field, representation) VALUES ('khuvtss', 'khuvtsas', 5, 'category', 'strict');
INSERT OR IGNORE INTO search_deletion_keys (deletion_key, term, product_id, field, representation) VALUES ('khuvtsa', 'khuvtsas', 5, 'category', 'strict');
INSERT OR IGNORE INTO search_terms (term, product_id, field, representation) VALUES ('khuvtsas', 5, 'category', 'basic');
INSERT OR IGNORE INTO search_deletion_keys (deletion_key, term, product_id, field, representation) VALUES ('khuvtsas', 'khuvtsas', 5, 'category', 'basic');
INSERT OR IGNORE INTO search_deletion_keys (deletion_key, term, product_id, field, representation) VALUES ('huvtsas', 'khuvtsas', 5, 'category', 'basic');
INSERT OR IGNORE INTO search_deletion_keys (deletion_key, term, product_id, field, representation) VALUES ('kuvtsas', 'khuvtsas', 5, 'category', 'basic');
INSERT OR IGNORE INTO search_deletion_keys (deletion_key, term, product_id, field, representation) VALUES ('khvtsas', 'khuvtsas', 5, 'category', 'basic');
INSERT OR IGNORE INTO search_deletion_keys (deletion_key, term, product_id, field, representation) VALUES ('khutsas', 'khuvtsas', 5, 'category', 'basic');
INSERT OR IGNORE INTO search_deletion_keys (deletion_key, term, product_id, field, representation) VALUES ('khuvsas', 'khuvtsas', 5, 'category', 'basic');
INSERT OR IGNORE INTO search_deletion_keys (deletion_key, term, product_id, field, representation) VALUES ('khuvtas', 'khuvtsas', 5, 'category', 'basic');
INSERT OR IGNORE INTO search_deletion_keys (deletion_key, term, product_id, field, representation) VALUES ('khuvtss', 'khuvtsas', 5, 'category', 'basic');
INSERT OR IGNORE INTO search_deletion_keys (deletion_key, term, product_id, field, representation) VALUES ('khuvtsa', 'khuvtsas', 5, 'category', 'basic');
INSERT INTO products (id, sku, sku_normalized, name, category, tags, price_mnt, strict_key, basic_key, brand, description, available, merchandising_position) VALUES (6, 'HV-Х-006', 'hvх006', 'Хүүхдийн хүрэм', 'Хүүхэд', 'хүүхэд, дулаан', 20750, 'хүүхдийн хүрэм хүүхэд хүүхэд дулаан hv х 006 khüükhdiyn khürem khüükhed khüükhed dulaan hv kh 006', 'хүүхдийн хүрэм хүүхэд хүүхэд дулаан hv х 006 khuukhdiin khurem khuukhed khuukhed dulaan hv kh 006', 'Талын Од', 'Хүүхэд зориулсан синтетик туршилтын бүтээгдэхүүн хүүхэд, дулаан', 1, 6);
INSERT INTO product_search (product_id, name, category, tags, sku, strict_key, basic_key) VALUES (6, 'хүүхдийн хүрэм khüükhdiyn khürem', 'хүүхэд khüükhed', 'хүүхэд дулаан khüükhed dulaan', 'hv х 006 hv kh 006', 'хүүхдийн хүрэм хүүхэд хүүхэд дулаан hv х 006 khüükhdiyn khürem khüükhed khüükhed dulaan hv kh 006', 'хүүхдийн хүрэм хүүхэд хүүхэд дулаан hv х 006 khuukhdiin khurem khuukhed khuukhed dulaan hv kh 006');
INSERT INTO product_search_tiered (product_id, native_key, strict_key, basic_key, sku_key) VALUES (6, 'хүүхдийн хүрэм хүүхэд хүүхэд дулаан hv х 006', 'khueuekhdiyn khuerem khueuekhed khueuekhed dulaan hv kh 006', 'huuhdiin huuhdiyn huukhdiin huukhdiyn huihdiin huihdiyn huikhdiin huikhdiyn hurem hirem khurem khirem huuhed huukhed huihed huikhed hiuhed hiukhed hiihed hiikhed huuhed huukhed huihed huikhed hiuhed hiukhed hiihed hiikhed dulaan hv 006', 'hvх006');
INSERT INTO product_search_resilient (product_id, title_native, brand_native, category_native, tags_native, description_native, title_strict, brand_strict, category_strict, tags_strict, description_strict, title_basic, brand_basic, category_basic, tags_basic, description_basic) VALUES (6, 'хүүхдийн хүрэм', 'талын од', 'хүүхэд', 'хүүхэд дулаан', 'хүүхэд зориулсан синтетик туршилтын бүтээгдэхүүн хүүхэд дулаан', 'khueuekhdiyn khuerem', 'talyn od', 'khueuekhed', 'khueuekhed dulaan', 'khueuekhed zoriulsan sintetik turshiltyn bueteegdekhueuen khueuekhed dulaan', 'huuhdiin huuhdiyn huukhdiin huukhdiyn huihdiin huihdiyn huikhdiin huikhdiyn hurem hirem khurem khirem', 'talyn od', 'huuhed huukhed huihed huikhed hiuhed hiukhed hiihed hiikhed', 'huuhed huukhed huihed huikhed hiuhed hiukhed hiihed hiikhed dulaan', 'huuhed huukhed huihed huikhed hiuhed hiukhed hiihed hiikhed zoriulsan sintetik turshiltyn buteegdehuun buteegdehuin buteegdehiun buteegdehiin buteegdekhuun buteegdekhuin buteegdekhiun buteegdekhiin huuhed huukhed huihed huikhed hiuhed hiukhed hiihed hiikhed dulaan');
INSERT OR IGNORE INTO search_terms (term, product_id, field, representation) VALUES ('хүүхдийн', 6, 'title', 'native');
INSERT OR IGNORE INTO search_deletion_keys (deletion_key, term, product_id, field, representation) VALUES ('хүүхдийн', 'хүүхдийн', 6, 'title', 'native');
INSERT OR IGNORE INTO search_deletion_keys (deletion_key, term, product_id, field, representation) VALUES ('үүхдийн', 'хүүхдийн', 6, 'title', 'native');
INSERT OR IGNORE INTO search_deletion_keys (deletion_key, term, product_id, field, representation) VALUES ('хүхдийн', 'хүүхдийн', 6, 'title', 'native');
INSERT OR IGNORE INTO search_deletion_keys (deletion_key, term, product_id, field, representation) VALUES ('хүүдийн', 'хүүхдийн', 6, 'title', 'native');
INSERT OR IGNORE INTO search_deletion_keys (deletion_key, term, product_id, field, representation) VALUES ('хүүхийн', 'хүүхдийн', 6, 'title', 'native');
INSERT OR IGNORE INTO search_deletion_keys (deletion_key, term, product_id, field, representation) VALUES ('хүүхдйн', 'хүүхдийн', 6, 'title', 'native');
INSERT OR IGNORE INTO search_deletion_keys (deletion_key, term, product_id, field, representation) VALUES ('хүүхдин', 'хүүхдийн', 6, 'title', 'native');
INSERT OR IGNORE INTO search_deletion_keys (deletion_key, term, product_id, field, representation) VALUES ('хүүхдий', 'хүүхдийн', 6, 'title', 'native');
INSERT OR IGNORE INTO search_terms (term, product_id, field, representation) VALUES ('хүрэм', 6, 'title', 'native');
INSERT OR IGNORE INTO search_deletion_keys (deletion_key, term, product_id, field, representation) VALUES ('хүрэм', 'хүрэм', 6, 'title', 'native');
INSERT OR IGNORE INTO search_deletion_keys (deletion_key, term, product_id, field, representation) VALUES ('үрэм', 'хүрэм', 6, 'title', 'native');
INSERT OR IGNORE INTO search_deletion_keys (deletion_key, term, product_id, field, representation) VALUES ('хрэм', 'хүрэм', 6, 'title', 'native');
INSERT OR IGNORE INTO search_deletion_keys (deletion_key, term, product_id, field, representation) VALUES ('хүэм', 'хүрэм', 6, 'title', 'native');
INSERT OR IGNORE INTO search_deletion_keys (deletion_key, term, product_id, field, representation) VALUES ('хүрм', 'хүрэм', 6, 'title', 'native');
INSERT OR IGNORE INTO search_deletion_keys (deletion_key, term, product_id, field, representation) VALUES ('хүрэ', 'хүрэм', 6, 'title', 'native');
INSERT OR IGNORE INTO search_terms (term, product_id, field, representation) VALUES ('khueuekhdiyn', 6, 'title', 'strict');
INSERT OR IGNORE INTO search_deletion_keys (deletion_key, term, product_id, field, representation) VALUES ('khueuekhdiyn', 'khueuekhdiyn', 6, 'title', 'strict');
INSERT OR IGNORE INTO search_deletion_keys (deletion_key, term, product_id, field, representation) VALUES ('hueuekhdiyn', 'khueuekhdiyn', 6, 'title', 'strict');
INSERT OR IGNORE INTO search_deletion_keys (deletion_key, term, product_id, field, representation) VALUES ('kueuekhdiyn', 'khueuekhdiyn', 6, 'title', 'strict');
INSERT OR IGNORE INTO search_deletion_keys (deletion_key, term, product_id, field, representation) VALUES ('kheuekhdiyn', 'khueuekhdiyn', 6, 'title', 'strict');
INSERT OR IGNORE INTO search_deletion_keys (deletion_key, term, product_id, field, representation) VALUES ('khuuekhdiyn', 'khueuekhdiyn', 6, 'title', 'strict');
INSERT OR IGNORE INTO search_deletion_keys (deletion_key, term, product_id, field, representation) VALUES ('khueekhdiyn', 'khueuekhdiyn', 6, 'title', 'strict');
INSERT OR IGNORE INTO search_deletion_keys (deletion_key, term, product_id, field, representation) VALUES ('khueukhdiyn', 'khueuekhdiyn', 6, 'title', 'strict');
INSERT OR IGNORE INTO search_deletion_keys (deletion_key, term, product_id, field, representation) VALUES ('khueuehdiyn', 'khueuekhdiyn', 6, 'title', 'strict');
INSERT OR IGNORE INTO search_deletion_keys (deletion_key, term, product_id, field, representation) VALUES ('khueuekdiyn', 'khueuekhdiyn', 6, 'title', 'strict');
INSERT OR IGNORE INTO search_deletion_keys (deletion_key, term, product_id, field, representation) VALUES ('khueuekhiyn', 'khueuekhdiyn', 6, 'title', 'strict');
INSERT OR IGNORE INTO search_deletion_keys (deletion_key, term, product_id, field, representation) VALUES ('khueuekhdyn', 'khueuekhdiyn', 6, 'title', 'strict');
INSERT OR IGNORE INTO search_deletion_keys (deletion_key, term, product_id, field, representation) VALUES ('khueuekhdin', 'khueuekhdiyn', 6, 'title', 'strict');
INSERT OR IGNORE INTO search_deletion_keys (deletion_key, term, product_id, field, representation) VALUES ('khueuekhdiy', 'khueuekhdiyn', 6, 'title', 'strict');
INSERT OR IGNORE INTO search_terms (term, product_id, field, representation) VALUES ('khuerem', 6, 'title', 'strict');
INSERT OR IGNORE INTO search_deletion_keys (deletion_key, term, product_id, field, representation) VALUES ('khuerem', 'khuerem', 6, 'title', 'strict');
INSERT OR IGNORE INTO search_deletion_keys (deletion_key, term, product_id, field, representation) VALUES ('huerem', 'khuerem', 6, 'title', 'strict');
INSERT OR IGNORE INTO search_deletion_keys (deletion_key, term, product_id, field, representation) VALUES ('kuerem', 'khuerem', 6, 'title', 'strict');
INSERT OR IGNORE INTO search_deletion_keys (deletion_key, term, product_id, field, representation) VALUES ('kherem', 'khuerem', 6, 'title', 'strict');
INSERT OR IGNORE INTO search_deletion_keys (deletion_key, term, product_id, field, representation) VALUES ('khurem', 'khuerem', 6, 'title', 'strict');
INSERT OR IGNORE INTO search_deletion_keys (deletion_key, term, product_id, field, representation) VALUES ('khueem', 'khuerem', 6, 'title', 'strict');
INSERT OR IGNORE INTO search_deletion_keys (deletion_key, term, product_id, field, representation) VALUES ('khuerm', 'khuerem', 6, 'title', 'strict');
INSERT OR IGNORE INTO search_deletion_keys (deletion_key, term, product_id, field, representation) VALUES ('khuere', 'khuerem', 6, 'title', 'strict');
INSERT OR IGNORE INTO search_terms (term, product_id, field, representation) VALUES ('khuukhdiin', 6, 'title', 'basic');
INSERT OR IGNORE INTO search_deletion_keys (deletion_key, term, product_id, field, representation) VALUES ('khuukhdiin', 'khuukhdiin', 6, 'title', 'basic');
INSERT OR IGNORE INTO search_deletion_keys (deletion_key, term, product_id, field, representation) VALUES ('huukhdiin', 'khuukhdiin', 6, 'title', 'basic');
INSERT OR IGNORE INTO search_deletion_keys (deletion_key, term, product_id, field, representation) VALUES ('kuukhdiin', 'khuukhdiin', 6, 'title', 'basic');
INSERT OR IGNORE INTO search_deletion_keys (deletion_key, term, product_id, field, representation) VALUES ('khukhdiin', 'khuukhdiin', 6, 'title', 'basic');
INSERT OR IGNORE INTO search_deletion_keys (deletion_key, term, product_id, field, representation) VALUES ('khuuhdiin', 'khuukhdiin', 6, 'title', 'basic');
INSERT OR IGNORE INTO search_deletion_keys (deletion_key, term, product_id, field, representation) VALUES ('khuukdiin', 'khuukhdiin', 6, 'title', 'basic');
INSERT OR IGNORE INTO search_deletion_keys (deletion_key, term, product_id, field, representation) VALUES ('khuukhiin', 'khuukhdiin', 6, 'title', 'basic');
INSERT OR IGNORE INTO search_deletion_keys (deletion_key, term, product_id, field, representation) VALUES ('khuukhdin', 'khuukhdiin', 6, 'title', 'basic');
INSERT OR IGNORE INTO search_deletion_keys (deletion_key, term, product_id, field, representation) VALUES ('khuukhdii', 'khuukhdiin', 6, 'title', 'basic');
INSERT OR IGNORE INTO search_terms (term, product_id, field, representation) VALUES ('khurem', 6, 'title', 'basic');
INSERT OR IGNORE INTO search_deletion_keys (deletion_key, term, product_id, field, representation) VALUES ('khurem', 'khurem', 6, 'title', 'basic');
INSERT OR IGNORE INTO search_deletion_keys (deletion_key, term, product_id, field, representation) VALUES ('hurem', 'khurem', 6, 'title', 'basic');
INSERT OR IGNORE INTO search_deletion_keys (deletion_key, term, product_id, field, representation) VALUES ('kurem', 'khurem', 6, 'title', 'basic');
INSERT OR IGNORE INTO search_deletion_keys (deletion_key, term, product_id, field, representation) VALUES ('khrem', 'khurem', 6, 'title', 'basic');
INSERT OR IGNORE INTO search_deletion_keys (deletion_key, term, product_id, field, representation) VALUES ('khuem', 'khurem', 6, 'title', 'basic');
INSERT OR IGNORE INTO search_deletion_keys (deletion_key, term, product_id, field, representation) VALUES ('khurm', 'khurem', 6, 'title', 'basic');
INSERT OR IGNORE INTO search_deletion_keys (deletion_key, term, product_id, field, representation) VALUES ('khure', 'khurem', 6, 'title', 'basic');
INSERT OR IGNORE INTO search_terms (term, product_id, field, representation) VALUES ('талын', 6, 'brand', 'native');
INSERT OR IGNORE INTO search_deletion_keys (deletion_key, term, product_id, field, representation) VALUES ('талын', 'талын', 6, 'brand', 'native');
INSERT OR IGNORE INTO search_deletion_keys (deletion_key, term, product_id, field, representation) VALUES ('алын', 'талын', 6, 'brand', 'native');
INSERT OR IGNORE INTO search_deletion_keys (deletion_key, term, product_id, field, representation) VALUES ('тлын', 'талын', 6, 'brand', 'native');
INSERT OR IGNORE INTO search_deletion_keys (deletion_key, term, product_id, field, representation) VALUES ('таын', 'талын', 6, 'brand', 'native');
INSERT OR IGNORE INTO search_deletion_keys (deletion_key, term, product_id, field, representation) VALUES ('талн', 'талын', 6, 'brand', 'native');
INSERT OR IGNORE INTO search_deletion_keys (deletion_key, term, product_id, field, representation) VALUES ('талы', 'талын', 6, 'brand', 'native');
INSERT OR IGNORE INTO search_terms (term, product_id, field, representation) VALUES ('talyn', 6, 'brand', 'strict');
INSERT OR IGNORE INTO search_deletion_keys (deletion_key, term, product_id, field, representation) VALUES ('talyn', 'talyn', 6, 'brand', 'strict');
INSERT OR IGNORE INTO search_deletion_keys (deletion_key, term, product_id, field, representation) VALUES ('alyn', 'talyn', 6, 'brand', 'strict');
INSERT OR IGNORE INTO search_deletion_keys (deletion_key, term, product_id, field, representation) VALUES ('tlyn', 'talyn', 6, 'brand', 'strict');
INSERT OR IGNORE INTO search_deletion_keys (deletion_key, term, product_id, field, representation) VALUES ('tayn', 'talyn', 6, 'brand', 'strict');
INSERT OR IGNORE INTO search_deletion_keys (deletion_key, term, product_id, field, representation) VALUES ('taln', 'talyn', 6, 'brand', 'strict');
INSERT OR IGNORE INTO search_deletion_keys (deletion_key, term, product_id, field, representation) VALUES ('taly', 'talyn', 6, 'brand', 'strict');
INSERT OR IGNORE INTO search_terms (term, product_id, field, representation) VALUES ('talin', 6, 'brand', 'basic');
INSERT OR IGNORE INTO search_deletion_keys (deletion_key, term, product_id, field, representation) VALUES ('talin', 'talin', 6, 'brand', 'basic');
INSERT OR IGNORE INTO search_deletion_keys (deletion_key, term, product_id, field, representation) VALUES ('alin', 'talin', 6, 'brand', 'basic');
INSERT OR IGNORE INTO search_deletion_keys (deletion_key, term, product_id, field, representation) VALUES ('tlin', 'talin', 6, 'brand', 'basic');
INSERT OR IGNORE INTO search_deletion_keys (deletion_key, term, product_id, field, representation) VALUES ('tain', 'talin', 6, 'brand', 'basic');
INSERT OR IGNORE INTO search_deletion_keys (deletion_key, term, product_id, field, representation) VALUES ('taln', 'talin', 6, 'brand', 'basic');
INSERT OR IGNORE INTO search_deletion_keys (deletion_key, term, product_id, field, representation) VALUES ('tali', 'talin', 6, 'brand', 'basic');
INSERT OR IGNORE INTO search_terms (term, product_id, field, representation) VALUES ('хүүхэд', 6, 'category', 'native');
INSERT OR IGNORE INTO search_deletion_keys (deletion_key, term, product_id, field, representation) VALUES ('хүүхэд', 'хүүхэд', 6, 'category', 'native');
INSERT OR IGNORE INTO search_deletion_keys (deletion_key, term, product_id, field, representation) VALUES ('үүхэд', 'хүүхэд', 6, 'category', 'native');
INSERT OR IGNORE INTO search_deletion_keys (deletion_key, term, product_id, field, representation) VALUES ('хүхэд', 'хүүхэд', 6, 'category', 'native');
INSERT OR IGNORE INTO search_deletion_keys (deletion_key, term, product_id, field, representation) VALUES ('хүүэд', 'хүүхэд', 6, 'category', 'native');
INSERT OR IGNORE INTO search_deletion_keys (deletion_key, term, product_id, field, representation) VALUES ('хүүхд', 'хүүхэд', 6, 'category', 'native');
INSERT OR IGNORE INTO search_deletion_keys (deletion_key, term, product_id, field, representation) VALUES ('хүүхэ', 'хүүхэд', 6, 'category', 'native');
INSERT OR IGNORE INTO search_terms (term, product_id, field, representation) VALUES ('khueuekhed', 6, 'category', 'strict');
INSERT OR IGNORE INTO search_deletion_keys (deletion_key, term, product_id, field, representation) VALUES ('khueuekhed', 'khueuekhed', 6, 'category', 'strict');
INSERT OR IGNORE INTO search_deletion_keys (deletion_key, term, product_id, field, representation) VALUES ('hueuekhed', 'khueuekhed', 6, 'category', 'strict');
INSERT OR IGNORE INTO search_deletion_keys (deletion_key, term, product_id, field, representation) VALUES ('kueuekhed', 'khueuekhed', 6, 'category', 'strict');
INSERT OR IGNORE INTO search_deletion_keys (deletion_key, term, product_id, field, representation) VALUES ('kheuekhed', 'khueuekhed', 6, 'category', 'strict');
INSERT OR IGNORE INTO search_deletion_keys (deletion_key, term, product_id, field, representation) VALUES ('khuuekhed', 'khueuekhed', 6, 'category', 'strict');
INSERT OR IGNORE INTO search_deletion_keys (deletion_key, term, product_id, field, representation) VALUES ('khueekhed', 'khueuekhed', 6, 'category', 'strict');
INSERT OR IGNORE INTO search_deletion_keys (deletion_key, term, product_id, field, representation) VALUES ('khueukhed', 'khueuekhed', 6, 'category', 'strict');
INSERT OR IGNORE INTO search_deletion_keys (deletion_key, term, product_id, field, representation) VALUES ('khueuehed', 'khueuekhed', 6, 'category', 'strict');
INSERT OR IGNORE INTO search_deletion_keys (deletion_key, term, product_id, field, representation) VALUES ('khueueked', 'khueuekhed', 6, 'category', 'strict');
INSERT OR IGNORE INTO search_deletion_keys (deletion_key, term, product_id, field, representation) VALUES ('khueuekhd', 'khueuekhed', 6, 'category', 'strict');
INSERT OR IGNORE INTO search_deletion_keys (deletion_key, term, product_id, field, representation) VALUES ('khueuekhe', 'khueuekhed', 6, 'category', 'strict');
INSERT OR IGNORE INTO search_terms (term, product_id, field, representation) VALUES ('khuukhed', 6, 'category', 'basic');
INSERT OR IGNORE INTO search_deletion_keys (deletion_key, term, product_id, field, representation) VALUES ('khuukhed', 'khuukhed', 6, 'category', 'basic');
INSERT OR IGNORE INTO search_deletion_keys (deletion_key, term, product_id, field, representation) VALUES ('huukhed', 'khuukhed', 6, 'category', 'basic');
INSERT OR IGNORE INTO search_deletion_keys (deletion_key, term, product_id, field, representation) VALUES ('kuukhed', 'khuukhed', 6, 'category', 'basic');
INSERT OR IGNORE INTO search_deletion_keys (deletion_key, term, product_id, field, representation) VALUES ('khukhed', 'khuukhed', 6, 'category', 'basic');
INSERT OR IGNORE INTO search_deletion_keys (deletion_key, term, product_id, field, representation) VALUES ('khuuhed', 'khuukhed', 6, 'category', 'basic');
INSERT OR IGNORE INTO search_deletion_keys (deletion_key, term, product_id, field, representation) VALUES ('khuuked', 'khuukhed', 6, 'category', 'basic');
INSERT OR IGNORE INTO search_deletion_keys (deletion_key, term, product_id, field, representation) VALUES ('khuukhd', 'khuukhed', 6, 'category', 'basic');
INSERT OR IGNORE INTO search_deletion_keys (deletion_key, term, product_id, field, representation) VALUES ('khuukhe', 'khuukhed', 6, 'category', 'basic');
INSERT INTO products (id, sku, sku_normalized, name, category, tags, price_mnt, strict_key, basic_key, brand, description, available, merchandising_position) VALUES (7, 'HV-Ц-007', 'hvц007', 'Цагаан цамц', 'Хувцас', 'цагаан, даавуу', 22500, 'цагаан цамц хувцас цагаан даавуу hv ц 007 tsagaan tsamts khuvtsas tsagaan daavuu hv ts 007', 'цагаан цамц хувцас цагаан даавуу hv ц 007 tsagaan tsamts khuvtsas tsagaan daavuu hv ts 007', 'Хөх Тэнгэр', 'Хувцас зориулсан синтетик туршилтын бүтээгдэхүүн цагаан, даавуу', 1, 7);
INSERT INTO product_search (product_id, name, category, tags, sku, strict_key, basic_key) VALUES (7, 'цагаан цамц tsagaan tsamts', 'хувцас khuvtsas', 'цагаан даавуу tsagaan daavuu', 'hv ц 007 hv ts 007', 'цагаан цамц хувцас цагаан даавуу hv ц 007 tsagaan tsamts khuvtsas tsagaan daavuu hv ts 007', 'цагаан цамц хувцас цагаан даавуу hv ц 007 tsagaan tsamts khuvtsas tsagaan daavuu hv ts 007');
INSERT INTO product_search_tiered (product_id, native_key, strict_key, basic_key, sku_key) VALUES (7, 'цагаан цамц хувцас цагаан даавуу hv ц 007', 'tsagaan tsamts khuvtsas tsagaan daavuu hv ts 007', 'cagaan tsagaan camc camts tsamc tsamts huvcas huvtsas khuvcas khuvtsas cagaan tsagaan daavuu hv 007', 'hvц007');
INSERT INTO product_search_resilient (product_id, title_native, brand_native, category_native, tags_native, description_native, title_strict, brand_strict, category_strict, tags_strict, description_strict, title_basic, brand_basic, category_basic, tags_basic, description_basic) VALUES (7, 'цагаан цамц', 'хөх тэнгэр', 'хувцас', 'цагаан даавуу', 'хувцас зориулсан синтетик туршилтын бүтээгдэхүүн цагаан даавуу', 'tsagaan tsamts', 'khoekh tenger', 'khuvtsas', 'tsagaan daavuu', 'khuvtsas zoriulsan sintetik turshiltyn bueteegdekhueuen tsagaan daavuu', 'cagaan tsagaan camc camts tsamc tsamts', 'hoh hokh huh hukh khoh khokh khuh khukh tenger', 'huvcas huvtsas khuvcas khuvtsas', 'cagaan tsagaan daavuu', 'huvcas huvtsas khuvcas khuvtsas zoriulsan sintetik turshiltyn buteegdehuun buteegdehuin buteegdehiun buteegdehiin buteegdekhuun buteegdekhuin buteegdekhiun buteegdekhiin cagaan tsagaan daavuu');
INSERT OR IGNORE INTO search_terms (term, product_id, field, representation) VALUES ('цагаан', 7, 'title', 'native');
INSERT OR IGNORE INTO search_deletion_keys (deletion_key, term, product_id, field, representation) VALUES ('цагаан', 'цагаан', 7, 'title', 'native');
INSERT OR IGNORE INTO search_deletion_keys (deletion_key, term, product_id, field, representation) VALUES ('агаан', 'цагаан', 7, 'title', 'native');
INSERT OR IGNORE INTO search_deletion_keys (deletion_key, term, product_id, field, representation) VALUES ('цгаан', 'цагаан', 7, 'title', 'native');
INSERT OR IGNORE INTO search_deletion_keys (deletion_key, term, product_id, field, representation) VALUES ('цааан', 'цагаан', 7, 'title', 'native');
INSERT OR IGNORE INTO search_deletion_keys (deletion_key, term, product_id, field, representation) VALUES ('цаган', 'цагаан', 7, 'title', 'native');
INSERT OR IGNORE INTO search_deletion_keys (deletion_key, term, product_id, field, representation) VALUES ('цагаа', 'цагаан', 7, 'title', 'native');
INSERT OR IGNORE INTO search_terms (term, product_id, field, representation) VALUES ('цамц', 7, 'title', 'native');
INSERT OR IGNORE INTO search_deletion_keys (deletion_key, term, product_id, field, representation) VALUES ('цамц', 'цамц', 7, 'title', 'native');
INSERT OR IGNORE INTO search_deletion_keys (deletion_key, term, product_id, field, representation) VALUES ('амц', 'цамц', 7, 'title', 'native');
INSERT OR IGNORE INTO search_deletion_keys (deletion_key, term, product_id, field, representation) VALUES ('цмц', 'цамц', 7, 'title', 'native');
INSERT OR IGNORE INTO search_deletion_keys (deletion_key, term, product_id, field, representation) VALUES ('цац', 'цамц', 7, 'title', 'native');
INSERT OR IGNORE INTO search_deletion_keys (deletion_key, term, product_id, field, representation) VALUES ('цам', 'цамц', 7, 'title', 'native');
INSERT OR IGNORE INTO search_terms (term, product_id, field, representation) VALUES ('tsagaan', 7, 'title', 'strict');
INSERT OR IGNORE INTO search_deletion_keys (deletion_key, term, product_id, field, representation) VALUES ('tsagaan', 'tsagaan', 7, 'title', 'strict');
INSERT OR IGNORE INTO search_deletion_keys (deletion_key, term, product_id, field, representation) VALUES ('sagaan', 'tsagaan', 7, 'title', 'strict');
INSERT OR IGNORE INTO search_deletion_keys (deletion_key, term, product_id, field, representation) VALUES ('tagaan', 'tsagaan', 7, 'title', 'strict');
INSERT OR IGNORE INTO search_deletion_keys (deletion_key, term, product_id, field, representation) VALUES ('tsgaan', 'tsagaan', 7, 'title', 'strict');
INSERT OR IGNORE INTO search_deletion_keys (deletion_key, term, product_id, field, representation) VALUES ('tsaaan', 'tsagaan', 7, 'title', 'strict');
INSERT OR IGNORE INTO search_deletion_keys (deletion_key, term, product_id, field, representation) VALUES ('tsagan', 'tsagaan', 7, 'title', 'strict');
INSERT OR IGNORE INTO search_deletion_keys (deletion_key, term, product_id, field, representation) VALUES ('tsagaa', 'tsagaan', 7, 'title', 'strict');
INSERT OR IGNORE INTO search_terms (term, product_id, field, representation) VALUES ('tsamts', 7, 'title', 'strict');
INSERT OR IGNORE INTO search_deletion_keys (deletion_key, term, product_id, field, representation) VALUES ('tsamts', 'tsamts', 7, 'title', 'strict');
INSERT OR IGNORE INTO search_deletion_keys (deletion_key, term, product_id, field, representation) VALUES ('samts', 'tsamts', 7, 'title', 'strict');
INSERT OR IGNORE INTO search_deletion_keys (deletion_key, term, product_id, field, representation) VALUES ('tamts', 'tsamts', 7, 'title', 'strict');
INSERT OR IGNORE INTO search_deletion_keys (deletion_key, term, product_id, field, representation) VALUES ('tsmts', 'tsamts', 7, 'title', 'strict');
INSERT OR IGNORE INTO search_deletion_keys (deletion_key, term, product_id, field, representation) VALUES ('tsats', 'tsamts', 7, 'title', 'strict');
INSERT OR IGNORE INTO search_deletion_keys (deletion_key, term, product_id, field, representation) VALUES ('tsams', 'tsamts', 7, 'title', 'strict');
INSERT OR IGNORE INTO search_deletion_keys (deletion_key, term, product_id, field, representation) VALUES ('tsamt', 'tsamts', 7, 'title', 'strict');
INSERT OR IGNORE INTO search_terms (term, product_id, field, representation) VALUES ('tsagaan', 7, 'title', 'basic');
INSERT OR IGNORE INTO search_deletion_keys (deletion_key, term, product_id, field, representation) VALUES ('tsagaan', 'tsagaan', 7, 'title', 'basic');
INSERT OR IGNORE INTO search_deletion_keys (deletion_key, term, product_id, field, representation) VALUES ('sagaan', 'tsagaan', 7, 'title', 'basic');
INSERT OR IGNORE INTO search_deletion_keys (deletion_key, term, product_id, field, representation) VALUES ('tagaan', 'tsagaan', 7, 'title', 'basic');
INSERT OR IGNORE INTO search_deletion_keys (deletion_key, term, product_id, field, representation) VALUES ('tsgaan', 'tsagaan', 7, 'title', 'basic');
INSERT OR IGNORE INTO search_deletion_keys (deletion_key, term, product_id, field, representation) VALUES ('tsaaan', 'tsagaan', 7, 'title', 'basic');
INSERT OR IGNORE INTO search_deletion_keys (deletion_key, term, product_id, field, representation) VALUES ('tsagan', 'tsagaan', 7, 'title', 'basic');
INSERT OR IGNORE INTO search_deletion_keys (deletion_key, term, product_id, field, representation) VALUES ('tsagaa', 'tsagaan', 7, 'title', 'basic');
INSERT OR IGNORE INTO search_terms (term, product_id, field, representation) VALUES ('tsamts', 7, 'title', 'basic');
INSERT OR IGNORE INTO search_deletion_keys (deletion_key, term, product_id, field, representation) VALUES ('tsamts', 'tsamts', 7, 'title', 'basic');
INSERT OR IGNORE INTO search_deletion_keys (deletion_key, term, product_id, field, representation) VALUES ('samts', 'tsamts', 7, 'title', 'basic');
INSERT OR IGNORE INTO search_deletion_keys (deletion_key, term, product_id, field, representation) VALUES ('tamts', 'tsamts', 7, 'title', 'basic');
INSERT OR IGNORE INTO search_deletion_keys (deletion_key, term, product_id, field, representation) VALUES ('tsmts', 'tsamts', 7, 'title', 'basic');
INSERT OR IGNORE INTO search_deletion_keys (deletion_key, term, product_id, field, representation) VALUES ('tsats', 'tsamts', 7, 'title', 'basic');
INSERT OR IGNORE INTO search_deletion_keys (deletion_key, term, product_id, field, representation) VALUES ('tsams', 'tsamts', 7, 'title', 'basic');
INSERT OR IGNORE INTO search_deletion_keys (deletion_key, term, product_id, field, representation) VALUES ('tsamt', 'tsamts', 7, 'title', 'basic');
INSERT OR IGNORE INTO search_terms (term, product_id, field, representation) VALUES ('тэнгэр', 7, 'brand', 'native');
INSERT OR IGNORE INTO search_deletion_keys (deletion_key, term, product_id, field, representation) VALUES ('тэнгэр', 'тэнгэр', 7, 'brand', 'native');
INSERT OR IGNORE INTO search_deletion_keys (deletion_key, term, product_id, field, representation) VALUES ('энгэр', 'тэнгэр', 7, 'brand', 'native');
INSERT OR IGNORE INTO search_deletion_keys (deletion_key, term, product_id, field, representation) VALUES ('тнгэр', 'тэнгэр', 7, 'brand', 'native');
INSERT OR IGNORE INTO search_deletion_keys (deletion_key, term, product_id, field, representation) VALUES ('тэгэр', 'тэнгэр', 7, 'brand', 'native');
INSERT OR IGNORE INTO search_deletion_keys (deletion_key, term, product_id, field, representation) VALUES ('тэнэр', 'тэнгэр', 7, 'brand', 'native');
INSERT OR IGNORE INTO search_deletion_keys (deletion_key, term, product_id, field, representation) VALUES ('тэнгр', 'тэнгэр', 7, 'brand', 'native');
INSERT OR IGNORE INTO search_deletion_keys (deletion_key, term, product_id, field, representation) VALUES ('тэнгэ', 'тэнгэр', 7, 'brand', 'native');
INSERT OR IGNORE INTO search_terms (term, product_id, field, representation) VALUES ('khoekh', 7, 'brand', 'strict');
INSERT OR IGNORE INTO search_deletion_keys (deletion_key, term, product_id, field, representation) VALUES ('khoekh', 'khoekh', 7, 'brand', 'strict');
INSERT OR IGNORE INTO search_deletion_keys (deletion_key, term, product_id, field, representation) VALUES ('hoekh', 'khoekh', 7, 'brand', 'strict');
INSERT OR IGNORE INTO search_deletion_keys (deletion_key, term, product_id, field, representation) VALUES ('koekh', 'khoekh', 7, 'brand', 'strict');
INSERT OR IGNORE INTO search_deletion_keys (deletion_key, term, product_id, field, representation) VALUES ('khekh', 'khoekh', 7, 'brand', 'strict');
INSERT OR IGNORE INTO search_deletion_keys (deletion_key, term, product_id, field, representation) VALUES ('khokh', 'khoekh', 7, 'brand', 'strict');
INSERT OR IGNORE INTO search_deletion_keys (deletion_key, term, product_id, field, representation) VALUES ('khoeh', 'khoekh', 7, 'brand', 'strict');
INSERT OR IGNORE INTO search_deletion_keys (deletion_key, term, product_id, field, representation) VALUES ('khoek', 'khoekh', 7, 'brand', 'strict');
INSERT OR IGNORE INTO search_terms (term, product_id, field, representation) VALUES ('tenger', 7, 'brand', 'strict');
INSERT OR IGNORE INTO search_deletion_keys (deletion_key, term, product_id, field, representation) VALUES ('tenger', 'tenger', 7, 'brand', 'strict');
INSERT OR IGNORE INTO search_deletion_keys (deletion_key, term, product_id, field, representation) VALUES ('enger', 'tenger', 7, 'brand', 'strict');
INSERT OR IGNORE INTO search_deletion_keys (deletion_key, term, product_id, field, representation) VALUES ('tnger', 'tenger', 7, 'brand', 'strict');
INSERT OR IGNORE INTO search_deletion_keys (deletion_key, term, product_id, field, representation) VALUES ('teger', 'tenger', 7, 'brand', 'strict');
INSERT OR IGNORE INTO search_deletion_keys (deletion_key, term, product_id, field, representation) VALUES ('tener', 'tenger', 7, 'brand', 'strict');
INSERT OR IGNORE INTO search_deletion_keys (deletion_key, term, product_id, field, representation) VALUES ('tengr', 'tenger', 7, 'brand', 'strict');
INSERT OR IGNORE INTO search_deletion_keys (deletion_key, term, product_id, field, representation) VALUES ('tenge', 'tenger', 7, 'brand', 'strict');
INSERT OR IGNORE INTO search_terms (term, product_id, field, representation) VALUES ('khokh', 7, 'brand', 'basic');
INSERT OR IGNORE INTO search_deletion_keys (deletion_key, term, product_id, field, representation) VALUES ('khokh', 'khokh', 7, 'brand', 'basic');
INSERT OR IGNORE INTO search_deletion_keys (deletion_key, term, product_id, field, representation) VALUES ('hokh', 'khokh', 7, 'brand', 'basic');
INSERT OR IGNORE INTO search_deletion_keys (deletion_key, term, product_id, field, representation) VALUES ('kokh', 'khokh', 7, 'brand', 'basic');
INSERT OR IGNORE INTO search_deletion_keys (deletion_key, term, product_id, field, representation) VALUES ('khkh', 'khokh', 7, 'brand', 'basic');
INSERT OR IGNORE INTO search_deletion_keys (deletion_key, term, product_id, field, representation) VALUES ('khoh', 'khokh', 7, 'brand', 'basic');
INSERT OR IGNORE INTO search_deletion_keys (deletion_key, term, product_id, field, representation) VALUES ('khok', 'khokh', 7, 'brand', 'basic');
INSERT OR IGNORE INTO search_terms (term, product_id, field, representation) VALUES ('tenger', 7, 'brand', 'basic');
INSERT OR IGNORE INTO search_deletion_keys (deletion_key, term, product_id, field, representation) VALUES ('tenger', 'tenger', 7, 'brand', 'basic');
INSERT OR IGNORE INTO search_deletion_keys (deletion_key, term, product_id, field, representation) VALUES ('enger', 'tenger', 7, 'brand', 'basic');
INSERT OR IGNORE INTO search_deletion_keys (deletion_key, term, product_id, field, representation) VALUES ('tnger', 'tenger', 7, 'brand', 'basic');
INSERT OR IGNORE INTO search_deletion_keys (deletion_key, term, product_id, field, representation) VALUES ('teger', 'tenger', 7, 'brand', 'basic');
INSERT OR IGNORE INTO search_deletion_keys (deletion_key, term, product_id, field, representation) VALUES ('tener', 'tenger', 7, 'brand', 'basic');
INSERT OR IGNORE INTO search_deletion_keys (deletion_key, term, product_id, field, representation) VALUES ('tengr', 'tenger', 7, 'brand', 'basic');
INSERT OR IGNORE INTO search_deletion_keys (deletion_key, term, product_id, field, representation) VALUES ('tenge', 'tenger', 7, 'brand', 'basic');
INSERT OR IGNORE INTO search_terms (term, product_id, field, representation) VALUES ('хувцас', 7, 'category', 'native');
INSERT OR IGNORE INTO search_deletion_keys (deletion_key, term, product_id, field, representation) VALUES ('хувцас', 'хувцас', 7, 'category', 'native');
INSERT OR IGNORE INTO search_deletion_keys (deletion_key, term, product_id, field, representation) VALUES ('увцас', 'хувцас', 7, 'category', 'native');
INSERT OR IGNORE INTO search_deletion_keys (deletion_key, term, product_id, field, representation) VALUES ('хвцас', 'хувцас', 7, 'category', 'native');
INSERT OR IGNORE INTO search_deletion_keys (deletion_key, term, product_id, field, representation) VALUES ('хуцас', 'хувцас', 7, 'category', 'native');
INSERT OR IGNORE INTO search_deletion_keys (deletion_key, term, product_id, field, representation) VALUES ('хувас', 'хувцас', 7, 'category', 'native');
INSERT OR IGNORE INTO search_deletion_keys (deletion_key, term, product_id, field, representation) VALUES ('хувцс', 'хувцас', 7, 'category', 'native');
INSERT OR IGNORE INTO search_deletion_keys (deletion_key, term, product_id, field, representation) VALUES ('хувца', 'хувцас', 7, 'category', 'native');
INSERT OR IGNORE INTO search_terms (term, product_id, field, representation) VALUES ('khuvtsas', 7, 'category', 'strict');
INSERT OR IGNORE INTO search_deletion_keys (deletion_key, term, product_id, field, representation) VALUES ('khuvtsas', 'khuvtsas', 7, 'category', 'strict');
INSERT OR IGNORE INTO search_deletion_keys (deletion_key, term, product_id, field, representation) VALUES ('huvtsas', 'khuvtsas', 7, 'category', 'strict');
INSERT OR IGNORE INTO search_deletion_keys (deletion_key, term, product_id, field, representation) VALUES ('kuvtsas', 'khuvtsas', 7, 'category', 'strict');
INSERT OR IGNORE INTO search_deletion_keys (deletion_key, term, product_id, field, representation) VALUES ('khvtsas', 'khuvtsas', 7, 'category', 'strict');
INSERT OR IGNORE INTO search_deletion_keys (deletion_key, term, product_id, field, representation) VALUES ('khutsas', 'khuvtsas', 7, 'category', 'strict');
INSERT OR IGNORE INTO search_deletion_keys (deletion_key, term, product_id, field, representation) VALUES ('khuvsas', 'khuvtsas', 7, 'category', 'strict');
INSERT OR IGNORE INTO search_deletion_keys (deletion_key, term, product_id, field, representation) VALUES ('khuvtas', 'khuvtsas', 7, 'category', 'strict');
INSERT OR IGNORE INTO search_deletion_keys (deletion_key, term, product_id, field, representation) VALUES ('khuvtss', 'khuvtsas', 7, 'category', 'strict');
INSERT OR IGNORE INTO search_deletion_keys (deletion_key, term, product_id, field, representation) VALUES ('khuvtsa', 'khuvtsas', 7, 'category', 'strict');
INSERT OR IGNORE INTO search_terms (term, product_id, field, representation) VALUES ('khuvtsas', 7, 'category', 'basic');
INSERT OR IGNORE INTO search_deletion_keys (deletion_key, term, product_id, field, representation) VALUES ('khuvtsas', 'khuvtsas', 7, 'category', 'basic');
INSERT OR IGNORE INTO search_deletion_keys (deletion_key, term, product_id, field, representation) VALUES ('huvtsas', 'khuvtsas', 7, 'category', 'basic');
INSERT OR IGNORE INTO search_deletion_keys (deletion_key, term, product_id, field, representation) VALUES ('kuvtsas', 'khuvtsas', 7, 'category', 'basic');
INSERT OR IGNORE INTO search_deletion_keys (deletion_key, term, product_id, field, representation) VALUES ('khvtsas', 'khuvtsas', 7, 'category', 'basic');
INSERT OR IGNORE INTO search_deletion_keys (deletion_key, term, product_id, field, representation) VALUES ('khutsas', 'khuvtsas', 7, 'category', 'basic');
INSERT OR IGNORE INTO search_deletion_keys (deletion_key, term, product_id, field, representation) VALUES ('khuvsas', 'khuvtsas', 7, 'category', 'basic');
INSERT OR IGNORE INTO search_deletion_keys (deletion_key, term, product_id, field, representation) VALUES ('khuvtas', 'khuvtsas', 7, 'category', 'basic');
INSERT OR IGNORE INTO search_deletion_keys (deletion_key, term, product_id, field, representation) VALUES ('khuvtss', 'khuvtsas', 7, 'category', 'basic');
INSERT OR IGNORE INTO search_deletion_keys (deletion_key, term, product_id, field, representation) VALUES ('khuvtsa', 'khuvtsas', 7, 'category', 'basic');
INSERT INTO products (id, sku, sku_normalized, name, category, tags, price_mnt, strict_key, basic_key, brand, description, available, merchandising_position) VALUES (8, 'HV-Ч-008', 'hvч008', 'Чанартай оймс', 'Хувцас', 'чанар, оймс', 24250, 'чанартай оймс хувцас чанар оймс hv ч 008 chanartay oyms khuvtsas chanar oyms hv ch 008', 'чанартай оймс хувцас чанар оймс hv ч 008 chanartai oims khuvtsas chanar oims hv ch 008', 'Алтан Өргөө', 'Хувцас зориулсан синтетик туршилтын бүтээгдэхүүн чанар, оймс', 1, 8);
INSERT INTO product_search (product_id, name, category, tags, sku, strict_key, basic_key) VALUES (8, 'чанартай оймс chanartay oyms', 'хувцас khuvtsas', 'чанар оймс chanar oyms', 'hv ч 008 hv ch 008', 'чанартай оймс хувцас чанар оймс hv ч 008 chanartay oyms khuvtsas chanar oyms hv ch 008', 'чанартай оймс хувцас чанар оймс hv ч 008 chanartai oims khuvtsas chanar oims hv ch 008');
INSERT INTO product_search_tiered (product_id, native_key, strict_key, basic_key, sku_key) VALUES (8, 'чанартай оймс хувцас чанар оймс hv ч 008', 'chanartay oyms khuvtsas chanar oyms hv ch 008', 'chanartai chanartay oims oyms huvcas huvtsas khuvcas khuvtsas chanar oims oyms hv 008', 'hvч008');
INSERT INTO product_search_resilient (product_id, title_native, brand_native, category_native, tags_native, description_native, title_strict, brand_strict, category_strict, tags_strict, description_strict, title_basic, brand_basic, category_basic, tags_basic, description_basic) VALUES (8, 'чанартай оймс', 'алтан өргөө', 'хувцас', 'чанар оймс', 'хувцас зориулсан синтетик туршилтын бүтээгдэхүүн чанар оймс', 'chanartay oyms', 'altan oergoeoe', 'khuvtsas', 'chanar oyms', 'khuvtsas zoriulsan sintetik turshiltyn bueteegdekhueuen chanar oyms', 'chanartai chanartay oims oyms', 'altan orgoo orgou orguo orguu urgoo urgou urguo urguu', 'huvcas huvtsas khuvcas khuvtsas', 'chanar oims oyms', 'huvcas huvtsas khuvcas khuvtsas zoriulsan sintetik turshiltyn buteegdehuun buteegdehuin buteegdehiun buteegdehiin buteegdekhuun buteegdekhuin buteegdekhiun buteegdekhiin chanar oims oyms');
INSERT OR IGNORE INTO search_terms (term, product_id, field, representation) VALUES ('чанартай', 8, 'title', 'native');
INSERT OR IGNORE INTO search_deletion_keys (deletion_key, term, product_id, field, representation) VALUES ('чанартай', 'чанартай', 8, 'title', 'native');
INSERT OR IGNORE INTO search_deletion_keys (deletion_key, term, product_id, field, representation) VALUES ('анартай', 'чанартай', 8, 'title', 'native');
INSERT OR IGNORE INTO search_deletion_keys (deletion_key, term, product_id, field, representation) VALUES ('чнартай', 'чанартай', 8, 'title', 'native');
INSERT OR IGNORE INTO search_deletion_keys (deletion_key, term, product_id, field, representation) VALUES ('чаартай', 'чанартай', 8, 'title', 'native');
INSERT OR IGNORE INTO search_deletion_keys (deletion_key, term, product_id, field, representation) VALUES ('чанртай', 'чанартай', 8, 'title', 'native');
INSERT OR IGNORE INTO search_deletion_keys (deletion_key, term, product_id, field, representation) VALUES ('чанатай', 'чанартай', 8, 'title', 'native');
INSERT OR IGNORE INTO search_deletion_keys (deletion_key, term, product_id, field, representation) VALUES ('чанарай', 'чанартай', 8, 'title', 'native');
INSERT OR IGNORE INTO search_deletion_keys (deletion_key, term, product_id, field, representation) VALUES ('чанартй', 'чанартай', 8, 'title', 'native');
INSERT OR IGNORE INTO search_deletion_keys (deletion_key, term, product_id, field, representation) VALUES ('чанарта', 'чанартай', 8, 'title', 'native');
INSERT OR IGNORE INTO search_terms (term, product_id, field, representation) VALUES ('оймс', 8, 'title', 'native');
INSERT OR IGNORE INTO search_deletion_keys (deletion_key, term, product_id, field, representation) VALUES ('оймс', 'оймс', 8, 'title', 'native');
INSERT OR IGNORE INTO search_deletion_keys (deletion_key, term, product_id, field, representation) VALUES ('ймс', 'оймс', 8, 'title', 'native');
INSERT OR IGNORE INTO search_deletion_keys (deletion_key, term, product_id, field, representation) VALUES ('омс', 'оймс', 8, 'title', 'native');
INSERT OR IGNORE INTO search_deletion_keys (deletion_key, term, product_id, field, representation) VALUES ('ойс', 'оймс', 8, 'title', 'native');
INSERT OR IGNORE INTO search_deletion_keys (deletion_key, term, product_id, field, representation) VALUES ('ойм', 'оймс', 8, 'title', 'native');
INSERT OR IGNORE INTO search_terms (term, product_id, field, representation) VALUES ('chanartay', 8, 'title', 'strict');
INSERT OR IGNORE INTO search_deletion_keys (deletion_key, term, product_id, field, representation) VALUES ('chanartay', 'chanartay', 8, 'title', 'strict');
INSERT OR IGNORE INTO search_deletion_keys (deletion_key, term, product_id, field, representation) VALUES ('hanartay', 'chanartay', 8, 'title', 'strict');
INSERT OR IGNORE INTO search_deletion_keys (deletion_key, term, product_id, field, representation) VALUES ('canartay', 'chanartay', 8, 'title', 'strict');
INSERT OR IGNORE INTO search_deletion_keys (deletion_key, term, product_id, field, representation) VALUES ('chnartay', 'chanartay', 8, 'title', 'strict');
INSERT OR IGNORE INTO search_deletion_keys (deletion_key, term, product_id, field, representation) VALUES ('chaartay', 'chanartay', 8, 'title', 'strict');
INSERT OR IGNORE INTO search_deletion_keys (deletion_key, term, product_id, field, representation) VALUES ('chanrtay', 'chanartay', 8, 'title', 'strict');
INSERT OR IGNORE INTO search_deletion_keys (deletion_key, term, product_id, field, representation) VALUES ('chanatay', 'chanartay', 8, 'title', 'strict');
INSERT OR IGNORE INTO search_deletion_keys (deletion_key, term, product_id, field, representation) VALUES ('chanaray', 'chanartay', 8, 'title', 'strict');
INSERT OR IGNORE INTO search_deletion_keys (deletion_key, term, product_id, field, representation) VALUES ('chanarty', 'chanartay', 8, 'title', 'strict');
INSERT OR IGNORE INTO search_deletion_keys (deletion_key, term, product_id, field, representation) VALUES ('chanarta', 'chanartay', 8, 'title', 'strict');
INSERT OR IGNORE INTO search_terms (term, product_id, field, representation) VALUES ('oyms', 8, 'title', 'strict');
INSERT OR IGNORE INTO search_deletion_keys (deletion_key, term, product_id, field, representation) VALUES ('oyms', 'oyms', 8, 'title', 'strict');
INSERT OR IGNORE INTO search_deletion_keys (deletion_key, term, product_id, field, representation) VALUES ('yms', 'oyms', 8, 'title', 'strict');
INSERT OR IGNORE INTO search_deletion_keys (deletion_key, term, product_id, field, representation) VALUES ('oms', 'oyms', 8, 'title', 'strict');
INSERT OR IGNORE INTO search_deletion_keys (deletion_key, term, product_id, field, representation) VALUES ('oys', 'oyms', 8, 'title', 'strict');
INSERT OR IGNORE INTO search_deletion_keys (deletion_key, term, product_id, field, representation) VALUES ('oym', 'oyms', 8, 'title', 'strict');
INSERT OR IGNORE INTO search_terms (term, product_id, field, representation) VALUES ('chanartai', 8, 'title', 'basic');
INSERT OR IGNORE INTO search_deletion_keys (deletion_key, term, product_id, field, representation) VALUES ('chanartai', 'chanartai', 8, 'title', 'basic');
INSERT OR IGNORE INTO search_deletion_keys (deletion_key, term, product_id, field, representation) VALUES ('hanartai', 'chanartai', 8, 'title', 'basic');
INSERT OR IGNORE INTO search_deletion_keys (deletion_key, term, product_id, field, representation) VALUES ('canartai', 'chanartai', 8, 'title', 'basic');
INSERT OR IGNORE INTO search_deletion_keys (deletion_key, term, product_id, field, representation) VALUES ('chnartai', 'chanartai', 8, 'title', 'basic');
INSERT OR IGNORE INTO search_deletion_keys (deletion_key, term, product_id, field, representation) VALUES ('chaartai', 'chanartai', 8, 'title', 'basic');
INSERT OR IGNORE INTO search_deletion_keys (deletion_key, term, product_id, field, representation) VALUES ('chanrtai', 'chanartai', 8, 'title', 'basic');
INSERT OR IGNORE INTO search_deletion_keys (deletion_key, term, product_id, field, representation) VALUES ('chanatai', 'chanartai', 8, 'title', 'basic');
INSERT OR IGNORE INTO search_deletion_keys (deletion_key, term, product_id, field, representation) VALUES ('chanarai', 'chanartai', 8, 'title', 'basic');
INSERT OR IGNORE INTO search_deletion_keys (deletion_key, term, product_id, field, representation) VALUES ('chanarti', 'chanartai', 8, 'title', 'basic');
INSERT OR IGNORE INTO search_deletion_keys (deletion_key, term, product_id, field, representation) VALUES ('chanarta', 'chanartai', 8, 'title', 'basic');
INSERT OR IGNORE INTO search_terms (term, product_id, field, representation) VALUES ('oims', 8, 'title', 'basic');
INSERT OR IGNORE INTO search_deletion_keys (deletion_key, term, product_id, field, representation) VALUES ('oims', 'oims', 8, 'title', 'basic');
INSERT OR IGNORE INTO search_deletion_keys (deletion_key, term, product_id, field, representation) VALUES ('ims', 'oims', 8, 'title', 'basic');
INSERT OR IGNORE INTO search_deletion_keys (deletion_key, term, product_id, field, representation) VALUES ('oms', 'oims', 8, 'title', 'basic');
INSERT OR IGNORE INTO search_deletion_keys (deletion_key, term, product_id, field, representation) VALUES ('ois', 'oims', 8, 'title', 'basic');
INSERT OR IGNORE INTO search_deletion_keys (deletion_key, term, product_id, field, representation) VALUES ('oim', 'oims', 8, 'title', 'basic');
INSERT OR IGNORE INTO search_terms (term, product_id, field, representation) VALUES ('алтан', 8, 'brand', 'native');
INSERT OR IGNORE INTO search_deletion_keys (deletion_key, term, product_id, field, representation) VALUES ('алтан', 'алтан', 8, 'brand', 'native');
INSERT OR IGNORE INTO search_deletion_keys (deletion_key, term, product_id, field, representation) VALUES ('лтан', 'алтан', 8, 'brand', 'native');
INSERT OR IGNORE INTO search_deletion_keys (deletion_key, term, product_id, field, representation) VALUES ('атан', 'алтан', 8, 'brand', 'native');
INSERT OR IGNORE INTO search_deletion_keys (deletion_key, term, product_id, field, representation) VALUES ('алан', 'алтан', 8, 'brand', 'native');
INSERT OR IGNORE INTO search_deletion_keys (deletion_key, term, product_id, field, representation) VALUES ('алтн', 'алтан', 8, 'brand', 'native');
INSERT OR IGNORE INTO search_deletion_keys (deletion_key, term, product_id, field, representation) VALUES ('алта', 'алтан', 8, 'brand', 'native');
INSERT OR IGNORE INTO search_terms (term, product_id, field, representation) VALUES ('өргөө', 8, 'brand', 'native');
INSERT OR IGNORE INTO search_deletion_keys (deletion_key, term, product_id, field, representation) VALUES ('өргөө', 'өргөө', 8, 'brand', 'native');
INSERT OR IGNORE INTO search_deletion_keys (deletion_key, term, product_id, field, representation) VALUES ('ргөө', 'өргөө', 8, 'brand', 'native');
INSERT OR IGNORE INTO search_deletion_keys (deletion_key, term, product_id, field, representation) VALUES ('өгөө', 'өргөө', 8, 'brand', 'native');
INSERT OR IGNORE INTO search_deletion_keys (deletion_key, term, product_id, field, representation) VALUES ('өрөө', 'өргөө', 8, 'brand', 'native');
INSERT OR IGNORE INTO search_deletion_keys (deletion_key, term, product_id, field, representation) VALUES ('өргө', 'өргөө', 8, 'brand', 'native');
INSERT OR IGNORE INTO search_terms (term, product_id, field, representation) VALUES ('altan', 8, 'brand', 'strict');
INSERT OR IGNORE INTO search_deletion_keys (deletion_key, term, product_id, field, representation) VALUES ('altan', 'altan', 8, 'brand', 'strict');
INSERT OR IGNORE INTO search_deletion_keys (deletion_key, term, product_id, field, representation) VALUES ('ltan', 'altan', 8, 'brand', 'strict');
INSERT OR IGNORE INTO search_deletion_keys (deletion_key, term, product_id, field, representation) VALUES ('atan', 'altan', 8, 'brand', 'strict');
INSERT OR IGNORE INTO search_deletion_keys (deletion_key, term, product_id, field, representation) VALUES ('alan', 'altan', 8, 'brand', 'strict');
INSERT OR IGNORE INTO search_deletion_keys (deletion_key, term, product_id, field, representation) VALUES ('altn', 'altan', 8, 'brand', 'strict');
INSERT OR IGNORE INTO search_deletion_keys (deletion_key, term, product_id, field, representation) VALUES ('alta', 'altan', 8, 'brand', 'strict');
INSERT OR IGNORE INTO search_terms (term, product_id, field, representation) VALUES ('oergoeoe', 8, 'brand', 'strict');
INSERT OR IGNORE INTO search_deletion_keys (deletion_key, term, product_id, field, representation) VALUES ('oergoeoe', 'oergoeoe', 8, 'brand', 'strict');
INSERT OR IGNORE INTO search_deletion_keys (deletion_key, term, product_id, field, representation) VALUES ('ergoeoe', 'oergoeoe', 8, 'brand', 'strict');
INSERT OR IGNORE INTO search_deletion_keys (deletion_key, term, product_id, field, representation) VALUES ('orgoeoe', 'oergoeoe', 8, 'brand', 'strict');
INSERT OR IGNORE INTO search_deletion_keys (deletion_key, term, product_id, field, representation) VALUES ('oegoeoe', 'oergoeoe', 8, 'brand', 'strict');
INSERT OR IGNORE INTO search_deletion_keys (deletion_key, term, product_id, field, representation) VALUES ('oeroeoe', 'oergoeoe', 8, 'brand', 'strict');
INSERT OR IGNORE INTO search_deletion_keys (deletion_key, term, product_id, field, representation) VALUES ('oergeoe', 'oergoeoe', 8, 'brand', 'strict');
INSERT OR IGNORE INTO search_deletion_keys (deletion_key, term, product_id, field, representation) VALUES ('oergooe', 'oergoeoe', 8, 'brand', 'strict');
INSERT OR IGNORE INTO search_deletion_keys (deletion_key, term, product_id, field, representation) VALUES ('oergoee', 'oergoeoe', 8, 'brand', 'strict');
INSERT OR IGNORE INTO search_deletion_keys (deletion_key, term, product_id, field, representation) VALUES ('oergoeo', 'oergoeoe', 8, 'brand', 'strict');
INSERT OR IGNORE INTO search_terms (term, product_id, field, representation) VALUES ('altan', 8, 'brand', 'basic');
INSERT OR IGNORE INTO search_deletion_keys (deletion_key, term, product_id, field, representation) VALUES ('altan', 'altan', 8, 'brand', 'basic');
INSERT OR IGNORE INTO search_deletion_keys (deletion_key, term, product_id, field, representation) VALUES ('ltan', 'altan', 8, 'brand', 'basic');
INSERT OR IGNORE INTO search_deletion_keys (deletion_key, term, product_id, field, representation) VALUES ('atan', 'altan', 8, 'brand', 'basic');
INSERT OR IGNORE INTO search_deletion_keys (deletion_key, term, product_id, field, representation) VALUES ('alan', 'altan', 8, 'brand', 'basic');
INSERT OR IGNORE INTO search_deletion_keys (deletion_key, term, product_id, field, representation) VALUES ('altn', 'altan', 8, 'brand', 'basic');
INSERT OR IGNORE INTO search_deletion_keys (deletion_key, term, product_id, field, representation) VALUES ('alta', 'altan', 8, 'brand', 'basic');
INSERT OR IGNORE INTO search_terms (term, product_id, field, representation) VALUES ('orgoo', 8, 'brand', 'basic');
INSERT OR IGNORE INTO search_deletion_keys (deletion_key, term, product_id, field, representation) VALUES ('orgoo', 'orgoo', 8, 'brand', 'basic');
INSERT OR IGNORE INTO search_deletion_keys (deletion_key, term, product_id, field, representation) VALUES ('rgoo', 'orgoo', 8, 'brand', 'basic');
INSERT OR IGNORE INTO search_deletion_keys (deletion_key, term, product_id, field, representation) VALUES ('ogoo', 'orgoo', 8, 'brand', 'basic');
INSERT OR IGNORE INTO search_deletion_keys (deletion_key, term, product_id, field, representation) VALUES ('oroo', 'orgoo', 8, 'brand', 'basic');
INSERT OR IGNORE INTO search_deletion_keys (deletion_key, term, product_id, field, representation) VALUES ('orgo', 'orgoo', 8, 'brand', 'basic');
INSERT OR IGNORE INTO search_terms (term, product_id, field, representation) VALUES ('хувцас', 8, 'category', 'native');
INSERT OR IGNORE INTO search_deletion_keys (deletion_key, term, product_id, field, representation) VALUES ('хувцас', 'хувцас', 8, 'category', 'native');
INSERT OR IGNORE INTO search_deletion_keys (deletion_key, term, product_id, field, representation) VALUES ('увцас', 'хувцас', 8, 'category', 'native');
INSERT OR IGNORE INTO search_deletion_keys (deletion_key, term, product_id, field, representation) VALUES ('хвцас', 'хувцас', 8, 'category', 'native');
INSERT OR IGNORE INTO search_deletion_keys (deletion_key, term, product_id, field, representation) VALUES ('хуцас', 'хувцас', 8, 'category', 'native');
INSERT OR IGNORE INTO search_deletion_keys (deletion_key, term, product_id, field, representation) VALUES ('хувас', 'хувцас', 8, 'category', 'native');
INSERT OR IGNORE INTO search_deletion_keys (deletion_key, term, product_id, field, representation) VALUES ('хувцс', 'хувцас', 8, 'category', 'native');
INSERT OR IGNORE INTO search_deletion_keys (deletion_key, term, product_id, field, representation) VALUES ('хувца', 'хувцас', 8, 'category', 'native');
INSERT OR IGNORE INTO search_terms (term, product_id, field, representation) VALUES ('khuvtsas', 8, 'category', 'strict');
INSERT OR IGNORE INTO search_deletion_keys (deletion_key, term, product_id, field, representation) VALUES ('khuvtsas', 'khuvtsas', 8, 'category', 'strict');
INSERT OR IGNORE INTO search_deletion_keys (deletion_key, term, product_id, field, representation) VALUES ('huvtsas', 'khuvtsas', 8, 'category', 'strict');
INSERT OR IGNORE INTO search_deletion_keys (deletion_key, term, product_id, field, representation) VALUES ('kuvtsas', 'khuvtsas', 8, 'category', 'strict');
INSERT OR IGNORE INTO search_deletion_keys (deletion_key, term, product_id, field, representation) VALUES ('khvtsas', 'khuvtsas', 8, 'category', 'strict');
INSERT OR IGNORE INTO search_deletion_keys (deletion_key, term, product_id, field, representation) VALUES ('khutsas', 'khuvtsas', 8, 'category', 'strict');
INSERT OR IGNORE INTO search_deletion_keys (deletion_key, term, product_id, field, representation) VALUES ('khuvsas', 'khuvtsas', 8, 'category', 'strict');
INSERT OR IGNORE INTO search_deletion_keys (deletion_key, term, product_id, field, representation) VALUES ('khuvtas', 'khuvtsas', 8, 'category', 'strict');
INSERT OR IGNORE INTO search_deletion_keys (deletion_key, term, product_id, field, representation) VALUES ('khuvtss', 'khuvtsas', 8, 'category', 'strict');
INSERT OR IGNORE INTO search_deletion_keys (deletion_key, term, product_id, field, representation) VALUES ('khuvtsa', 'khuvtsas', 8, 'category', 'strict');
INSERT OR IGNORE INTO search_terms (term, product_id, field, representation) VALUES ('khuvtsas', 8, 'category', 'basic');
INSERT OR IGNORE INTO search_deletion_keys (deletion_key, term, product_id, field, representation) VALUES ('khuvtsas', 'khuvtsas', 8, 'category', 'basic');
INSERT OR IGNORE INTO search_deletion_keys (deletion_key, term, product_id, field, representation) VALUES ('huvtsas', 'khuvtsas', 8, 'category', 'basic');
INSERT OR IGNORE INTO search_deletion_keys (deletion_key, term, product_id, field, representation) VALUES ('kuvtsas', 'khuvtsas', 8, 'category', 'basic');
INSERT OR IGNORE INTO search_deletion_keys (deletion_key, term, product_id, field, representation) VALUES ('khvtsas', 'khuvtsas', 8, 'category', 'basic');
INSERT OR IGNORE INTO search_deletion_keys (deletion_key, term, product_id, field, representation) VALUES ('khutsas', 'khuvtsas', 8, 'category', 'basic');
INSERT OR IGNORE INTO search_deletion_keys (deletion_key, term, product_id, field, representation) VALUES ('khuvsas', 'khuvtsas', 8, 'category', 'basic');
INSERT OR IGNORE INTO search_deletion_keys (deletion_key, term, product_id, field, representation) VALUES ('khuvtas', 'khuvtsas', 8, 'category', 'basic');
INSERT OR IGNORE INTO search_deletion_keys (deletion_key, term, product_id, field, representation) VALUES ('khuvtss', 'khuvtsas', 8, 'category', 'basic');
INSERT OR IGNORE INTO search_deletion_keys (deletion_key, term, product_id, field, representation) VALUES ('khuvtsa', 'khuvtsas', 8, 'category', 'basic');
INSERT INTO products (id, sku, sku_normalized, name, category, tags, price_mnt, strict_key, basic_key, brand, description, available, merchandising_position) VALUES (9, 'HV-Ш-009', 'hvш009', 'Шаргал ороолт', 'Дагалдах', 'шаргал, ноос', 26000, 'шаргал ороолт дагалдах шаргал ноос hv ш 009 shargal oroolt dagaldakh shargal noos hv sh 009', 'шаргал ороолт дагалдах шаргал ноос hv ш 009 shargal oroolt dagaldakh shargal noos hv sh 009', 'Цагаан Сар', 'Дагалдах зориулсан синтетик туршилтын бүтээгдэхүүн шаргал, ноос', 1, 9);
INSERT INTO product_search (product_id, name, category, tags, sku, strict_key, basic_key) VALUES (9, 'шаргал ороолт shargal oroolt', 'дагалдах dagaldakh', 'шаргал ноос shargal noos', 'hv ш 009 hv sh 009', 'шаргал ороолт дагалдах шаргал ноос hv ш 009 shargal oroolt dagaldakh shargal noos hv sh 009', 'шаргал ороолт дагалдах шаргал ноос hv ш 009 shargal oroolt dagaldakh shargal noos hv sh 009');
INSERT INTO product_search_tiered (product_id, native_key, strict_key, basic_key, sku_key) VALUES (9, 'шаргал ороолт дагалдах шаргал ноос hv ш 009', 'shargal oroolt dagaldakh shargal noos hv sh 009', 'shargal oroolt dagaldah dagaldakh shargal noos hv 009', 'hvш009');
INSERT INTO product_search_resilient (product_id, title_native, brand_native, category_native, tags_native, description_native, title_strict, brand_strict, category_strict, tags_strict, description_strict, title_basic, brand_basic, category_basic, tags_basic, description_basic) VALUES (9, 'шаргал ороолт', 'цагаан сар', 'дагалдах', 'шаргал ноос', 'дагалдах зориулсан синтетик туршилтын бүтээгдэхүүн шаргал ноос', 'shargal oroolt', 'tsagaan sar', 'dagaldakh', 'shargal noos', 'dagaldakh zoriulsan sintetik turshiltyn bueteegdekhueuen shargal noos', 'shargal oroolt', 'cagaan tsagaan sar', 'dagaldah dagaldakh', 'shargal noos', 'dagaldah dagaldakh zoriulsan sintetik turshiltyn buteegdehuun buteegdehuin buteegdehiun buteegdehiin buteegdekhuun buteegdekhuin buteegdekhiun buteegdekhiin shargal noos');
INSERT OR IGNORE INTO search_terms (term, product_id, field, representation) VALUES ('шаргал', 9, 'title', 'native');
INSERT OR IGNORE INTO search_deletion_keys (deletion_key, term, product_id, field, representation) VALUES ('шаргал', 'шаргал', 9, 'title', 'native');
INSERT OR IGNORE INTO search_deletion_keys (deletion_key, term, product_id, field, representation) VALUES ('аргал', 'шаргал', 9, 'title', 'native');
INSERT OR IGNORE INTO search_deletion_keys (deletion_key, term, product_id, field, representation) VALUES ('шргал', 'шаргал', 9, 'title', 'native');
INSERT OR IGNORE INTO search_deletion_keys (deletion_key, term, product_id, field, representation) VALUES ('шагал', 'шаргал', 9, 'title', 'native');
INSERT OR IGNORE INTO search_deletion_keys (deletion_key, term, product_id, field, representation) VALUES ('шарал', 'шаргал', 9, 'title', 'native');
INSERT OR IGNORE INTO search_deletion_keys (deletion_key, term, product_id, field, representation) VALUES ('шаргл', 'шаргал', 9, 'title', 'native');
INSERT OR IGNORE INTO search_deletion_keys (deletion_key, term, product_id, field, representation) VALUES ('шарга', 'шаргал', 9, 'title', 'native');
INSERT OR IGNORE INTO search_terms (term, product_id, field, representation) VALUES ('ороолт', 9, 'title', 'native');
INSERT OR IGNORE INTO search_deletion_keys (deletion_key, term, product_id, field, representation) VALUES ('ороолт', 'ороолт', 9, 'title', 'native');
INSERT OR IGNORE INTO search_deletion_keys (deletion_key, term, product_id, field, representation) VALUES ('роолт', 'ороолт', 9, 'title', 'native');
INSERT OR IGNORE INTO search_deletion_keys (deletion_key, term, product_id, field, representation) VALUES ('ооолт', 'ороолт', 9, 'title', 'native');
INSERT OR IGNORE INTO search_deletion_keys (deletion_key, term, product_id, field, representation) VALUES ('оролт', 'ороолт', 9, 'title', 'native');
INSERT OR IGNORE INTO search_deletion_keys (deletion_key, term, product_id, field, representation) VALUES ('ороот', 'ороолт', 9, 'title', 'native');
INSERT OR IGNORE INTO search_deletion_keys (deletion_key, term, product_id, field, representation) VALUES ('ороол', 'ороолт', 9, 'title', 'native');
INSERT OR IGNORE INTO search_terms (term, product_id, field, representation) VALUES ('shargal', 9, 'title', 'strict');
INSERT OR IGNORE INTO search_deletion_keys (deletion_key, term, product_id, field, representation) VALUES ('shargal', 'shargal', 9, 'title', 'strict');
INSERT OR IGNORE INTO search_deletion_keys (deletion_key, term, product_id, field, representation) VALUES ('hargal', 'shargal', 9, 'title', 'strict');
INSERT OR IGNORE INTO search_deletion_keys (deletion_key, term, product_id, field, representation) VALUES ('sargal', 'shargal', 9, 'title', 'strict');
INSERT OR IGNORE INTO search_deletion_keys (deletion_key, term, product_id, field, representation) VALUES ('shrgal', 'shargal', 9, 'title', 'strict');
INSERT OR IGNORE INTO search_deletion_keys (deletion_key, term, product_id, field, representation) VALUES ('shagal', 'shargal', 9, 'title', 'strict');
INSERT OR IGNORE INTO search_deletion_keys (deletion_key, term, product_id, field, representation) VALUES ('sharal', 'shargal', 9, 'title', 'strict');
INSERT OR IGNORE INTO search_deletion_keys (deletion_key, term, product_id, field, representation) VALUES ('shargl', 'shargal', 9, 'title', 'strict');
INSERT OR IGNORE INTO search_deletion_keys (deletion_key, term, product_id, field, representation) VALUES ('sharga', 'shargal', 9, 'title', 'strict');
INSERT OR IGNORE INTO search_terms (term, product_id, field, representation) VALUES ('oroolt', 9, 'title', 'strict');
INSERT OR IGNORE INTO search_deletion_keys (deletion_key, term, product_id, field, representation) VALUES ('oroolt', 'oroolt', 9, 'title', 'strict');
INSERT OR IGNORE INTO search_deletion_keys (deletion_key, term, product_id, field, representation) VALUES ('roolt', 'oroolt', 9, 'title', 'strict');
INSERT OR IGNORE INTO search_deletion_keys (deletion_key, term, product_id, field, representation) VALUES ('ooolt', 'oroolt', 9, 'title', 'strict');
INSERT OR IGNORE INTO search_deletion_keys (deletion_key, term, product_id, field, representation) VALUES ('orolt', 'oroolt', 9, 'title', 'strict');
INSERT OR IGNORE INTO search_deletion_keys (deletion_key, term, product_id, field, representation) VALUES ('oroot', 'oroolt', 9, 'title', 'strict');
INSERT OR IGNORE INTO search_deletion_keys (deletion_key, term, product_id, field, representation) VALUES ('orool', 'oroolt', 9, 'title', 'strict');
INSERT OR IGNORE INTO search_terms (term, product_id, field, representation) VALUES ('shargal', 9, 'title', 'basic');
INSERT OR IGNORE INTO search_deletion_keys (deletion_key, term, product_id, field, representation) VALUES ('shargal', 'shargal', 9, 'title', 'basic');
INSERT OR IGNORE INTO search_deletion_keys (deletion_key, term, product_id, field, representation) VALUES ('hargal', 'shargal', 9, 'title', 'basic');
INSERT OR IGNORE INTO search_deletion_keys (deletion_key, term, product_id, field, representation) VALUES ('sargal', 'shargal', 9, 'title', 'basic');
INSERT OR IGNORE INTO search_deletion_keys (deletion_key, term, product_id, field, representation) VALUES ('shrgal', 'shargal', 9, 'title', 'basic');
INSERT OR IGNORE INTO search_deletion_keys (deletion_key, term, product_id, field, representation) VALUES ('shagal', 'shargal', 9, 'title', 'basic');
INSERT OR IGNORE INTO search_deletion_keys (deletion_key, term, product_id, field, representation) VALUES ('sharal', 'shargal', 9, 'title', 'basic');
INSERT OR IGNORE INTO search_deletion_keys (deletion_key, term, product_id, field, representation) VALUES ('shargl', 'shargal', 9, 'title', 'basic');
INSERT OR IGNORE INTO search_deletion_keys (deletion_key, term, product_id, field, representation) VALUES ('sharga', 'shargal', 9, 'title', 'basic');
INSERT OR IGNORE INTO search_terms (term, product_id, field, representation) VALUES ('oroolt', 9, 'title', 'basic');
INSERT OR IGNORE INTO search_deletion_keys (deletion_key, term, product_id, field, representation) VALUES ('oroolt', 'oroolt', 9, 'title', 'basic');
INSERT OR IGNORE INTO search_deletion_keys (deletion_key, term, product_id, field, representation) VALUES ('roolt', 'oroolt', 9, 'title', 'basic');
INSERT OR IGNORE INTO search_deletion_keys (deletion_key, term, product_id, field, representation) VALUES ('ooolt', 'oroolt', 9, 'title', 'basic');
INSERT OR IGNORE INTO search_deletion_keys (deletion_key, term, product_id, field, representation) VALUES ('orolt', 'oroolt', 9, 'title', 'basic');
INSERT OR IGNORE INTO search_deletion_keys (deletion_key, term, product_id, field, representation) VALUES ('oroot', 'oroolt', 9, 'title', 'basic');
INSERT OR IGNORE INTO search_deletion_keys (deletion_key, term, product_id, field, representation) VALUES ('orool', 'oroolt', 9, 'title', 'basic');
INSERT OR IGNORE INTO search_terms (term, product_id, field, representation) VALUES ('цагаан', 9, 'brand', 'native');
INSERT OR IGNORE INTO search_deletion_keys (deletion_key, term, product_id, field, representation) VALUES ('цагаан', 'цагаан', 9, 'brand', 'native');
INSERT OR IGNORE INTO search_deletion_keys (deletion_key, term, product_id, field, representation) VALUES ('агаан', 'цагаан', 9, 'brand', 'native');
INSERT OR IGNORE INTO search_deletion_keys (deletion_key, term, product_id, field, representation) VALUES ('цгаан', 'цагаан', 9, 'brand', 'native');
INSERT OR IGNORE INTO search_deletion_keys (deletion_key, term, product_id, field, representation) VALUES ('цааан', 'цагаан', 9, 'brand', 'native');
INSERT OR IGNORE INTO search_deletion_keys (deletion_key, term, product_id, field, representation) VALUES ('цаган', 'цагаан', 9, 'brand', 'native');
INSERT OR IGNORE INTO search_deletion_keys (deletion_key, term, product_id, field, representation) VALUES ('цагаа', 'цагаан', 9, 'brand', 'native');
INSERT OR IGNORE INTO search_terms (term, product_id, field, representation) VALUES ('tsagaan', 9, 'brand', 'strict');
INSERT OR IGNORE INTO search_deletion_keys (deletion_key, term, product_id, field, representation) VALUES ('tsagaan', 'tsagaan', 9, 'brand', 'strict');
INSERT OR IGNORE INTO search_deletion_keys (deletion_key, term, product_id, field, representation) VALUES ('sagaan', 'tsagaan', 9, 'brand', 'strict');
INSERT OR IGNORE INTO search_deletion_keys (deletion_key, term, product_id, field, representation) VALUES ('tagaan', 'tsagaan', 9, 'brand', 'strict');
INSERT OR IGNORE INTO search_deletion_keys (deletion_key, term, product_id, field, representation) VALUES ('tsgaan', 'tsagaan', 9, 'brand', 'strict');
INSERT OR IGNORE INTO search_deletion_keys (deletion_key, term, product_id, field, representation) VALUES ('tsaaan', 'tsagaan', 9, 'brand', 'strict');
INSERT OR IGNORE INTO search_deletion_keys (deletion_key, term, product_id, field, representation) VALUES ('tsagan', 'tsagaan', 9, 'brand', 'strict');
INSERT OR IGNORE INTO search_deletion_keys (deletion_key, term, product_id, field, representation) VALUES ('tsagaa', 'tsagaan', 9, 'brand', 'strict');
INSERT OR IGNORE INTO search_terms (term, product_id, field, representation) VALUES ('tsagaan', 9, 'brand', 'basic');
INSERT OR IGNORE INTO search_deletion_keys (deletion_key, term, product_id, field, representation) VALUES ('tsagaan', 'tsagaan', 9, 'brand', 'basic');
INSERT OR IGNORE INTO search_deletion_keys (deletion_key, term, product_id, field, representation) VALUES ('sagaan', 'tsagaan', 9, 'brand', 'basic');
INSERT OR IGNORE INTO search_deletion_keys (deletion_key, term, product_id, field, representation) VALUES ('tagaan', 'tsagaan', 9, 'brand', 'basic');
INSERT OR IGNORE INTO search_deletion_keys (deletion_key, term, product_id, field, representation) VALUES ('tsgaan', 'tsagaan', 9, 'brand', 'basic');
INSERT OR IGNORE INTO search_deletion_keys (deletion_key, term, product_id, field, representation) VALUES ('tsaaan', 'tsagaan', 9, 'brand', 'basic');
INSERT OR IGNORE INTO search_deletion_keys (deletion_key, term, product_id, field, representation) VALUES ('tsagan', 'tsagaan', 9, 'brand', 'basic');
INSERT OR IGNORE INTO search_deletion_keys (deletion_key, term, product_id, field, representation) VALUES ('tsagaa', 'tsagaan', 9, 'brand', 'basic');
INSERT OR IGNORE INTO search_terms (term, product_id, field, representation) VALUES ('дагалдах', 9, 'category', 'native');
INSERT OR IGNORE INTO search_deletion_keys (deletion_key, term, product_id, field, representation) VALUES ('дагалдах', 'дагалдах', 9, 'category', 'native');
INSERT OR IGNORE INTO search_deletion_keys (deletion_key, term, product_id, field, representation) VALUES ('агалдах', 'дагалдах', 9, 'category', 'native');
INSERT OR IGNORE INTO search_deletion_keys (deletion_key, term, product_id, field, representation) VALUES ('дгалдах', 'дагалдах', 9, 'category', 'native');
INSERT OR IGNORE INTO search_deletion_keys (deletion_key, term, product_id, field, representation) VALUES ('даалдах', 'дагалдах', 9, 'category', 'native');
INSERT OR IGNORE INTO search_deletion_keys (deletion_key, term, product_id, field, representation) VALUES ('даглдах', 'дагалдах', 9, 'category', 'native');
INSERT OR IGNORE INTO search_deletion_keys (deletion_key, term, product_id, field, representation) VALUES ('дагадах', 'дагалдах', 9, 'category', 'native');
INSERT OR IGNORE INTO search_deletion_keys (deletion_key, term, product_id, field, representation) VALUES ('дагалах', 'дагалдах', 9, 'category', 'native');
INSERT OR IGNORE INTO search_deletion_keys (deletion_key, term, product_id, field, representation) VALUES ('дагалдх', 'дагалдах', 9, 'category', 'native');
INSERT OR IGNORE INTO search_deletion_keys (deletion_key, term, product_id, field, representation) VALUES ('дагалда', 'дагалдах', 9, 'category', 'native');
INSERT OR IGNORE INTO search_terms (term, product_id, field, representation) VALUES ('dagaldakh', 9, 'category', 'strict');
INSERT OR IGNORE INTO search_deletion_keys (deletion_key, term, product_id, field, representation) VALUES ('dagaldakh', 'dagaldakh', 9, 'category', 'strict');
INSERT OR IGNORE INTO search_deletion_keys (deletion_key, term, product_id, field, representation) VALUES ('agaldakh', 'dagaldakh', 9, 'category', 'strict');
INSERT OR IGNORE INTO search_deletion_keys (deletion_key, term, product_id, field, representation) VALUES ('dgaldakh', 'dagaldakh', 9, 'category', 'strict');
INSERT OR IGNORE INTO search_deletion_keys (deletion_key, term, product_id, field, representation) VALUES ('daaldakh', 'dagaldakh', 9, 'category', 'strict');
INSERT OR IGNORE INTO search_deletion_keys (deletion_key, term, product_id, field, representation) VALUES ('dagldakh', 'dagaldakh', 9, 'category', 'strict');
INSERT OR IGNORE INTO search_deletion_keys (deletion_key, term, product_id, field, representation) VALUES ('dagadakh', 'dagaldakh', 9, 'category', 'strict');
INSERT OR IGNORE INTO search_deletion_keys (deletion_key, term, product_id, field, representation) VALUES ('dagalakh', 'dagaldakh', 9, 'category', 'strict');
INSERT OR IGNORE INTO search_deletion_keys (deletion_key, term, product_id, field, representation) VALUES ('dagaldkh', 'dagaldakh', 9, 'category', 'strict');
INSERT OR IGNORE INTO search_deletion_keys (deletion_key, term, product_id, field, representation) VALUES ('dagaldah', 'dagaldakh', 9, 'category', 'strict');
INSERT OR IGNORE INTO search_deletion_keys (deletion_key, term, product_id, field, representation) VALUES ('dagaldak', 'dagaldakh', 9, 'category', 'strict');
INSERT OR IGNORE INTO search_terms (term, product_id, field, representation) VALUES ('dagaldakh', 9, 'category', 'basic');
INSERT OR IGNORE INTO search_deletion_keys (deletion_key, term, product_id, field, representation) VALUES ('dagaldakh', 'dagaldakh', 9, 'category', 'basic');
INSERT OR IGNORE INTO search_deletion_keys (deletion_key, term, product_id, field, representation) VALUES ('agaldakh', 'dagaldakh', 9, 'category', 'basic');
INSERT OR IGNORE INTO search_deletion_keys (deletion_key, term, product_id, field, representation) VALUES ('dgaldakh', 'dagaldakh', 9, 'category', 'basic');
INSERT OR IGNORE INTO search_deletion_keys (deletion_key, term, product_id, field, representation) VALUES ('daaldakh', 'dagaldakh', 9, 'category', 'basic');
INSERT OR IGNORE INTO search_deletion_keys (deletion_key, term, product_id, field, representation) VALUES ('dagldakh', 'dagaldakh', 9, 'category', 'basic');
INSERT OR IGNORE INTO search_deletion_keys (deletion_key, term, product_id, field, representation) VALUES ('dagadakh', 'dagaldakh', 9, 'category', 'basic');
INSERT OR IGNORE INTO search_deletion_keys (deletion_key, term, product_id, field, representation) VALUES ('dagalakh', 'dagaldakh', 9, 'category', 'basic');
INSERT OR IGNORE INTO search_deletion_keys (deletion_key, term, product_id, field, representation) VALUES ('dagaldkh', 'dagaldakh', 9, 'category', 'basic');
INSERT OR IGNORE INTO search_deletion_keys (deletion_key, term, product_id, field, representation) VALUES ('dagaldah', 'dagaldakh', 9, 'category', 'basic');
INSERT OR IGNORE INTO search_deletion_keys (deletion_key, term, product_id, field, representation) VALUES ('dagaldak', 'dagaldakh', 9, 'category', 'basic');
INSERT INTO products (id, sku, sku_normalized, name, category, tags, price_mnt, strict_key, basic_key, brand, description, available, merchandising_position) VALUES (10, 'HV-Ж-010', 'hvж010', 'Жижиг түрийвч', 'Дагалдах', 'жижиг, арьс', 27750, 'жижиг түрийвч дагалдах жижиг арьс hv ж 010 jijig türiyvch dagaldakh jijig ars hv j 010', 'жижиг түрийвч дагалдах жижиг арьс hv ж 010 jijig turiivch dagaldakh jijig ars hv j 010', 'Нүүдэл', 'Дагалдах зориулсан синтетик туршилтын бүтээгдэхүүн жижиг, арьс', 1, 10);
INSERT INTO product_search (product_id, name, category, tags, sku, strict_key, basic_key) VALUES (10, 'жижиг түрийвч jijig türiyvch', 'дагалдах dagaldakh', 'жижиг арьс jijig ars', 'hv ж 010 hv j 010', 'жижиг түрийвч дагалдах жижиг арьс hv ж 010 jijig türiyvch dagaldakh jijig ars hv j 010', 'жижиг түрийвч дагалдах жижиг арьс hv ж 010 jijig turiivch dagaldakh jijig ars hv j 010');
INSERT INTO product_search_tiered (product_id, native_key, strict_key, basic_key, sku_key) VALUES (10, 'жижиг түрийвч дагалдах жижиг арьс hv ж 010', 'jijig tueriyvch dagaldakh jijig ars hv j 010', 'jijig turiivch turiyvch tiriivch tiriyvch dagaldah dagaldakh jijig ars hv 010', 'hvж010');
INSERT INTO product_search_resilient (product_id, title_native, brand_native, category_native, tags_native, description_native, title_strict, brand_strict, category_strict, tags_strict, description_strict, title_basic, brand_basic, category_basic, tags_basic, description_basic) VALUES (10, 'жижиг түрийвч', 'нүүдэл', 'дагалдах', 'жижиг арьс', 'дагалдах зориулсан синтетик туршилтын бүтээгдэхүүн жижиг арьс', 'jijig tueriyvch', 'nueuedel', 'dagaldakh', 'jijig ars', 'dagaldakh zoriulsan sintetik turshiltyn bueteegdekhueuen jijig ars', 'jijig turiivch turiyvch tiriivch tiriyvch', 'nuudel nuidel niudel niidel', 'dagaldah dagaldakh', 'jijig ars', 'dagaldah dagaldakh zoriulsan sintetik turshiltyn buteegdehuun buteegdehuin buteegdehiun buteegdehiin buteegdekhuun buteegdekhuin buteegdekhiun buteegdekhiin jijig ars');
INSERT OR IGNORE INTO search_terms (term, product_id, field, representation) VALUES ('жижиг', 10, 'title', 'native');
INSERT OR IGNORE INTO search_deletion_keys (deletion_key, term, product_id, field, representation) VALUES ('жижиг', 'жижиг', 10, 'title', 'native');
INSERT OR IGNORE INTO search_deletion_keys (deletion_key, term, product_id, field, representation) VALUES ('ижиг', 'жижиг', 10, 'title', 'native');
INSERT OR IGNORE INTO search_deletion_keys (deletion_key, term, product_id, field, representation) VALUES ('жжиг', 'жижиг', 10, 'title', 'native');
INSERT OR IGNORE INTO search_deletion_keys (deletion_key, term, product_id, field, representation) VALUES ('жииг', 'жижиг', 10, 'title', 'native');
INSERT OR IGNORE INTO search_deletion_keys (deletion_key, term, product_id, field, representation) VALUES ('жижг', 'жижиг', 10, 'title', 'native');
INSERT OR IGNORE INTO search_deletion_keys (deletion_key, term, product_id, field, representation) VALUES ('жижи', 'жижиг', 10, 'title', 'native');
INSERT OR IGNORE INTO search_terms (term, product_id, field, representation) VALUES ('түрийвч', 10, 'title', 'native');
INSERT OR IGNORE INTO search_deletion_keys (deletion_key, term, product_id, field, representation) VALUES ('түрийвч', 'түрийвч', 10, 'title', 'native');
INSERT OR IGNORE INTO search_deletion_keys (deletion_key, term, product_id, field, representation) VALUES ('үрийвч', 'түрийвч', 10, 'title', 'native');
INSERT OR IGNORE INTO search_deletion_keys (deletion_key, term, product_id, field, representation) VALUES ('трийвч', 'түрийвч', 10, 'title', 'native');
INSERT OR IGNORE INTO search_deletion_keys (deletion_key, term, product_id, field, representation) VALUES ('түийвч', 'түрийвч', 10, 'title', 'native');
INSERT OR IGNORE INTO search_deletion_keys (deletion_key, term, product_id, field, representation) VALUES ('түрйвч', 'түрийвч', 10, 'title', 'native');
INSERT OR IGNORE INTO search_deletion_keys (deletion_key, term, product_id, field, representation) VALUES ('түривч', 'түрийвч', 10, 'title', 'native');
INSERT OR IGNORE INTO search_deletion_keys (deletion_key, term, product_id, field, representation) VALUES ('түрийч', 'түрийвч', 10, 'title', 'native');
INSERT OR IGNORE INTO search_deletion_keys (deletion_key, term, product_id, field, representation) VALUES ('түрийв', 'түрийвч', 10, 'title', 'native');
INSERT OR IGNORE INTO search_terms (term, product_id, field, representation) VALUES ('jijig', 10, 'title', 'strict');
INSERT OR IGNORE INTO search_deletion_keys (deletion_key, term, product_id, field, representation) VALUES ('jijig', 'jijig', 10, 'title', 'strict');
INSERT OR IGNORE INTO search_deletion_keys (deletion_key, term, product_id, field, representation) VALUES ('ijig', 'jijig', 10, 'title', 'strict');
INSERT OR IGNORE INTO search_deletion_keys (deletion_key, term, product_id, field, representation) VALUES ('jjig', 'jijig', 10, 'title', 'strict');
INSERT OR IGNORE INTO search_deletion_keys (deletion_key, term, product_id, field, representation) VALUES ('jiig', 'jijig', 10, 'title', 'strict');
INSERT OR IGNORE INTO search_deletion_keys (deletion_key, term, product_id, field, representation) VALUES ('jijg', 'jijig', 10, 'title', 'strict');
INSERT OR IGNORE INTO search_deletion_keys (deletion_key, term, product_id, field, representation) VALUES ('jiji', 'jijig', 10, 'title', 'strict');
INSERT OR IGNORE INTO search_terms (term, product_id, field, representation) VALUES ('tueriyvch', 10, 'title', 'strict');
INSERT OR IGNORE INTO search_deletion_keys (deletion_key, term, product_id, field, representation) VALUES ('tueriyvch', 'tueriyvch', 10, 'title', 'strict');
INSERT OR IGNORE INTO search_deletion_keys (deletion_key, term, product_id, field, representation) VALUES ('ueriyvch', 'tueriyvch', 10, 'title', 'strict');
INSERT OR IGNORE INTO search_deletion_keys (deletion_key, term, product_id, field, representation) VALUES ('teriyvch', 'tueriyvch', 10, 'title', 'strict');
INSERT OR IGNORE INTO search_deletion_keys (deletion_key, term, product_id, field, representation) VALUES ('turiyvch', 'tueriyvch', 10, 'title', 'strict');
INSERT OR IGNORE INTO search_deletion_keys (deletion_key, term, product_id, field, representation) VALUES ('tueiyvch', 'tueriyvch', 10, 'title', 'strict');
INSERT OR IGNORE INTO search_deletion_keys (deletion_key, term, product_id, field, representation) VALUES ('tueryvch', 'tueriyvch', 10, 'title', 'strict');
INSERT OR IGNORE INTO search_deletion_keys (deletion_key, term, product_id, field, representation) VALUES ('tuerivch', 'tueriyvch', 10, 'title', 'strict');
INSERT OR IGNORE INTO search_deletion_keys (deletion_key, term, product_id, field, representation) VALUES ('tueriych', 'tueriyvch', 10, 'title', 'strict');
INSERT OR IGNORE INTO search_deletion_keys (deletion_key, term, product_id, field, representation) VALUES ('tueriyvh', 'tueriyvch', 10, 'title', 'strict');
INSERT OR IGNORE INTO search_deletion_keys (deletion_key, term, product_id, field, representation) VALUES ('tueriyvc', 'tueriyvch', 10, 'title', 'strict');
INSERT OR IGNORE INTO search_terms (term, product_id, field, representation) VALUES ('jijig', 10, 'title', 'basic');
INSERT OR IGNORE INTO search_deletion_keys (deletion_key, term, product_id, field, representation) VALUES ('jijig', 'jijig', 10, 'title', 'basic');
INSERT OR IGNORE INTO search_deletion_keys (deletion_key, term, product_id, field, representation) VALUES ('ijig', 'jijig', 10, 'title', 'basic');
INSERT OR IGNORE INTO search_deletion_keys (deletion_key, term, product_id, field, representation) VALUES ('jjig', 'jijig', 10, 'title', 'basic');
INSERT OR IGNORE INTO search_deletion_keys (deletion_key, term, product_id, field, representation) VALUES ('jiig', 'jijig', 10, 'title', 'basic');
INSERT OR IGNORE INTO search_deletion_keys (deletion_key, term, product_id, field, representation) VALUES ('jijg', 'jijig', 10, 'title', 'basic');
INSERT OR IGNORE INTO search_deletion_keys (deletion_key, term, product_id, field, representation) VALUES ('jiji', 'jijig', 10, 'title', 'basic');
INSERT OR IGNORE INTO search_terms (term, product_id, field, representation) VALUES ('turiivch', 10, 'title', 'basic');
INSERT OR IGNORE INTO search_deletion_keys (deletion_key, term, product_id, field, representation) VALUES ('turiivch', 'turiivch', 10, 'title', 'basic');
INSERT OR IGNORE INTO search_deletion_keys (deletion_key, term, product_id, field, representation) VALUES ('uriivch', 'turiivch', 10, 'title', 'basic');
INSERT OR IGNORE INTO search_deletion_keys (deletion_key, term, product_id, field, representation) VALUES ('triivch', 'turiivch', 10, 'title', 'basic');
INSERT OR IGNORE INTO search_deletion_keys (deletion_key, term, product_id, field, representation) VALUES ('tuiivch', 'turiivch', 10, 'title', 'basic');
INSERT OR IGNORE INTO search_deletion_keys (deletion_key, term, product_id, field, representation) VALUES ('turivch', 'turiivch', 10, 'title', 'basic');
INSERT OR IGNORE INTO search_deletion_keys (deletion_key, term, product_id, field, representation) VALUES ('turiich', 'turiivch', 10, 'title', 'basic');
INSERT OR IGNORE INTO search_deletion_keys (deletion_key, term, product_id, field, representation) VALUES ('turiivh', 'turiivch', 10, 'title', 'basic');
INSERT OR IGNORE INTO search_deletion_keys (deletion_key, term, product_id, field, representation) VALUES ('turiivc', 'turiivch', 10, 'title', 'basic');
INSERT OR IGNORE INTO search_terms (term, product_id, field, representation) VALUES ('нүүдэл', 10, 'brand', 'native');
INSERT OR IGNORE INTO search_deletion_keys (deletion_key, term, product_id, field, representation) VALUES ('нүүдэл', 'нүүдэл', 10, 'brand', 'native');
INSERT OR IGNORE INTO search_deletion_keys (deletion_key, term, product_id, field, representation) VALUES ('үүдэл', 'нүүдэл', 10, 'brand', 'native');
INSERT OR IGNORE INTO search_deletion_keys (deletion_key, term, product_id, field, representation) VALUES ('нүдэл', 'нүүдэл', 10, 'brand', 'native');
INSERT OR IGNORE INTO search_deletion_keys (deletion_key, term, product_id, field, representation) VALUES ('нүүэл', 'нүүдэл', 10, 'brand', 'native');
INSERT OR IGNORE INTO search_deletion_keys (deletion_key, term, product_id, field, representation) VALUES ('нүүдл', 'нүүдэл', 10, 'brand', 'native');
INSERT OR IGNORE INTO search_deletion_keys (deletion_key, term, product_id, field, representation) VALUES ('нүүдэ', 'нүүдэл', 10, 'brand', 'native');
INSERT OR IGNORE INTO search_terms (term, product_id, field, representation) VALUES ('nueuedel', 10, 'brand', 'strict');
INSERT OR IGNORE INTO search_deletion_keys (deletion_key, term, product_id, field, representation) VALUES ('nueuedel', 'nueuedel', 10, 'brand', 'strict');
INSERT OR IGNORE INTO search_deletion_keys (deletion_key, term, product_id, field, representation) VALUES ('ueuedel', 'nueuedel', 10, 'brand', 'strict');
INSERT OR IGNORE INTO search_deletion_keys (deletion_key, term, product_id, field, representation) VALUES ('neuedel', 'nueuedel', 10, 'brand', 'strict');
INSERT OR IGNORE INTO search_deletion_keys (deletion_key, term, product_id, field, representation) VALUES ('nuuedel', 'nueuedel', 10, 'brand', 'strict');
INSERT OR IGNORE INTO search_deletion_keys (deletion_key, term, product_id, field, representation) VALUES ('nueedel', 'nueuedel', 10, 'brand', 'strict');
INSERT OR IGNORE INTO search_deletion_keys (deletion_key, term, product_id, field, representation) VALUES ('nueudel', 'nueuedel', 10, 'brand', 'strict');
INSERT OR IGNORE INTO search_deletion_keys (deletion_key, term, product_id, field, representation) VALUES ('nueueel', 'nueuedel', 10, 'brand', 'strict');
INSERT OR IGNORE INTO search_deletion_keys (deletion_key, term, product_id, field, representation) VALUES ('nueuedl', 'nueuedel', 10, 'brand', 'strict');
INSERT OR IGNORE INTO search_deletion_keys (deletion_key, term, product_id, field, representation) VALUES ('nueuede', 'nueuedel', 10, 'brand', 'strict');
INSERT OR IGNORE INTO search_terms (term, product_id, field, representation) VALUES ('nuudel', 10, 'brand', 'basic');
INSERT OR IGNORE INTO search_deletion_keys (deletion_key, term, product_id, field, representation) VALUES ('nuudel', 'nuudel', 10, 'brand', 'basic');
INSERT OR IGNORE INTO search_deletion_keys (deletion_key, term, product_id, field, representation) VALUES ('uudel', 'nuudel', 10, 'brand', 'basic');
INSERT OR IGNORE INTO search_deletion_keys (deletion_key, term, product_id, field, representation) VALUES ('nudel', 'nuudel', 10, 'brand', 'basic');
INSERT OR IGNORE INTO search_deletion_keys (deletion_key, term, product_id, field, representation) VALUES ('nuuel', 'nuudel', 10, 'brand', 'basic');
INSERT OR IGNORE INTO search_deletion_keys (deletion_key, term, product_id, field, representation) VALUES ('nuudl', 'nuudel', 10, 'brand', 'basic');
INSERT OR IGNORE INTO search_deletion_keys (deletion_key, term, product_id, field, representation) VALUES ('nuude', 'nuudel', 10, 'brand', 'basic');
INSERT OR IGNORE INTO search_terms (term, product_id, field, representation) VALUES ('дагалдах', 10, 'category', 'native');
INSERT OR IGNORE INTO search_deletion_keys (deletion_key, term, product_id, field, representation) VALUES ('дагалдах', 'дагалдах', 10, 'category', 'native');
INSERT OR IGNORE INTO search_deletion_keys (deletion_key, term, product_id, field, representation) VALUES ('агалдах', 'дагалдах', 10, 'category', 'native');
INSERT OR IGNORE INTO search_deletion_keys (deletion_key, term, product_id, field, representation) VALUES ('дгалдах', 'дагалдах', 10, 'category', 'native');
INSERT OR IGNORE INTO search_deletion_keys (deletion_key, term, product_id, field, representation) VALUES ('даалдах', 'дагалдах', 10, 'category', 'native');
INSERT OR IGNORE INTO search_deletion_keys (deletion_key, term, product_id, field, representation) VALUES ('даглдах', 'дагалдах', 10, 'category', 'native');
INSERT OR IGNORE INTO search_deletion_keys (deletion_key, term, product_id, field, representation) VALUES ('дагадах', 'дагалдах', 10, 'category', 'native');
INSERT OR IGNORE INTO search_deletion_keys (deletion_key, term, product_id, field, representation) VALUES ('дагалах', 'дагалдах', 10, 'category', 'native');
INSERT OR IGNORE INTO search_deletion_keys (deletion_key, term, product_id, field, representation) VALUES ('дагалдх', 'дагалдах', 10, 'category', 'native');
INSERT OR IGNORE INTO search_deletion_keys (deletion_key, term, product_id, field, representation) VALUES ('дагалда', 'дагалдах', 10, 'category', 'native');
INSERT OR IGNORE INTO search_terms (term, product_id, field, representation) VALUES ('dagaldakh', 10, 'category', 'strict');
INSERT OR IGNORE INTO search_deletion_keys (deletion_key, term, product_id, field, representation) VALUES ('dagaldakh', 'dagaldakh', 10, 'category', 'strict');
INSERT OR IGNORE INTO search_deletion_keys (deletion_key, term, product_id, field, representation) VALUES ('agaldakh', 'dagaldakh', 10, 'category', 'strict');
INSERT OR IGNORE INTO search_deletion_keys (deletion_key, term, product_id, field, representation) VALUES ('dgaldakh', 'dagaldakh', 10, 'category', 'strict');
INSERT OR IGNORE INTO search_deletion_keys (deletion_key, term, product_id, field, representation) VALUES ('daaldakh', 'dagaldakh', 10, 'category', 'strict');
INSERT OR IGNORE INTO search_deletion_keys (deletion_key, term, product_id, field, representation) VALUES ('dagldakh', 'dagaldakh', 10, 'category', 'strict');
INSERT OR IGNORE INTO search_deletion_keys (deletion_key, term, product_id, field, representation) VALUES ('dagadakh', 'dagaldakh', 10, 'category', 'strict');
INSERT OR IGNORE INTO search_deletion_keys (deletion_key, term, product_id, field, representation) VALUES ('dagalakh', 'dagaldakh', 10, 'category', 'strict');
INSERT OR IGNORE INTO search_deletion_keys (deletion_key, term, product_id, field, representation) VALUES ('dagaldkh', 'dagaldakh', 10, 'category', 'strict');
INSERT OR IGNORE INTO search_deletion_keys (deletion_key, term, product_id, field, representation) VALUES ('dagaldah', 'dagaldakh', 10, 'category', 'strict');
INSERT OR IGNORE INTO search_deletion_keys (deletion_key, term, product_id, field, representation) VALUES ('dagaldak', 'dagaldakh', 10, 'category', 'strict');
INSERT OR IGNORE INTO search_terms (term, product_id, field, representation) VALUES ('dagaldakh', 10, 'category', 'basic');
INSERT OR IGNORE INTO search_deletion_keys (deletion_key, term, product_id, field, representation) VALUES ('dagaldakh', 'dagaldakh', 10, 'category', 'basic');
INSERT OR IGNORE INTO search_deletion_keys (deletion_key, term, product_id, field, representation) VALUES ('agaldakh', 'dagaldakh', 10, 'category', 'basic');
INSERT OR IGNORE INTO search_deletion_keys (deletion_key, term, product_id, field, representation) VALUES ('dgaldakh', 'dagaldakh', 10, 'category', 'basic');
INSERT OR IGNORE INTO search_deletion_keys (deletion_key, term, product_id, field, representation) VALUES ('daaldakh', 'dagaldakh', 10, 'category', 'basic');
INSERT OR IGNORE INTO search_deletion_keys (deletion_key, term, product_id, field, representation) VALUES ('dagldakh', 'dagaldakh', 10, 'category', 'basic');
INSERT OR IGNORE INTO search_deletion_keys (deletion_key, term, product_id, field, representation) VALUES ('dagadakh', 'dagaldakh', 10, 'category', 'basic');
INSERT OR IGNORE INTO search_deletion_keys (deletion_key, term, product_id, field, representation) VALUES ('dagalakh', 'dagaldakh', 10, 'category', 'basic');
INSERT OR IGNORE INTO search_deletion_keys (deletion_key, term, product_id, field, representation) VALUES ('dagaldkh', 'dagaldakh', 10, 'category', 'basic');
INSERT OR IGNORE INTO search_deletion_keys (deletion_key, term, product_id, field, representation) VALUES ('dagaldah', 'dagaldakh', 10, 'category', 'basic');
INSERT OR IGNORE INTO search_deletion_keys (deletion_key, term, product_id, field, representation) VALUES ('dagaldak', 'dagaldakh', 10, 'category', 'basic');
INSERT INTO products (id, sku, sku_normalized, name, category, tags, price_mnt, strict_key, basic_key, brand, description, available, merchandising_position) VALUES (11, 'HV-Я-011', 'hvя011', 'Ягаан малгай', 'Дагалдах', 'ягаан, өвөл', 29500, 'ягаан малгай дагалдах ягаан өвөл hv я 011 yagaan malgay dagaldakh yagaan övöl hv ya 011', 'ягаан малгай дагалдах ягаан өвөл hv я 011 iagaan malgai dagaldakh iagaan ovol hv ia 011', 'Талын Од', 'Дагалдах зориулсан синтетик туршилтын бүтээгдэхүүн ягаан, өвөл', 1, 11);
INSERT INTO product_search (product_id, name, category, tags, sku, strict_key, basic_key) VALUES (11, 'ягаан малгай yagaan malgay', 'дагалдах dagaldakh', 'ягаан өвөл yagaan övöl', 'hv я 011 hv ya 011', 'ягаан малгай дагалдах ягаан өвөл hv я 011 yagaan malgay dagaldakh yagaan övöl hv ya 011', 'ягаан малгай дагалдах ягаан өвөл hv я 011 iagaan malgai dagaldakh iagaan ovol hv ia 011');
INSERT INTO product_search_tiered (product_id, native_key, strict_key, basic_key, sku_key) VALUES (11, 'ягаан малгай дагалдах ягаан өвөл hv я 011', 'yagaan malgay dagaldakh yagaan oevoel hv ya 011', 'yagaan malgai malgay dagaldah dagaldakh yagaan ovol ovul uvol uvul hv 011', 'hvя011');
INSERT INTO product_search_resilient (product_id, title_native, brand_native, category_native, tags_native, description_native, title_strict, brand_strict, category_strict, tags_strict, description_strict, title_basic, brand_basic, category_basic, tags_basic, description_basic) VALUES (11, 'ягаан малгай', 'талын од', 'дагалдах', 'ягаан өвөл', 'дагалдах зориулсан синтетик туршилтын бүтээгдэхүүн ягаан өвөл', 'yagaan malgay', 'talyn od', 'dagaldakh', 'yagaan oevoel', 'dagaldakh zoriulsan sintetik turshiltyn bueteegdekhueuen yagaan oevoel', 'yagaan malgai malgay', 'talyn od', 'dagaldah dagaldakh', 'yagaan ovol ovul uvol uvul', 'dagaldah dagaldakh zoriulsan sintetik turshiltyn buteegdehuun buteegdehuin buteegdehiun buteegdehiin buteegdekhuun buteegdekhuin buteegdekhiun buteegdekhiin yagaan ovol ovul uvol uvul');
INSERT OR IGNORE INTO search_terms (term, product_id, field, representation) VALUES ('ягаан', 11, 'title', 'native');
INSERT OR IGNORE INTO search_deletion_keys (deletion_key, term, product_id, field, representation) VALUES ('ягаан', 'ягаан', 11, 'title', 'native');
INSERT OR IGNORE INTO search_deletion_keys (deletion_key, term, product_id, field, representation) VALUES ('гаан', 'ягаан', 11, 'title', 'native');
INSERT OR IGNORE INTO search_deletion_keys (deletion_key, term, product_id, field, representation) VALUES ('яаан', 'ягаан', 11, 'title', 'native');
INSERT OR IGNORE INTO search_deletion_keys (deletion_key, term, product_id, field, representation) VALUES ('яган', 'ягаан', 11, 'title', 'native');
INSERT OR IGNORE INTO search_deletion_keys (deletion_key, term, product_id, field, representation) VALUES ('ягаа', 'ягаан', 11, 'title', 'native');
INSERT OR IGNORE INTO search_terms (term, product_id, field, representation) VALUES ('малгай', 11, 'title', 'native');
INSERT OR IGNORE INTO search_deletion_keys (deletion_key, term, product_id, field, representation) VALUES ('малгай', 'малгай', 11, 'title', 'native');
INSERT OR IGNORE INTO search_deletion_keys (deletion_key, term, product_id, field, representation) VALUES ('алгай', 'малгай', 11, 'title', 'native');
INSERT OR IGNORE INTO search_deletion_keys (deletion_key, term, product_id, field, representation) VALUES ('млгай', 'малгай', 11, 'title', 'native');
INSERT OR IGNORE INTO search_deletion_keys (deletion_key, term, product_id, field, representation) VALUES ('магай', 'малгай', 11, 'title', 'native');
INSERT OR IGNORE INTO search_deletion_keys (deletion_key, term, product_id, field, representation) VALUES ('малай', 'малгай', 11, 'title', 'native');
INSERT OR IGNORE INTO search_deletion_keys (deletion_key, term, product_id, field, representation) VALUES ('малгй', 'малгай', 11, 'title', 'native');
INSERT OR IGNORE INTO search_deletion_keys (deletion_key, term, product_id, field, representation) VALUES ('малга', 'малгай', 11, 'title', 'native');
INSERT OR IGNORE INTO search_terms (term, product_id, field, representation) VALUES ('yagaan', 11, 'title', 'strict');
INSERT OR IGNORE INTO search_deletion_keys (deletion_key, term, product_id, field, representation) VALUES ('yagaan', 'yagaan', 11, 'title', 'strict');
INSERT OR IGNORE INTO search_deletion_keys (deletion_key, term, product_id, field, representation) VALUES ('agaan', 'yagaan', 11, 'title', 'strict');
INSERT OR IGNORE INTO search_deletion_keys (deletion_key, term, product_id, field, representation) VALUES ('ygaan', 'yagaan', 11, 'title', 'strict');
INSERT OR IGNORE INTO search_deletion_keys (deletion_key, term, product_id, field, representation) VALUES ('yaaan', 'yagaan', 11, 'title', 'strict');
INSERT OR IGNORE INTO search_deletion_keys (deletion_key, term, product_id, field, representation) VALUES ('yagan', 'yagaan', 11, 'title', 'strict');
INSERT OR IGNORE INTO search_deletion_keys (deletion_key, term, product_id, field, representation) VALUES ('yagaa', 'yagaan', 11, 'title', 'strict');
INSERT OR IGNORE INTO search_terms (term, product_id, field, representation) VALUES ('malgay', 11, 'title', 'strict');
INSERT OR IGNORE INTO search_deletion_keys (deletion_key, term, product_id, field, representation) VALUES ('malgay', 'malgay', 11, 'title', 'strict');
INSERT OR IGNORE INTO search_deletion_keys (deletion_key, term, product_id, field, representation) VALUES ('algay', 'malgay', 11, 'title', 'strict');
INSERT OR IGNORE INTO search_deletion_keys (deletion_key, term, product_id, field, representation) VALUES ('mlgay', 'malgay', 11, 'title', 'strict');
INSERT OR IGNORE INTO search_deletion_keys (deletion_key, term, product_id, field, representation) VALUES ('magay', 'malgay', 11, 'title', 'strict');
INSERT OR IGNORE INTO search_deletion_keys (deletion_key, term, product_id, field, representation) VALUES ('malay', 'malgay', 11, 'title', 'strict');
INSERT OR IGNORE INTO search_deletion_keys (deletion_key, term, product_id, field, representation) VALUES ('malgy', 'malgay', 11, 'title', 'strict');
INSERT OR IGNORE INTO search_deletion_keys (deletion_key, term, product_id, field, representation) VALUES ('malga', 'malgay', 11, 'title', 'strict');
INSERT OR IGNORE INTO search_terms (term, product_id, field, representation) VALUES ('iagaan', 11, 'title', 'basic');
INSERT OR IGNORE INTO search_deletion_keys (deletion_key, term, product_id, field, representation) VALUES ('iagaan', 'iagaan', 11, 'title', 'basic');
INSERT OR IGNORE INTO search_deletion_keys (deletion_key, term, product_id, field, representation) VALUES ('agaan', 'iagaan', 11, 'title', 'basic');
INSERT OR IGNORE INTO search_deletion_keys (deletion_key, term, product_id, field, representation) VALUES ('igaan', 'iagaan', 11, 'title', 'basic');
INSERT OR IGNORE INTO search_deletion_keys (deletion_key, term, product_id, field, representation) VALUES ('iaaan', 'iagaan', 11, 'title', 'basic');
INSERT OR IGNORE INTO search_deletion_keys (deletion_key, term, product_id, field, representation) VALUES ('iagan', 'iagaan', 11, 'title', 'basic');
INSERT OR IGNORE INTO search_deletion_keys (deletion_key, term, product_id, field, representation) VALUES ('iagaa', 'iagaan', 11, 'title', 'basic');
INSERT OR IGNORE INTO search_terms (term, product_id, field, representation) VALUES ('malgai', 11, 'title', 'basic');
INSERT OR IGNORE INTO search_deletion_keys (deletion_key, term, product_id, field, representation) VALUES ('malgai', 'malgai', 11, 'title', 'basic');
INSERT OR IGNORE INTO search_deletion_keys (deletion_key, term, product_id, field, representation) VALUES ('algai', 'malgai', 11, 'title', 'basic');
INSERT OR IGNORE INTO search_deletion_keys (deletion_key, term, product_id, field, representation) VALUES ('mlgai', 'malgai', 11, 'title', 'basic');
INSERT OR IGNORE INTO search_deletion_keys (deletion_key, term, product_id, field, representation) VALUES ('magai', 'malgai', 11, 'title', 'basic');
INSERT OR IGNORE INTO search_deletion_keys (deletion_key, term, product_id, field, representation) VALUES ('malai', 'malgai', 11, 'title', 'basic');
INSERT OR IGNORE INTO search_deletion_keys (deletion_key, term, product_id, field, representation) VALUES ('malgi', 'malgai', 11, 'title', 'basic');
INSERT OR IGNORE INTO search_deletion_keys (deletion_key, term, product_id, field, representation) VALUES ('malga', 'malgai', 11, 'title', 'basic');
INSERT OR IGNORE INTO search_terms (term, product_id, field, representation) VALUES ('талын', 11, 'brand', 'native');
INSERT OR IGNORE INTO search_deletion_keys (deletion_key, term, product_id, field, representation) VALUES ('талын', 'талын', 11, 'brand', 'native');
INSERT OR IGNORE INTO search_deletion_keys (deletion_key, term, product_id, field, representation) VALUES ('алын', 'талын', 11, 'brand', 'native');
INSERT OR IGNORE INTO search_deletion_keys (deletion_key, term, product_id, field, representation) VALUES ('тлын', 'талын', 11, 'brand', 'native');
INSERT OR IGNORE INTO search_deletion_keys (deletion_key, term, product_id, field, representation) VALUES ('таын', 'талын', 11, 'brand', 'native');
INSERT OR IGNORE INTO search_deletion_keys (deletion_key, term, product_id, field, representation) VALUES ('талн', 'талын', 11, 'brand', 'native');
INSERT OR IGNORE INTO search_deletion_keys (deletion_key, term, product_id, field, representation) VALUES ('талы', 'талын', 11, 'brand', 'native');
INSERT OR IGNORE INTO search_terms (term, product_id, field, representation) VALUES ('talyn', 11, 'brand', 'strict');
INSERT OR IGNORE INTO search_deletion_keys (deletion_key, term, product_id, field, representation) VALUES ('talyn', 'talyn', 11, 'brand', 'strict');
INSERT OR IGNORE INTO search_deletion_keys (deletion_key, term, product_id, field, representation) VALUES ('alyn', 'talyn', 11, 'brand', 'strict');
INSERT OR IGNORE INTO search_deletion_keys (deletion_key, term, product_id, field, representation) VALUES ('tlyn', 'talyn', 11, 'brand', 'strict');
INSERT OR IGNORE INTO search_deletion_keys (deletion_key, term, product_id, field, representation) VALUES ('tayn', 'talyn', 11, 'brand', 'strict');
INSERT OR IGNORE INTO search_deletion_keys (deletion_key, term, product_id, field, representation) VALUES ('taln', 'talyn', 11, 'brand', 'strict');
INSERT OR IGNORE INTO search_deletion_keys (deletion_key, term, product_id, field, representation) VALUES ('taly', 'talyn', 11, 'brand', 'strict');
INSERT OR IGNORE INTO search_terms (term, product_id, field, representation) VALUES ('talin', 11, 'brand', 'basic');
INSERT OR IGNORE INTO search_deletion_keys (deletion_key, term, product_id, field, representation) VALUES ('talin', 'talin', 11, 'brand', 'basic');
INSERT OR IGNORE INTO search_deletion_keys (deletion_key, term, product_id, field, representation) VALUES ('alin', 'talin', 11, 'brand', 'basic');
INSERT OR IGNORE INTO search_deletion_keys (deletion_key, term, product_id, field, representation) VALUES ('tlin', 'talin', 11, 'brand', 'basic');
INSERT OR IGNORE INTO search_deletion_keys (deletion_key, term, product_id, field, representation) VALUES ('tain', 'talin', 11, 'brand', 'basic');
INSERT OR IGNORE INTO search_deletion_keys (deletion_key, term, product_id, field, representation) VALUES ('taln', 'talin', 11, 'brand', 'basic');
INSERT OR IGNORE INTO search_deletion_keys (deletion_key, term, product_id, field, representation) VALUES ('tali', 'talin', 11, 'brand', 'basic');
INSERT OR IGNORE INTO search_terms (term, product_id, field, representation) VALUES ('дагалдах', 11, 'category', 'native');
INSERT OR IGNORE INTO search_deletion_keys (deletion_key, term, product_id, field, representation) VALUES ('дагалдах', 'дагалдах', 11, 'category', 'native');
INSERT OR IGNORE INTO search_deletion_keys (deletion_key, term, product_id, field, representation) VALUES ('агалдах', 'дагалдах', 11, 'category', 'native');
INSERT OR IGNORE INTO search_deletion_keys (deletion_key, term, product_id, field, representation) VALUES ('дгалдах', 'дагалдах', 11, 'category', 'native');
INSERT OR IGNORE INTO search_deletion_keys (deletion_key, term, product_id, field, representation) VALUES ('даалдах', 'дагалдах', 11, 'category', 'native');
INSERT OR IGNORE INTO search_deletion_keys (deletion_key, term, product_id, field, representation) VALUES ('даглдах', 'дагалдах', 11, 'category', 'native');
INSERT OR IGNORE INTO search_deletion_keys (deletion_key, term, product_id, field, representation) VALUES ('дагадах', 'дагалдах', 11, 'category', 'native');
INSERT OR IGNORE INTO search_deletion_keys (deletion_key, term, product_id, field, representation) VALUES ('дагалах', 'дагалдах', 11, 'category', 'native');
INSERT OR IGNORE INTO search_deletion_keys (deletion_key, term, product_id, field, representation) VALUES ('дагалдх', 'дагалдах', 11, 'category', 'native');
INSERT OR IGNORE INTO search_deletion_keys (deletion_key, term, product_id, field, representation) VALUES ('дагалда', 'дагалдах', 11, 'category', 'native');
INSERT OR IGNORE INTO search_terms (term, product_id, field, representation) VALUES ('dagaldakh', 11, 'category', 'strict');
INSERT OR IGNORE INTO search_deletion_keys (deletion_key, term, product_id, field, representation) VALUES ('dagaldakh', 'dagaldakh', 11, 'category', 'strict');
INSERT OR IGNORE INTO search_deletion_keys (deletion_key, term, product_id, field, representation) VALUES ('agaldakh', 'dagaldakh', 11, 'category', 'strict');
INSERT OR IGNORE INTO search_deletion_keys (deletion_key, term, product_id, field, representation) VALUES ('dgaldakh', 'dagaldakh', 11, 'category', 'strict');
INSERT OR IGNORE INTO search_deletion_keys (deletion_key, term, product_id, field, representation) VALUES ('daaldakh', 'dagaldakh', 11, 'category', 'strict');
INSERT OR IGNORE INTO search_deletion_keys (deletion_key, term, product_id, field, representation) VALUES ('dagldakh', 'dagaldakh', 11, 'category', 'strict');
INSERT OR IGNORE INTO search_deletion_keys (deletion_key, term, product_id, field, representation) VALUES ('dagadakh', 'dagaldakh', 11, 'category', 'strict');
INSERT OR IGNORE INTO search_deletion_keys (deletion_key, term, product_id, field, representation) VALUES ('dagalakh', 'dagaldakh', 11, 'category', 'strict');
INSERT OR IGNORE INTO search_deletion_keys (deletion_key, term, product_id, field, representation) VALUES ('dagaldkh', 'dagaldakh', 11, 'category', 'strict');
INSERT OR IGNORE INTO search_deletion_keys (deletion_key, term, product_id, field, representation) VALUES ('dagaldah', 'dagaldakh', 11, 'category', 'strict');
INSERT OR IGNORE INTO search_deletion_keys (deletion_key, term, product_id, field, representation) VALUES ('dagaldak', 'dagaldakh', 11, 'category', 'strict');
INSERT OR IGNORE INTO search_terms (term, product_id, field, representation) VALUES ('dagaldakh', 11, 'category', 'basic');
INSERT OR IGNORE INTO search_deletion_keys (deletion_key, term, product_id, field, representation) VALUES ('dagaldakh', 'dagaldakh', 11, 'category', 'basic');
INSERT OR IGNORE INTO search_deletion_keys (deletion_key, term, product_id, field, representation) VALUES ('agaldakh', 'dagaldakh', 11, 'category', 'basic');
INSERT OR IGNORE INTO search_deletion_keys (deletion_key, term, product_id, field, representation) VALUES ('dgaldakh', 'dagaldakh', 11, 'category', 'basic');
INSERT OR IGNORE INTO search_deletion_keys (deletion_key, term, product_id, field, representation) VALUES ('daaldakh', 'dagaldakh', 11, 'category', 'basic');
INSERT OR IGNORE INTO search_deletion_keys (deletion_key, term, product_id, field, representation) VALUES ('dagldakh', 'dagaldakh', 11, 'category', 'basic');
INSERT OR IGNORE INTO search_deletion_keys (deletion_key, term, product_id, field, representation) VALUES ('dagadakh', 'dagaldakh', 11, 'category', 'basic');
INSERT OR IGNORE INTO search_deletion_keys (deletion_key, term, product_id, field, representation) VALUES ('dagalakh', 'dagaldakh', 11, 'category', 'basic');
INSERT OR IGNORE INTO search_deletion_keys (deletion_key, term, product_id, field, representation) VALUES ('dagaldkh', 'dagaldakh', 11, 'category', 'basic');
INSERT OR IGNORE INTO search_deletion_keys (deletion_key, term, product_id, field, representation) VALUES ('dagaldah', 'dagaldakh', 11, 'category', 'basic');
INSERT OR IGNORE INTO search_deletion_keys (deletion_key, term, product_id, field, representation) VALUES ('dagaldak', 'dagaldakh', 11, 'category', 'basic');
INSERT INTO products (id, sku, sku_normalized, name, category, tags, price_mnt, strict_key, basic_key, brand, description, available, merchandising_position) VALUES (12, 'HV-Ю-012', 'hvю012', 'Юбка хар', 'Хувцас', 'юбка, хар', 31250, 'юбка хар хувцас юбка хар hv ю 012 yubka khar khuvtsas yubka khar hv yu 012', 'юбка хар хувцас юбка хар hv ю 012 iubka khar khuvtsas iubka khar hv iu 012', 'Хөх Тэнгэр', 'Хувцас зориулсан синтетик туршилтын бүтээгдэхүүн юбка, хар', 0, 12);
INSERT INTO product_search (product_id, name, category, tags, sku, strict_key, basic_key) VALUES (12, 'юбка хар yubka khar', 'хувцас khuvtsas', 'юбка хар yubka khar', 'hv ю 012 hv yu 012', 'юбка хар хувцас юбка хар hv ю 012 yubka khar khuvtsas yubka khar hv yu 012', 'юбка хар хувцас юбка хар hv ю 012 iubka khar khuvtsas iubka khar hv iu 012');
INSERT INTO product_search_tiered (product_id, native_key, strict_key, basic_key, sku_key) VALUES (12, 'юбка хар хувцас юбка хар hv ю 012', 'yubka khar khuvtsas yubka khar hv yu 012', 'yubka har khar huvcas huvtsas khuvcas khuvtsas yubka har khar hv 012', 'hvю012');
INSERT INTO product_search_resilient (product_id, title_native, brand_native, category_native, tags_native, description_native, title_strict, brand_strict, category_strict, tags_strict, description_strict, title_basic, brand_basic, category_basic, tags_basic, description_basic) VALUES (12, 'юбка хар', 'хөх тэнгэр', 'хувцас', 'юбка хар', 'хувцас зориулсан синтетик туршилтын бүтээгдэхүүн юбка хар', 'yubka khar', 'khoekh tenger', 'khuvtsas', 'yubka khar', 'khuvtsas zoriulsan sintetik turshiltyn bueteegdekhueuen yubka khar', 'yubka har khar', 'hoh hokh huh hukh khoh khokh khuh khukh tenger', 'huvcas huvtsas khuvcas khuvtsas', 'yubka har khar', 'huvcas huvtsas khuvcas khuvtsas zoriulsan sintetik turshiltyn buteegdehuun buteegdehuin buteegdehiun buteegdehiin buteegdekhuun buteegdekhuin buteegdekhiun buteegdekhiin yubka har khar');
INSERT OR IGNORE INTO search_terms (term, product_id, field, representation) VALUES ('юбка', 12, 'title', 'native');
INSERT OR IGNORE INTO search_deletion_keys (deletion_key, term, product_id, field, representation) VALUES ('юбка', 'юбка', 12, 'title', 'native');
INSERT OR IGNORE INTO search_deletion_keys (deletion_key, term, product_id, field, representation) VALUES ('бка', 'юбка', 12, 'title', 'native');
INSERT OR IGNORE INTO search_deletion_keys (deletion_key, term, product_id, field, representation) VALUES ('юка', 'юбка', 12, 'title', 'native');
INSERT OR IGNORE INTO search_deletion_keys (deletion_key, term, product_id, field, representation) VALUES ('юба', 'юбка', 12, 'title', 'native');
INSERT OR IGNORE INTO search_deletion_keys (deletion_key, term, product_id, field, representation) VALUES ('юбк', 'юбка', 12, 'title', 'native');
INSERT OR IGNORE INTO search_terms (term, product_id, field, representation) VALUES ('yubka', 12, 'title', 'strict');
INSERT OR IGNORE INTO search_deletion_keys (deletion_key, term, product_id, field, representation) VALUES ('yubka', 'yubka', 12, 'title', 'strict');
INSERT OR IGNORE INTO search_deletion_keys (deletion_key, term, product_id, field, representation) VALUES ('ubka', 'yubka', 12, 'title', 'strict');
INSERT OR IGNORE INTO search_deletion_keys (deletion_key, term, product_id, field, representation) VALUES ('ybka', 'yubka', 12, 'title', 'strict');
INSERT OR IGNORE INTO search_deletion_keys (deletion_key, term, product_id, field, representation) VALUES ('yuka', 'yubka', 12, 'title', 'strict');
INSERT OR IGNORE INTO search_deletion_keys (deletion_key, term, product_id, field, representation) VALUES ('yuba', 'yubka', 12, 'title', 'strict');
INSERT OR IGNORE INTO search_deletion_keys (deletion_key, term, product_id, field, representation) VALUES ('yubk', 'yubka', 12, 'title', 'strict');
INSERT OR IGNORE INTO search_terms (term, product_id, field, representation) VALUES ('khar', 12, 'title', 'strict');
INSERT OR IGNORE INTO search_deletion_keys (deletion_key, term, product_id, field, representation) VALUES ('khar', 'khar', 12, 'title', 'strict');
INSERT OR IGNORE INTO search_deletion_keys (deletion_key, term, product_id, field, representation) VALUES ('har', 'khar', 12, 'title', 'strict');
INSERT OR IGNORE INTO search_deletion_keys (deletion_key, term, product_id, field, representation) VALUES ('kar', 'khar', 12, 'title', 'strict');
INSERT OR IGNORE INTO search_deletion_keys (deletion_key, term, product_id, field, representation) VALUES ('khr', 'khar', 12, 'title', 'strict');
INSERT OR IGNORE INTO search_deletion_keys (deletion_key, term, product_id, field, representation) VALUES ('kha', 'khar', 12, 'title', 'strict');
INSERT OR IGNORE INTO search_terms (term, product_id, field, representation) VALUES ('iubka', 12, 'title', 'basic');
INSERT OR IGNORE INTO search_deletion_keys (deletion_key, term, product_id, field, representation) VALUES ('iubka', 'iubka', 12, 'title', 'basic');
INSERT OR IGNORE INTO search_deletion_keys (deletion_key, term, product_id, field, representation) VALUES ('ubka', 'iubka', 12, 'title', 'basic');
INSERT OR IGNORE INTO search_deletion_keys (deletion_key, term, product_id, field, representation) VALUES ('ibka', 'iubka', 12, 'title', 'basic');
INSERT OR IGNORE INTO search_deletion_keys (deletion_key, term, product_id, field, representation) VALUES ('iuka', 'iubka', 12, 'title', 'basic');
INSERT OR IGNORE INTO search_deletion_keys (deletion_key, term, product_id, field, representation) VALUES ('iuba', 'iubka', 12, 'title', 'basic');
INSERT OR IGNORE INTO search_deletion_keys (deletion_key, term, product_id, field, representation) VALUES ('iubk', 'iubka', 12, 'title', 'basic');
INSERT OR IGNORE INTO search_terms (term, product_id, field, representation) VALUES ('khar', 12, 'title', 'basic');
INSERT OR IGNORE INTO search_deletion_keys (deletion_key, term, product_id, field, representation) VALUES ('khar', 'khar', 12, 'title', 'basic');
INSERT OR IGNORE INTO search_deletion_keys (deletion_key, term, product_id, field, representation) VALUES ('har', 'khar', 12, 'title', 'basic');
INSERT OR IGNORE INTO search_deletion_keys (deletion_key, term, product_id, field, representation) VALUES ('kar', 'khar', 12, 'title', 'basic');
INSERT OR IGNORE INTO search_deletion_keys (deletion_key, term, product_id, field, representation) VALUES ('khr', 'khar', 12, 'title', 'basic');
INSERT OR IGNORE INTO search_deletion_keys (deletion_key, term, product_id, field, representation) VALUES ('kha', 'khar', 12, 'title', 'basic');
INSERT OR IGNORE INTO search_terms (term, product_id, field, representation) VALUES ('тэнгэр', 12, 'brand', 'native');
INSERT OR IGNORE INTO search_deletion_keys (deletion_key, term, product_id, field, representation) VALUES ('тэнгэр', 'тэнгэр', 12, 'brand', 'native');
INSERT OR IGNORE INTO search_deletion_keys (deletion_key, term, product_id, field, representation) VALUES ('энгэр', 'тэнгэр', 12, 'brand', 'native');
INSERT OR IGNORE INTO search_deletion_keys (deletion_key, term, product_id, field, representation) VALUES ('тнгэр', 'тэнгэр', 12, 'brand', 'native');
INSERT OR IGNORE INTO search_deletion_keys (deletion_key, term, product_id, field, representation) VALUES ('тэгэр', 'тэнгэр', 12, 'brand', 'native');
INSERT OR IGNORE INTO search_deletion_keys (deletion_key, term, product_id, field, representation) VALUES ('тэнэр', 'тэнгэр', 12, 'brand', 'native');
INSERT OR IGNORE INTO search_deletion_keys (deletion_key, term, product_id, field, representation) VALUES ('тэнгр', 'тэнгэр', 12, 'brand', 'native');
INSERT OR IGNORE INTO search_deletion_keys (deletion_key, term, product_id, field, representation) VALUES ('тэнгэ', 'тэнгэр', 12, 'brand', 'native');
INSERT OR IGNORE INTO search_terms (term, product_id, field, representation) VALUES ('khoekh', 12, 'brand', 'strict');
INSERT OR IGNORE INTO search_deletion_keys (deletion_key, term, product_id, field, representation) VALUES ('khoekh', 'khoekh', 12, 'brand', 'strict');
INSERT OR IGNORE INTO search_deletion_keys (deletion_key, term, product_id, field, representation) VALUES ('hoekh', 'khoekh', 12, 'brand', 'strict');
INSERT OR IGNORE INTO search_deletion_keys (deletion_key, term, product_id, field, representation) VALUES ('koekh', 'khoekh', 12, 'brand', 'strict');
INSERT OR IGNORE INTO search_deletion_keys (deletion_key, term, product_id, field, representation) VALUES ('khekh', 'khoekh', 12, 'brand', 'strict');
INSERT OR IGNORE INTO search_deletion_keys (deletion_key, term, product_id, field, representation) VALUES ('khokh', 'khoekh', 12, 'brand', 'strict');
INSERT OR IGNORE INTO search_deletion_keys (deletion_key, term, product_id, field, representation) VALUES ('khoeh', 'khoekh', 12, 'brand', 'strict');
INSERT OR IGNORE INTO search_deletion_keys (deletion_key, term, product_id, field, representation) VALUES ('khoek', 'khoekh', 12, 'brand', 'strict');
INSERT OR IGNORE INTO search_terms (term, product_id, field, representation) VALUES ('tenger', 12, 'brand', 'strict');
INSERT OR IGNORE INTO search_deletion_keys (deletion_key, term, product_id, field, representation) VALUES ('tenger', 'tenger', 12, 'brand', 'strict');
INSERT OR IGNORE INTO search_deletion_keys (deletion_key, term, product_id, field, representation) VALUES ('enger', 'tenger', 12, 'brand', 'strict');
INSERT OR IGNORE INTO search_deletion_keys (deletion_key, term, product_id, field, representation) VALUES ('tnger', 'tenger', 12, 'brand', 'strict');
INSERT OR IGNORE INTO search_deletion_keys (deletion_key, term, product_id, field, representation) VALUES ('teger', 'tenger', 12, 'brand', 'strict');
INSERT OR IGNORE INTO search_deletion_keys (deletion_key, term, product_id, field, representation) VALUES ('tener', 'tenger', 12, 'brand', 'strict');
INSERT OR IGNORE INTO search_deletion_keys (deletion_key, term, product_id, field, representation) VALUES ('tengr', 'tenger', 12, 'brand', 'strict');
INSERT OR IGNORE INTO search_deletion_keys (deletion_key, term, product_id, field, representation) VALUES ('tenge', 'tenger', 12, 'brand', 'strict');
INSERT OR IGNORE INTO search_terms (term, product_id, field, representation) VALUES ('khokh', 12, 'brand', 'basic');
INSERT OR IGNORE INTO search_deletion_keys (deletion_key, term, product_id, field, representation) VALUES ('khokh', 'khokh', 12, 'brand', 'basic');
INSERT OR IGNORE INTO search_deletion_keys (deletion_key, term, product_id, field, representation) VALUES ('hokh', 'khokh', 12, 'brand', 'basic');
INSERT OR IGNORE INTO search_deletion_keys (deletion_key, term, product_id, field, representation) VALUES ('kokh', 'khokh', 12, 'brand', 'basic');
INSERT OR IGNORE INTO search_deletion_keys (deletion_key, term, product_id, field, representation) VALUES ('khkh', 'khokh', 12, 'brand', 'basic');
INSERT OR IGNORE INTO search_deletion_keys (deletion_key, term, product_id, field, representation) VALUES ('khoh', 'khokh', 12, 'brand', 'basic');
INSERT OR IGNORE INTO search_deletion_keys (deletion_key, term, product_id, field, representation) VALUES ('khok', 'khokh', 12, 'brand', 'basic');
INSERT OR IGNORE INTO search_terms (term, product_id, field, representation) VALUES ('tenger', 12, 'brand', 'basic');
INSERT OR IGNORE INTO search_deletion_keys (deletion_key, term, product_id, field, representation) VALUES ('tenger', 'tenger', 12, 'brand', 'basic');
INSERT OR IGNORE INTO search_deletion_keys (deletion_key, term, product_id, field, representation) VALUES ('enger', 'tenger', 12, 'brand', 'basic');
INSERT OR IGNORE INTO search_deletion_keys (deletion_key, term, product_id, field, representation) VALUES ('tnger', 'tenger', 12, 'brand', 'basic');
INSERT OR IGNORE INTO search_deletion_keys (deletion_key, term, product_id, field, representation) VALUES ('teger', 'tenger', 12, 'brand', 'basic');
INSERT OR IGNORE INTO search_deletion_keys (deletion_key, term, product_id, field, representation) VALUES ('tener', 'tenger', 12, 'brand', 'basic');
INSERT OR IGNORE INTO search_deletion_keys (deletion_key, term, product_id, field, representation) VALUES ('tengr', 'tenger', 12, 'brand', 'basic');
INSERT OR IGNORE INTO search_deletion_keys (deletion_key, term, product_id, field, representation) VALUES ('tenge', 'tenger', 12, 'brand', 'basic');
INSERT OR IGNORE INTO search_terms (term, product_id, field, representation) VALUES ('хувцас', 12, 'category', 'native');
INSERT OR IGNORE INTO search_deletion_keys (deletion_key, term, product_id, field, representation) VALUES ('хувцас', 'хувцас', 12, 'category', 'native');
INSERT OR IGNORE INTO search_deletion_keys (deletion_key, term, product_id, field, representation) VALUES ('увцас', 'хувцас', 12, 'category', 'native');
INSERT OR IGNORE INTO search_deletion_keys (deletion_key, term, product_id, field, representation) VALUES ('хвцас', 'хувцас', 12, 'category', 'native');
INSERT OR IGNORE INTO search_deletion_keys (deletion_key, term, product_id, field, representation) VALUES ('хуцас', 'хувцас', 12, 'category', 'native');
INSERT OR IGNORE INTO search_deletion_keys (deletion_key, term, product_id, field, representation) VALUES ('хувас', 'хувцас', 12, 'category', 'native');
INSERT OR IGNORE INTO search_deletion_keys (deletion_key, term, product_id, field, representation) VALUES ('хувцс', 'хувцас', 12, 'category', 'native');
INSERT OR IGNORE INTO search_deletion_keys (deletion_key, term, product_id, field, representation) VALUES ('хувца', 'хувцас', 12, 'category', 'native');
INSERT OR IGNORE INTO search_terms (term, product_id, field, representation) VALUES ('khuvtsas', 12, 'category', 'strict');
INSERT OR IGNORE INTO search_deletion_keys (deletion_key, term, product_id, field, representation) VALUES ('khuvtsas', 'khuvtsas', 12, 'category', 'strict');
INSERT OR IGNORE INTO search_deletion_keys (deletion_key, term, product_id, field, representation) VALUES ('huvtsas', 'khuvtsas', 12, 'category', 'strict');
INSERT OR IGNORE INTO search_deletion_keys (deletion_key, term, product_id, field, representation) VALUES ('kuvtsas', 'khuvtsas', 12, 'category', 'strict');
INSERT OR IGNORE INTO search_deletion_keys (deletion_key, term, product_id, field, representation) VALUES ('khvtsas', 'khuvtsas', 12, 'category', 'strict');
INSERT OR IGNORE INTO search_deletion_keys (deletion_key, term, product_id, field, representation) VALUES ('khutsas', 'khuvtsas', 12, 'category', 'strict');
INSERT OR IGNORE INTO search_deletion_keys (deletion_key, term, product_id, field, representation) VALUES ('khuvsas', 'khuvtsas', 12, 'category', 'strict');
INSERT OR IGNORE INTO search_deletion_keys (deletion_key, term, product_id, field, representation) VALUES ('khuvtas', 'khuvtsas', 12, 'category', 'strict');
INSERT OR IGNORE INTO search_deletion_keys (deletion_key, term, product_id, field, representation) VALUES ('khuvtss', 'khuvtsas', 12, 'category', 'strict');
INSERT OR IGNORE INTO search_deletion_keys (deletion_key, term, product_id, field, representation) VALUES ('khuvtsa', 'khuvtsas', 12, 'category', 'strict');
INSERT OR IGNORE INTO search_terms (term, product_id, field, representation) VALUES ('khuvtsas', 12, 'category', 'basic');
INSERT OR IGNORE INTO search_deletion_keys (deletion_key, term, product_id, field, representation) VALUES ('khuvtsas', 'khuvtsas', 12, 'category', 'basic');
INSERT OR IGNORE INTO search_deletion_keys (deletion_key, term, product_id, field, representation) VALUES ('huvtsas', 'khuvtsas', 12, 'category', 'basic');
INSERT OR IGNORE INTO search_deletion_keys (deletion_key, term, product_id, field, representation) VALUES ('kuvtsas', 'khuvtsas', 12, 'category', 'basic');
INSERT OR IGNORE INTO search_deletion_keys (deletion_key, term, product_id, field, representation) VALUES ('khvtsas', 'khuvtsas', 12, 'category', 'basic');
INSERT OR IGNORE INTO search_deletion_keys (deletion_key, term, product_id, field, representation) VALUES ('khutsas', 'khuvtsas', 12, 'category', 'basic');
INSERT OR IGNORE INTO search_deletion_keys (deletion_key, term, product_id, field, representation) VALUES ('khuvsas', 'khuvtsas', 12, 'category', 'basic');
INSERT OR IGNORE INTO search_deletion_keys (deletion_key, term, product_id, field, representation) VALUES ('khuvtas', 'khuvtsas', 12, 'category', 'basic');
INSERT OR IGNORE INTO search_deletion_keys (deletion_key, term, product_id, field, representation) VALUES ('khuvtss', 'khuvtsas', 12, 'category', 'basic');
INSERT OR IGNORE INTO search_deletion_keys (deletion_key, term, product_id, field, representation) VALUES ('khuvtsa', 'khuvtsas', 12, 'category', 'basic');
INSERT INTO products (id, sku, sku_normalized, name, category, tags, price_mnt, strict_key, basic_key, brand, description, available, merchandising_position) VALUES (13, 'HV-Х-013', 'hvх013', 'Хөх ноолууран цамц', 'Хувцас', 'хөх, ноолуур', 33000, 'хөх ноолууран цамц хувцас хөх ноолуур hv х 013 khökh nooluuran tsamts khuvtsas khökh nooluur hv kh 013', 'хөх ноолууран цамц хувцас хөх ноолуур hv х 013 khokh nooluuran tsamts khuvtsas khokh nooluur hv kh 013', 'Алтан Өргөө', 'Хувцас зориулсан синтетик туршилтын бүтээгдэхүүн хөх, ноолуур', 1, 13);
INSERT INTO product_search (product_id, name, category, tags, sku, strict_key, basic_key) VALUES (13, 'хөх ноолууран цамц khökh nooluuran tsamts', 'хувцас khuvtsas', 'хөх ноолуур khökh nooluur', 'hv х 013 hv kh 013', 'хөх ноолууран цамц хувцас хөх ноолуур hv х 013 khökh nooluuran tsamts khuvtsas khökh nooluur hv kh 013', 'хөх ноолууран цамц хувцас хөх ноолуур hv х 013 khokh nooluuran tsamts khuvtsas khokh nooluur hv kh 013');
INSERT INTO product_search_tiered (product_id, native_key, strict_key, basic_key, sku_key) VALUES (13, 'хөх ноолууран цамц хувцас хөх ноолуур hv х 013', 'khoekh nooluuran tsamts khuvtsas khoekh nooluur hv kh 013', 'hoh hokh huh hukh khoh khokh khuh khukh nooluuran camc camts tsamc tsamts huvcas huvtsas khuvcas khuvtsas hoh hokh huh hukh khoh khokh khuh khukh nooluur hv 013', 'hvх013');
INSERT INTO product_search_resilient (product_id, title_native, brand_native, category_native, tags_native, description_native, title_strict, brand_strict, category_strict, tags_strict, description_strict, title_basic, brand_basic, category_basic, tags_basic, description_basic) VALUES (13, 'хөх ноолууран цамц', 'алтан өргөө', 'хувцас', 'хөх ноолуур', 'хувцас зориулсан синтетик туршилтын бүтээгдэхүүн хөх ноолуур', 'khoekh nooluuran tsamts', 'altan oergoeoe', 'khuvtsas', 'khoekh nooluur', 'khuvtsas zoriulsan sintetik turshiltyn bueteegdekhueuen khoekh nooluur', 'hoh hokh huh hukh khoh khokh khuh khukh nooluuran camc camts tsamc tsamts', 'altan orgoo orgou orguo orguu urgoo urgou urguo urguu', 'huvcas huvtsas khuvcas khuvtsas', 'hoh hokh huh hukh khoh khokh khuh khukh nooluur', 'huvcas huvtsas khuvcas khuvtsas zoriulsan sintetik turshiltyn buteegdehuun buteegdehuin buteegdehiun buteegdehiin buteegdekhuun buteegdekhuin buteegdekhiun buteegdekhiin hoh hokh huh hukh khoh khokh khuh khukh nooluur');
INSERT OR IGNORE INTO search_terms (term, product_id, field, representation) VALUES ('ноолууран', 13, 'title', 'native');
INSERT OR IGNORE INTO search_deletion_keys (deletion_key, term, product_id, field, representation) VALUES ('ноолууран', 'ноолууран', 13, 'title', 'native');
INSERT OR IGNORE INTO search_deletion_keys (deletion_key, term, product_id, field, representation) VALUES ('оолууран', 'ноолууран', 13, 'title', 'native');
INSERT OR IGNORE INTO search_deletion_keys (deletion_key, term, product_id, field, representation) VALUES ('нолууран', 'ноолууран', 13, 'title', 'native');
INSERT OR IGNORE INTO search_deletion_keys (deletion_key, term, product_id, field, representation) VALUES ('нооууран', 'ноолууран', 13, 'title', 'native');
INSERT OR IGNORE INTO search_deletion_keys (deletion_key, term, product_id, field, representation) VALUES ('ноолуран', 'ноолууран', 13, 'title', 'native');
INSERT OR IGNORE INTO search_deletion_keys (deletion_key, term, product_id, field, representation) VALUES ('ноолууан', 'ноолууран', 13, 'title', 'native');
INSERT OR IGNORE INTO search_deletion_keys (deletion_key, term, product_id, field, representation) VALUES ('ноолуурн', 'ноолууран', 13, 'title', 'native');
INSERT OR IGNORE INTO search_deletion_keys (deletion_key, term, product_id, field, representation) VALUES ('ноолуура', 'ноолууран', 13, 'title', 'native');
INSERT OR IGNORE INTO search_terms (term, product_id, field, representation) VALUES ('цамц', 13, 'title', 'native');
INSERT OR IGNORE INTO search_deletion_keys (deletion_key, term, product_id, field, representation) VALUES ('цамц', 'цамц', 13, 'title', 'native');
INSERT OR IGNORE INTO search_deletion_keys (deletion_key, term, product_id, field, representation) VALUES ('амц', 'цамц', 13, 'title', 'native');
INSERT OR IGNORE INTO search_deletion_keys (deletion_key, term, product_id, field, representation) VALUES ('цмц', 'цамц', 13, 'title', 'native');
INSERT OR IGNORE INTO search_deletion_keys (deletion_key, term, product_id, field, representation) VALUES ('цац', 'цамц', 13, 'title', 'native');
INSERT OR IGNORE INTO search_deletion_keys (deletion_key, term, product_id, field, representation) VALUES ('цам', 'цамц', 13, 'title', 'native');
INSERT OR IGNORE INTO search_terms (term, product_id, field, representation) VALUES ('khoekh', 13, 'title', 'strict');
INSERT OR IGNORE INTO search_deletion_keys (deletion_key, term, product_id, field, representation) VALUES ('khoekh', 'khoekh', 13, 'title', 'strict');
INSERT OR IGNORE INTO search_deletion_keys (deletion_key, term, product_id, field, representation) VALUES ('hoekh', 'khoekh', 13, 'title', 'strict');
INSERT OR IGNORE INTO search_deletion_keys (deletion_key, term, product_id, field, representation) VALUES ('koekh', 'khoekh', 13, 'title', 'strict');
INSERT OR IGNORE INTO search_deletion_keys (deletion_key, term, product_id, field, representation) VALUES ('khekh', 'khoekh', 13, 'title', 'strict');
INSERT OR IGNORE INTO search_deletion_keys (deletion_key, term, product_id, field, representation) VALUES ('khokh', 'khoekh', 13, 'title', 'strict');
INSERT OR IGNORE INTO search_deletion_keys (deletion_key, term, product_id, field, representation) VALUES ('khoeh', 'khoekh', 13, 'title', 'strict');
INSERT OR IGNORE INTO search_deletion_keys (deletion_key, term, product_id, field, representation) VALUES ('khoek', 'khoekh', 13, 'title', 'strict');
INSERT OR IGNORE INTO search_terms (term, product_id, field, representation) VALUES ('nooluuran', 13, 'title', 'strict');
INSERT OR IGNORE INTO search_deletion_keys (deletion_key, term, product_id, field, representation) VALUES ('nooluuran', 'nooluuran', 13, 'title', 'strict');
INSERT OR IGNORE INTO search_deletion_keys (deletion_key, term, product_id, field, representation) VALUES ('ooluuran', 'nooluuran', 13, 'title', 'strict');
INSERT OR IGNORE INTO search_deletion_keys (deletion_key, term, product_id, field, representation) VALUES ('noluuran', 'nooluuran', 13, 'title', 'strict');
INSERT OR IGNORE INTO search_deletion_keys (deletion_key, term, product_id, field, representation) VALUES ('noouuran', 'nooluuran', 13, 'title', 'strict');
INSERT OR IGNORE INTO search_deletion_keys (deletion_key, term, product_id, field, representation) VALUES ('nooluran', 'nooluuran', 13, 'title', 'strict');
INSERT OR IGNORE INTO search_deletion_keys (deletion_key, term, product_id, field, representation) VALUES ('nooluuan', 'nooluuran', 13, 'title', 'strict');
INSERT OR IGNORE INTO search_deletion_keys (deletion_key, term, product_id, field, representation) VALUES ('nooluurn', 'nooluuran', 13, 'title', 'strict');
INSERT OR IGNORE INTO search_deletion_keys (deletion_key, term, product_id, field, representation) VALUES ('nooluura', 'nooluuran', 13, 'title', 'strict');
INSERT OR IGNORE INTO search_terms (term, product_id, field, representation) VALUES ('tsamts', 13, 'title', 'strict');
INSERT OR IGNORE INTO search_deletion_keys (deletion_key, term, product_id, field, representation) VALUES ('tsamts', 'tsamts', 13, 'title', 'strict');
INSERT OR IGNORE INTO search_deletion_keys (deletion_key, term, product_id, field, representation) VALUES ('samts', 'tsamts', 13, 'title', 'strict');
INSERT OR IGNORE INTO search_deletion_keys (deletion_key, term, product_id, field, representation) VALUES ('tamts', 'tsamts', 13, 'title', 'strict');
INSERT OR IGNORE INTO search_deletion_keys (deletion_key, term, product_id, field, representation) VALUES ('tsmts', 'tsamts', 13, 'title', 'strict');
INSERT OR IGNORE INTO search_deletion_keys (deletion_key, term, product_id, field, representation) VALUES ('tsats', 'tsamts', 13, 'title', 'strict');
INSERT OR IGNORE INTO search_deletion_keys (deletion_key, term, product_id, field, representation) VALUES ('tsams', 'tsamts', 13, 'title', 'strict');
INSERT OR IGNORE INTO search_deletion_keys (deletion_key, term, product_id, field, representation) VALUES ('tsamt', 'tsamts', 13, 'title', 'strict');
INSERT OR IGNORE INTO search_terms (term, product_id, field, representation) VALUES ('khokh', 13, 'title', 'basic');
INSERT OR IGNORE INTO search_deletion_keys (deletion_key, term, product_id, field, representation) VALUES ('khokh', 'khokh', 13, 'title', 'basic');
INSERT OR IGNORE INTO search_deletion_keys (deletion_key, term, product_id, field, representation) VALUES ('hokh', 'khokh', 13, 'title', 'basic');
INSERT OR IGNORE INTO search_deletion_keys (deletion_key, term, product_id, field, representation) VALUES ('kokh', 'khokh', 13, 'title', 'basic');
INSERT OR IGNORE INTO search_deletion_keys (deletion_key, term, product_id, field, representation) VALUES ('khkh', 'khokh', 13, 'title', 'basic');
INSERT OR IGNORE INTO search_deletion_keys (deletion_key, term, product_id, field, representation) VALUES ('khoh', 'khokh', 13, 'title', 'basic');
INSERT OR IGNORE INTO search_deletion_keys (deletion_key, term, product_id, field, representation) VALUES ('khok', 'khokh', 13, 'title', 'basic');
INSERT OR IGNORE INTO search_terms (term, product_id, field, representation) VALUES ('nooluuran', 13, 'title', 'basic');
INSERT OR IGNORE INTO search_deletion_keys (deletion_key, term, product_id, field, representation) VALUES ('nooluuran', 'nooluuran', 13, 'title', 'basic');
INSERT OR IGNORE INTO search_deletion_keys (deletion_key, term, product_id, field, representation) VALUES ('ooluuran', 'nooluuran', 13, 'title', 'basic');
INSERT OR IGNORE INTO search_deletion_keys (deletion_key, term, product_id, field, representation) VALUES ('noluuran', 'nooluuran', 13, 'title', 'basic');
INSERT OR IGNORE INTO search_deletion_keys (deletion_key, term, product_id, field, representation) VALUES ('noouuran', 'nooluuran', 13, 'title', 'basic');
INSERT OR IGNORE INTO search_deletion_keys (deletion_key, term, product_id, field, representation) VALUES ('nooluran', 'nooluuran', 13, 'title', 'basic');
INSERT OR IGNORE INTO search_deletion_keys (deletion_key, term, product_id, field, representation) VALUES ('nooluuan', 'nooluuran', 13, 'title', 'basic');
INSERT OR IGNORE INTO search_deletion_keys (deletion_key, term, product_id, field, representation) VALUES ('nooluurn', 'nooluuran', 13, 'title', 'basic');
INSERT OR IGNORE INTO search_deletion_keys (deletion_key, term, product_id, field, representation) VALUES ('nooluura', 'nooluuran', 13, 'title', 'basic');
INSERT OR IGNORE INTO search_terms (term, product_id, field, representation) VALUES ('tsamts', 13, 'title', 'basic');
INSERT OR IGNORE INTO search_deletion_keys (deletion_key, term, product_id, field, representation) VALUES ('tsamts', 'tsamts', 13, 'title', 'basic');
INSERT OR IGNORE INTO search_deletion_keys (deletion_key, term, product_id, field, representation) VALUES ('samts', 'tsamts', 13, 'title', 'basic');
INSERT OR IGNORE INTO search_deletion_keys (deletion_key, term, product_id, field, representation) VALUES ('tamts', 'tsamts', 13, 'title', 'basic');
INSERT OR IGNORE INTO search_deletion_keys (deletion_key, term, product_id, field, representation) VALUES ('tsmts', 'tsamts', 13, 'title', 'basic');
INSERT OR IGNORE INTO search_deletion_keys (deletion_key, term, product_id, field, representation) VALUES ('tsats', 'tsamts', 13, 'title', 'basic');
INSERT OR IGNORE INTO search_deletion_keys (deletion_key, term, product_id, field, representation) VALUES ('tsams', 'tsamts', 13, 'title', 'basic');
INSERT OR IGNORE INTO search_deletion_keys (deletion_key, term, product_id, field, representation) VALUES ('tsamt', 'tsamts', 13, 'title', 'basic');
INSERT OR IGNORE INTO search_terms (term, product_id, field, representation) VALUES ('алтан', 13, 'brand', 'native');
INSERT OR IGNORE INTO search_deletion_keys (deletion_key, term, product_id, field, representation) VALUES ('алтан', 'алтан', 13, 'brand', 'native');
INSERT OR IGNORE INTO search_deletion_keys (deletion_key, term, product_id, field, representation) VALUES ('лтан', 'алтан', 13, 'brand', 'native');
INSERT OR IGNORE INTO search_deletion_keys (deletion_key, term, product_id, field, representation) VALUES ('атан', 'алтан', 13, 'brand', 'native');
INSERT OR IGNORE INTO search_deletion_keys (deletion_key, term, product_id, field, representation) VALUES ('алан', 'алтан', 13, 'brand', 'native');
INSERT OR IGNORE INTO search_deletion_keys (deletion_key, term, product_id, field, representation) VALUES ('алтн', 'алтан', 13, 'brand', 'native');
INSERT OR IGNORE INTO search_deletion_keys (deletion_key, term, product_id, field, representation) VALUES ('алта', 'алтан', 13, 'brand', 'native');
INSERT OR IGNORE INTO search_terms (term, product_id, field, representation) VALUES ('өргөө', 13, 'brand', 'native');
INSERT OR IGNORE INTO search_deletion_keys (deletion_key, term, product_id, field, representation) VALUES ('өргөө', 'өргөө', 13, 'brand', 'native');
INSERT OR IGNORE INTO search_deletion_keys (deletion_key, term, product_id, field, representation) VALUES ('ргөө', 'өргөө', 13, 'brand', 'native');
INSERT OR IGNORE INTO search_deletion_keys (deletion_key, term, product_id, field, representation) VALUES ('өгөө', 'өргөө', 13, 'brand', 'native');
INSERT OR IGNORE INTO search_deletion_keys (deletion_key, term, product_id, field, representation) VALUES ('өрөө', 'өргөө', 13, 'brand', 'native');
INSERT OR IGNORE INTO search_deletion_keys (deletion_key, term, product_id, field, representation) VALUES ('өргө', 'өргөө', 13, 'brand', 'native');
INSERT OR IGNORE INTO search_terms (term, product_id, field, representation) VALUES ('altan', 13, 'brand', 'strict');
INSERT OR IGNORE INTO search_deletion_keys (deletion_key, term, product_id, field, representation) VALUES ('altan', 'altan', 13, 'brand', 'strict');
INSERT OR IGNORE INTO search_deletion_keys (deletion_key, term, product_id, field, representation) VALUES ('ltan', 'altan', 13, 'brand', 'strict');
INSERT OR IGNORE INTO search_deletion_keys (deletion_key, term, product_id, field, representation) VALUES ('atan', 'altan', 13, 'brand', 'strict');
INSERT OR IGNORE INTO search_deletion_keys (deletion_key, term, product_id, field, representation) VALUES ('alan', 'altan', 13, 'brand', 'strict');
INSERT OR IGNORE INTO search_deletion_keys (deletion_key, term, product_id, field, representation) VALUES ('altn', 'altan', 13, 'brand', 'strict');
INSERT OR IGNORE INTO search_deletion_keys (deletion_key, term, product_id, field, representation) VALUES ('alta', 'altan', 13, 'brand', 'strict');
INSERT OR IGNORE INTO search_terms (term, product_id, field, representation) VALUES ('oergoeoe', 13, 'brand', 'strict');
INSERT OR IGNORE INTO search_deletion_keys (deletion_key, term, product_id, field, representation) VALUES ('oergoeoe', 'oergoeoe', 13, 'brand', 'strict');
INSERT OR IGNORE INTO search_deletion_keys (deletion_key, term, product_id, field, representation) VALUES ('ergoeoe', 'oergoeoe', 13, 'brand', 'strict');
INSERT OR IGNORE INTO search_deletion_keys (deletion_key, term, product_id, field, representation) VALUES ('orgoeoe', 'oergoeoe', 13, 'brand', 'strict');
INSERT OR IGNORE INTO search_deletion_keys (deletion_key, term, product_id, field, representation) VALUES ('oegoeoe', 'oergoeoe', 13, 'brand', 'strict');
INSERT OR IGNORE INTO search_deletion_keys (deletion_key, term, product_id, field, representation) VALUES ('oeroeoe', 'oergoeoe', 13, 'brand', 'strict');
INSERT OR IGNORE INTO search_deletion_keys (deletion_key, term, product_id, field, representation) VALUES ('oergeoe', 'oergoeoe', 13, 'brand', 'strict');
INSERT OR IGNORE INTO search_deletion_keys (deletion_key, term, product_id, field, representation) VALUES ('oergooe', 'oergoeoe', 13, 'brand', 'strict');
INSERT OR IGNORE INTO search_deletion_keys (deletion_key, term, product_id, field, representation) VALUES ('oergoee', 'oergoeoe', 13, 'brand', 'strict');
INSERT OR IGNORE INTO search_deletion_keys (deletion_key, term, product_id, field, representation) VALUES ('oergoeo', 'oergoeoe', 13, 'brand', 'strict');
INSERT OR IGNORE INTO search_terms (term, product_id, field, representation) VALUES ('altan', 13, 'brand', 'basic');
INSERT OR IGNORE INTO search_deletion_keys (deletion_key, term, product_id, field, representation) VALUES ('altan', 'altan', 13, 'brand', 'basic');
INSERT OR IGNORE INTO search_deletion_keys (deletion_key, term, product_id, field, representation) VALUES ('ltan', 'altan', 13, 'brand', 'basic');
INSERT OR IGNORE INTO search_deletion_keys (deletion_key, term, product_id, field, representation) VALUES ('atan', 'altan', 13, 'brand', 'basic');
INSERT OR IGNORE INTO search_deletion_keys (deletion_key, term, product_id, field, representation) VALUES ('alan', 'altan', 13, 'brand', 'basic');
INSERT OR IGNORE INTO search_deletion_keys (deletion_key, term, product_id, field, representation) VALUES ('altn', 'altan', 13, 'brand', 'basic');
INSERT OR IGNORE INTO search_deletion_keys (deletion_key, term, product_id, field, representation) VALUES ('alta', 'altan', 13, 'brand', 'basic');
INSERT OR IGNORE INTO search_terms (term, product_id, field, representation) VALUES ('orgoo', 13, 'brand', 'basic');
INSERT OR IGNORE INTO search_deletion_keys (deletion_key, term, product_id, field, representation) VALUES ('orgoo', 'orgoo', 13, 'brand', 'basic');
INSERT OR IGNORE INTO search_deletion_keys (deletion_key, term, product_id, field, representation) VALUES ('rgoo', 'orgoo', 13, 'brand', 'basic');
INSERT OR IGNORE INTO search_deletion_keys (deletion_key, term, product_id, field, representation) VALUES ('ogoo', 'orgoo', 13, 'brand', 'basic');
INSERT OR IGNORE INTO search_deletion_keys (deletion_key, term, product_id, field, representation) VALUES ('oroo', 'orgoo', 13, 'brand', 'basic');
INSERT OR IGNORE INTO search_deletion_keys (deletion_key, term, product_id, field, representation) VALUES ('orgo', 'orgoo', 13, 'brand', 'basic');
INSERT OR IGNORE INTO search_terms (term, product_id, field, representation) VALUES ('хувцас', 13, 'category', 'native');
INSERT OR IGNORE INTO search_deletion_keys (deletion_key, term, product_id, field, representation) VALUES ('хувцас', 'хувцас', 13, 'category', 'native');
INSERT OR IGNORE INTO search_deletion_keys (deletion_key, term, product_id, field, representation) VALUES ('увцас', 'хувцас', 13, 'category', 'native');
INSERT OR IGNORE INTO search_deletion_keys (deletion_key, term, product_id, field, representation) VALUES ('хвцас', 'хувцас', 13, 'category', 'native');
INSERT OR IGNORE INTO search_deletion_keys (deletion_key, term, product_id, field, representation) VALUES ('хуцас', 'хувцас', 13, 'category', 'native');
INSERT OR IGNORE INTO search_deletion_keys (deletion_key, term, product_id, field, representation) VALUES ('хувас', 'хувцас', 13, 'category', 'native');
INSERT OR IGNORE INTO search_deletion_keys (deletion_key, term, product_id, field, representation) VALUES ('хувцс', 'хувцас', 13, 'category', 'native');
INSERT OR IGNORE INTO search_deletion_keys (deletion_key, term, product_id, field, representation) VALUES ('хувца', 'хувцас', 13, 'category', 'native');
INSERT OR IGNORE INTO search_terms (term, product_id, field, representation) VALUES ('khuvtsas', 13, 'category', 'strict');
INSERT OR IGNORE INTO search_deletion_keys (deletion_key, term, product_id, field, representation) VALUES ('khuvtsas', 'khuvtsas', 13, 'category', 'strict');
INSERT OR IGNORE INTO search_deletion_keys (deletion_key, term, product_id, field, representation) VALUES ('huvtsas', 'khuvtsas', 13, 'category', 'strict');
INSERT OR IGNORE INTO search_deletion_keys (deletion_key, term, product_id, field, representation) VALUES ('kuvtsas', 'khuvtsas', 13, 'category', 'strict');
INSERT OR IGNORE INTO search_deletion_keys (deletion_key, term, product_id, field, representation) VALUES ('khvtsas', 'khuvtsas', 13, 'category', 'strict');
INSERT OR IGNORE INTO search_deletion_keys (deletion_key, term, product_id, field, representation) VALUES ('khutsas', 'khuvtsas', 13, 'category', 'strict');
INSERT OR IGNORE INTO search_deletion_keys (deletion_key, term, product_id, field, representation) VALUES ('khuvsas', 'khuvtsas', 13, 'category', 'strict');
INSERT OR IGNORE INTO search_deletion_keys (deletion_key, term, product_id, field, representation) VALUES ('khuvtas', 'khuvtsas', 13, 'category', 'strict');
INSERT OR IGNORE INTO search_deletion_keys (deletion_key, term, product_id, field, representation) VALUES ('khuvtss', 'khuvtsas', 13, 'category', 'strict');
INSERT OR IGNORE INTO search_deletion_keys (deletion_key, term, product_id, field, representation) VALUES ('khuvtsa', 'khuvtsas', 13, 'category', 'strict');
INSERT OR IGNORE INTO search_terms (term, product_id, field, representation) VALUES ('khuvtsas', 13, 'category', 'basic');
INSERT OR IGNORE INTO search_deletion_keys (deletion_key, term, product_id, field, representation) VALUES ('khuvtsas', 'khuvtsas', 13, 'category', 'basic');
INSERT OR IGNORE INTO search_deletion_keys (deletion_key, term, product_id, field, representation) VALUES ('huvtsas', 'khuvtsas', 13, 'category', 'basic');
INSERT OR IGNORE INTO search_deletion_keys (deletion_key, term, product_id, field, representation) VALUES ('kuvtsas', 'khuvtsas', 13, 'category', 'basic');
INSERT OR IGNORE INTO search_deletion_keys (deletion_key, term, product_id, field, representation) VALUES ('khvtsas', 'khuvtsas', 13, 'category', 'basic');
INSERT OR IGNORE INTO search_deletion_keys (deletion_key, term, product_id, field, representation) VALUES ('khutsas', 'khuvtsas', 13, 'category', 'basic');
INSERT OR IGNORE INTO search_deletion_keys (deletion_key, term, product_id, field, representation) VALUES ('khuvsas', 'khuvtsas', 13, 'category', 'basic');
INSERT OR IGNORE INTO search_deletion_keys (deletion_key, term, product_id, field, representation) VALUES ('khuvtas', 'khuvtsas', 13, 'category', 'basic');
INSERT OR IGNORE INTO search_deletion_keys (deletion_key, term, product_id, field, representation) VALUES ('khuvtss', 'khuvtsas', 13, 'category', 'basic');
INSERT OR IGNORE INTO search_deletion_keys (deletion_key, term, product_id, field, representation) VALUES ('khuvtsa', 'khuvtsas', 13, 'category', 'basic');
INSERT INTO products (id, sku, sku_normalized, name, category, tags, price_mnt, strict_key, basic_key, brand, description, available, merchandising_position) VALUES (14, 'HV-Ө-014', 'hvө014', 'Өвлийн гутал', 'Гутал', 'өвөл, арьс', 34750, 'өвлийн гутал гутал өвөл арьс hv ө 014 övliyn gutal gutal övöl ars hv ö 014', 'өвлийн гутал гутал өвөл арьс hv ө 014 ovliin gutal gutal ovol ars hv o 014', 'Цагаан Сар', 'Гутал зориулсан синтетик туршилтын бүтээгдэхүүн өвөл, арьс', 1, 14);
INSERT INTO product_search (product_id, name, category, tags, sku, strict_key, basic_key) VALUES (14, 'өвлийн гутал övliyn gutal', 'гутал gutal', 'өвөл арьс övöl ars', 'hv ө 014 hv ö 014', 'өвлийн гутал гутал өвөл арьс hv ө 014 övliyn gutal gutal övöl ars hv ö 014', 'өвлийн гутал гутал өвөл арьс hv ө 014 ovliin gutal gutal ovol ars hv o 014');
INSERT INTO product_search_tiered (product_id, native_key, strict_key, basic_key, sku_key) VALUES (14, 'өвлийн гутал гутал өвөл арьс hv ө 014', 'oevliyn gutal gutal oevoel ars hv oe 014', 'ovliin ovliyn uvliin uvliyn gutal gutal ovol ovul uvol uvul ars hv 014', 'hvө014');
INSERT INTO product_search_resilient (product_id, title_native, brand_native, category_native, tags_native, description_native, title_strict, brand_strict, category_strict, tags_strict, description_strict, title_basic, brand_basic, category_basic, tags_basic, description_basic) VALUES (14, 'өвлийн гутал', 'цагаан сар', 'гутал', 'өвөл арьс', 'гутал зориулсан синтетик туршилтын бүтээгдэхүүн өвөл арьс', 'oevliyn gutal', 'tsagaan sar', 'gutal', 'oevoel ars', 'gutal zoriulsan sintetik turshiltyn bueteegdekhueuen oevoel ars', 'ovliin ovliyn uvliin uvliyn gutal', 'cagaan tsagaan sar', 'gutal', 'ovol ovul uvol uvul ars', 'gutal zoriulsan sintetik turshiltyn buteegdehuun buteegdehuin buteegdehiun buteegdehiin buteegdekhuun buteegdekhuin buteegdekhiun buteegdekhiin ovol ovul uvol uvul ars');
INSERT OR IGNORE INTO search_terms (term, product_id, field, representation) VALUES ('өвлийн', 14, 'title', 'native');
INSERT OR IGNORE INTO search_deletion_keys (deletion_key, term, product_id, field, representation) VALUES ('өвлийн', 'өвлийн', 14, 'title', 'native');
INSERT OR IGNORE INTO search_deletion_keys (deletion_key, term, product_id, field, representation) VALUES ('влийн', 'өвлийн', 14, 'title', 'native');
INSERT OR IGNORE INTO search_deletion_keys (deletion_key, term, product_id, field, representation) VALUES ('өлийн', 'өвлийн', 14, 'title', 'native');
INSERT OR IGNORE INTO search_deletion_keys (deletion_key, term, product_id, field, representation) VALUES ('өвийн', 'өвлийн', 14, 'title', 'native');
INSERT OR IGNORE INTO search_deletion_keys (deletion_key, term, product_id, field, representation) VALUES ('өвлйн', 'өвлийн', 14, 'title', 'native');
INSERT OR IGNORE INTO search_deletion_keys (deletion_key, term, product_id, field, representation) VALUES ('өвлин', 'өвлийн', 14, 'title', 'native');
INSERT OR IGNORE INTO search_deletion_keys (deletion_key, term, product_id, field, representation) VALUES ('өвлий', 'өвлийн', 14, 'title', 'native');
INSERT OR IGNORE INTO search_terms (term, product_id, field, representation) VALUES ('гутал', 14, 'title', 'native');
INSERT OR IGNORE INTO search_deletion_keys (deletion_key, term, product_id, field, representation) VALUES ('гутал', 'гутал', 14, 'title', 'native');
INSERT OR IGNORE INTO search_deletion_keys (deletion_key, term, product_id, field, representation) VALUES ('утал', 'гутал', 14, 'title', 'native');
INSERT OR IGNORE INTO search_deletion_keys (deletion_key, term, product_id, field, representation) VALUES ('гтал', 'гутал', 14, 'title', 'native');
INSERT OR IGNORE INTO search_deletion_keys (deletion_key, term, product_id, field, representation) VALUES ('гуал', 'гутал', 14, 'title', 'native');
INSERT OR IGNORE INTO search_deletion_keys (deletion_key, term, product_id, field, representation) VALUES ('гутл', 'гутал', 14, 'title', 'native');
INSERT OR IGNORE INTO search_deletion_keys (deletion_key, term, product_id, field, representation) VALUES ('гута', 'гутал', 14, 'title', 'native');
INSERT OR IGNORE INTO search_terms (term, product_id, field, representation) VALUES ('oevliyn', 14, 'title', 'strict');
INSERT OR IGNORE INTO search_deletion_keys (deletion_key, term, product_id, field, representation) VALUES ('oevliyn', 'oevliyn', 14, 'title', 'strict');
INSERT OR IGNORE INTO search_deletion_keys (deletion_key, term, product_id, field, representation) VALUES ('evliyn', 'oevliyn', 14, 'title', 'strict');
INSERT OR IGNORE INTO search_deletion_keys (deletion_key, term, product_id, field, representation) VALUES ('ovliyn', 'oevliyn', 14, 'title', 'strict');
INSERT OR IGNORE INTO search_deletion_keys (deletion_key, term, product_id, field, representation) VALUES ('oeliyn', 'oevliyn', 14, 'title', 'strict');
INSERT OR IGNORE INTO search_deletion_keys (deletion_key, term, product_id, field, representation) VALUES ('oeviyn', 'oevliyn', 14, 'title', 'strict');
INSERT OR IGNORE INTO search_deletion_keys (deletion_key, term, product_id, field, representation) VALUES ('oevlyn', 'oevliyn', 14, 'title', 'strict');
INSERT OR IGNORE INTO search_deletion_keys (deletion_key, term, product_id, field, representation) VALUES ('oevlin', 'oevliyn', 14, 'title', 'strict');
INSERT OR IGNORE INTO search_deletion_keys (deletion_key, term, product_id, field, representation) VALUES ('oevliy', 'oevliyn', 14, 'title', 'strict');
INSERT OR IGNORE INTO search_terms (term, product_id, field, representation) VALUES ('gutal', 14, 'title', 'strict');
INSERT OR IGNORE INTO search_deletion_keys (deletion_key, term, product_id, field, representation) VALUES ('gutal', 'gutal', 14, 'title', 'strict');
INSERT OR IGNORE INTO search_deletion_keys (deletion_key, term, product_id, field, representation) VALUES ('utal', 'gutal', 14, 'title', 'strict');
INSERT OR IGNORE INTO search_deletion_keys (deletion_key, term, product_id, field, representation) VALUES ('gtal', 'gutal', 14, 'title', 'strict');
INSERT OR IGNORE INTO search_deletion_keys (deletion_key, term, product_id, field, representation) VALUES ('gual', 'gutal', 14, 'title', 'strict');
INSERT OR IGNORE INTO search_deletion_keys (deletion_key, term, product_id, field, representation) VALUES ('gutl', 'gutal', 14, 'title', 'strict');
INSERT OR IGNORE INTO search_deletion_keys (deletion_key, term, product_id, field, representation) VALUES ('guta', 'gutal', 14, 'title', 'strict');
INSERT OR IGNORE INTO search_terms (term, product_id, field, representation) VALUES ('ovliin', 14, 'title', 'basic');
INSERT OR IGNORE INTO search_deletion_keys (deletion_key, term, product_id, field, representation) VALUES ('ovliin', 'ovliin', 14, 'title', 'basic');
INSERT OR IGNORE INTO search_deletion_keys (deletion_key, term, product_id, field, representation) VALUES ('vliin', 'ovliin', 14, 'title', 'basic');
INSERT OR IGNORE INTO search_deletion_keys (deletion_key, term, product_id, field, representation) VALUES ('oliin', 'ovliin', 14, 'title', 'basic');
INSERT OR IGNORE INTO search_deletion_keys (deletion_key, term, product_id, field, representation) VALUES ('oviin', 'ovliin', 14, 'title', 'basic');
INSERT OR IGNORE INTO search_deletion_keys (deletion_key, term, product_id, field, representation) VALUES ('ovlin', 'ovliin', 14, 'title', 'basic');
INSERT OR IGNORE INTO search_deletion_keys (deletion_key, term, product_id, field, representation) VALUES ('ovlii', 'ovliin', 14, 'title', 'basic');
INSERT OR IGNORE INTO search_terms (term, product_id, field, representation) VALUES ('gutal', 14, 'title', 'basic');
INSERT OR IGNORE INTO search_deletion_keys (deletion_key, term, product_id, field, representation) VALUES ('gutal', 'gutal', 14, 'title', 'basic');
INSERT OR IGNORE INTO search_deletion_keys (deletion_key, term, product_id, field, representation) VALUES ('utal', 'gutal', 14, 'title', 'basic');
INSERT OR IGNORE INTO search_deletion_keys (deletion_key, term, product_id, field, representation) VALUES ('gtal', 'gutal', 14, 'title', 'basic');
INSERT OR IGNORE INTO search_deletion_keys (deletion_key, term, product_id, field, representation) VALUES ('gual', 'gutal', 14, 'title', 'basic');
INSERT OR IGNORE INTO search_deletion_keys (deletion_key, term, product_id, field, representation) VALUES ('gutl', 'gutal', 14, 'title', 'basic');
INSERT OR IGNORE INTO search_deletion_keys (deletion_key, term, product_id, field, representation) VALUES ('guta', 'gutal', 14, 'title', 'basic');
INSERT OR IGNORE INTO search_terms (term, product_id, field, representation) VALUES ('цагаан', 14, 'brand', 'native');
INSERT OR IGNORE INTO search_deletion_keys (deletion_key, term, product_id, field, representation) VALUES ('цагаан', 'цагаан', 14, 'brand', 'native');
INSERT OR IGNORE INTO search_deletion_keys (deletion_key, term, product_id, field, representation) VALUES ('агаан', 'цагаан', 14, 'brand', 'native');
INSERT OR IGNORE INTO search_deletion_keys (deletion_key, term, product_id, field, representation) VALUES ('цгаан', 'цагаан', 14, 'brand', 'native');
INSERT OR IGNORE INTO search_deletion_keys (deletion_key, term, product_id, field, representation) VALUES ('цааан', 'цагаан', 14, 'brand', 'native');
INSERT OR IGNORE INTO search_deletion_keys (deletion_key, term, product_id, field, representation) VALUES ('цаган', 'цагаан', 14, 'brand', 'native');
INSERT OR IGNORE INTO search_deletion_keys (deletion_key, term, product_id, field, representation) VALUES ('цагаа', 'цагаан', 14, 'brand', 'native');
INSERT OR IGNORE INTO search_terms (term, product_id, field, representation) VALUES ('tsagaan', 14, 'brand', 'strict');
INSERT OR IGNORE INTO search_deletion_keys (deletion_key, term, product_id, field, representation) VALUES ('tsagaan', 'tsagaan', 14, 'brand', 'strict');
INSERT OR IGNORE INTO search_deletion_keys (deletion_key, term, product_id, field, representation) VALUES ('sagaan', 'tsagaan', 14, 'brand', 'strict');
INSERT OR IGNORE INTO search_deletion_keys (deletion_key, term, product_id, field, representation) VALUES ('tagaan', 'tsagaan', 14, 'brand', 'strict');
INSERT OR IGNORE INTO search_deletion_keys (deletion_key, term, product_id, field, representation) VALUES ('tsgaan', 'tsagaan', 14, 'brand', 'strict');
INSERT OR IGNORE INTO search_deletion_keys (deletion_key, term, product_id, field, representation) VALUES ('tsaaan', 'tsagaan', 14, 'brand', 'strict');
INSERT OR IGNORE INTO search_deletion_keys (deletion_key, term, product_id, field, representation) VALUES ('tsagan', 'tsagaan', 14, 'brand', 'strict');
INSERT OR IGNORE INTO search_deletion_keys (deletion_key, term, product_id, field, representation) VALUES ('tsagaa', 'tsagaan', 14, 'brand', 'strict');
INSERT OR IGNORE INTO search_terms (term, product_id, field, representation) VALUES ('tsagaan', 14, 'brand', 'basic');
INSERT OR IGNORE INTO search_deletion_keys (deletion_key, term, product_id, field, representation) VALUES ('tsagaan', 'tsagaan', 14, 'brand', 'basic');
INSERT OR IGNORE INTO search_deletion_keys (deletion_key, term, product_id, field, representation) VALUES ('sagaan', 'tsagaan', 14, 'brand', 'basic');
INSERT OR IGNORE INTO search_deletion_keys (deletion_key, term, product_id, field, representation) VALUES ('tagaan', 'tsagaan', 14, 'brand', 'basic');
INSERT OR IGNORE INTO search_deletion_keys (deletion_key, term, product_id, field, representation) VALUES ('tsgaan', 'tsagaan', 14, 'brand', 'basic');
INSERT OR IGNORE INTO search_deletion_keys (deletion_key, term, product_id, field, representation) VALUES ('tsaaan', 'tsagaan', 14, 'brand', 'basic');
INSERT OR IGNORE INTO search_deletion_keys (deletion_key, term, product_id, field, representation) VALUES ('tsagan', 'tsagaan', 14, 'brand', 'basic');
INSERT OR IGNORE INTO search_deletion_keys (deletion_key, term, product_id, field, representation) VALUES ('tsagaa', 'tsagaan', 14, 'brand', 'basic');
INSERT OR IGNORE INTO search_terms (term, product_id, field, representation) VALUES ('гутал', 14, 'category', 'native');
INSERT OR IGNORE INTO search_deletion_keys (deletion_key, term, product_id, field, representation) VALUES ('гутал', 'гутал', 14, 'category', 'native');
INSERT OR IGNORE INTO search_deletion_keys (deletion_key, term, product_id, field, representation) VALUES ('утал', 'гутал', 14, 'category', 'native');
INSERT OR IGNORE INTO search_deletion_keys (deletion_key, term, product_id, field, representation) VALUES ('гтал', 'гутал', 14, 'category', 'native');
INSERT OR IGNORE INTO search_deletion_keys (deletion_key, term, product_id, field, representation) VALUES ('гуал', 'гутал', 14, 'category', 'native');
INSERT OR IGNORE INTO search_deletion_keys (deletion_key, term, product_id, field, representation) VALUES ('гутл', 'гутал', 14, 'category', 'native');
INSERT OR IGNORE INTO search_deletion_keys (deletion_key, term, product_id, field, representation) VALUES ('гута', 'гутал', 14, 'category', 'native');
INSERT OR IGNORE INTO search_terms (term, product_id, field, representation) VALUES ('gutal', 14, 'category', 'strict');
INSERT OR IGNORE INTO search_deletion_keys (deletion_key, term, product_id, field, representation) VALUES ('gutal', 'gutal', 14, 'category', 'strict');
INSERT OR IGNORE INTO search_deletion_keys (deletion_key, term, product_id, field, representation) VALUES ('utal', 'gutal', 14, 'category', 'strict');
INSERT OR IGNORE INTO search_deletion_keys (deletion_key, term, product_id, field, representation) VALUES ('gtal', 'gutal', 14, 'category', 'strict');
INSERT OR IGNORE INTO search_deletion_keys (deletion_key, term, product_id, field, representation) VALUES ('gual', 'gutal', 14, 'category', 'strict');
INSERT OR IGNORE INTO search_deletion_keys (deletion_key, term, product_id, field, representation) VALUES ('gutl', 'gutal', 14, 'category', 'strict');
INSERT OR IGNORE INTO search_deletion_keys (deletion_key, term, product_id, field, representation) VALUES ('guta', 'gutal', 14, 'category', 'strict');
INSERT OR IGNORE INTO search_terms (term, product_id, field, representation) VALUES ('gutal', 14, 'category', 'basic');
INSERT OR IGNORE INTO search_deletion_keys (deletion_key, term, product_id, field, representation) VALUES ('gutal', 'gutal', 14, 'category', 'basic');
INSERT OR IGNORE INTO search_deletion_keys (deletion_key, term, product_id, field, representation) VALUES ('utal', 'gutal', 14, 'category', 'basic');
INSERT OR IGNORE INTO search_deletion_keys (deletion_key, term, product_id, field, representation) VALUES ('gtal', 'gutal', 14, 'category', 'basic');
INSERT OR IGNORE INTO search_deletion_keys (deletion_key, term, product_id, field, representation) VALUES ('gual', 'gutal', 14, 'category', 'basic');
INSERT OR IGNORE INTO search_deletion_keys (deletion_key, term, product_id, field, representation) VALUES ('gutl', 'gutal', 14, 'category', 'basic');
INSERT OR IGNORE INTO search_deletion_keys (deletion_key, term, product_id, field, representation) VALUES ('guta', 'gutal', 14, 'category', 'basic');
INSERT INTO products (id, sku, sku_normalized, name, category, tags, price_mnt, strict_key, basic_key, brand, description, available, merchandising_position) VALUES (15, 'HV-Ү-015', 'hvү015', 'Үүргэвч аяллын', 'Цүнх', 'үүргэвч, аялал', 36500, 'үүргэвч аяллын цүнх үүргэвч аялал hv ү 015 üürgevch ayallyn tsünkh üürgevch ayalal hv ü 015', 'үүргэвч аяллын цүнх үүргэвч аялал hv ү 015 uurgevch aiallin tsunkh uurgevch aialal hv u 015', 'Нүүдэл', 'Цүнх зориулсан синтетик туршилтын бүтээгдэхүүн үүргэвч, аялал', 1, 15);
INSERT INTO product_search (product_id, name, category, tags, sku, strict_key, basic_key) VALUES (15, 'үүргэвч аяллын üürgevch ayallyn', 'цүнх tsünkh', 'үүргэвч аялал üürgevch ayalal', 'hv ү 015 hv ü 015', 'үүргэвч аяллын цүнх үүргэвч аялал hv ү 015 üürgevch ayallyn tsünkh üürgevch ayalal hv ü 015', 'үүргэвч аяллын цүнх үүргэвч аялал hv ү 015 uurgevch aiallin tsunkh uurgevch aialal hv u 015');
INSERT INTO product_search_tiered (product_id, native_key, strict_key, basic_key, sku_key) VALUES (15, 'үүргэвч аяллын цүнх үүргэвч аялал hv ү 015', 'ueuergevch ayallyn tsuenkh ueuergevch ayalal hv ue 015', 'uurgevch uirgevch iurgevch iirgevch ayallyn cunh cunkh cinh cinkh tsunh tsunkh tsinh tsinkh uurgevch uirgevch iurgevch iirgevch ayalal hv 015', 'hvү015');
INSERT INTO product_search_resilient (product_id, title_native, brand_native, category_native, tags_native, description_native, title_strict, brand_strict, category_strict, tags_strict, description_strict, title_basic, brand_basic, category_basic, tags_basic, description_basic) VALUES (15, 'үүргэвч аяллын', 'нүүдэл', 'цүнх', 'үүргэвч аялал', 'цүнх зориулсан синтетик туршилтын бүтээгдэхүүн үүргэвч аялал', 'ueuergevch ayallyn', 'nueuedel', 'tsuenkh', 'ueuergevch ayalal', 'tsuenkh zoriulsan sintetik turshiltyn bueteegdekhueuen ueuergevch ayalal', 'uurgevch uirgevch iurgevch iirgevch ayallyn', 'nuudel nuidel niudel niidel', 'cunh cunkh cinh cinkh tsunh tsunkh tsinh tsinkh', 'uurgevch uirgevch iurgevch iirgevch ayalal', 'cunh cunkh cinh cinkh tsunh tsunkh tsinh tsinkh zoriulsan sintetik turshiltyn buteegdehuun buteegdehuin buteegdehiun buteegdehiin buteegdekhuun buteegdekhuin buteegdekhiun buteegdekhiin uurgevch uirgevch iurgevch iirgevch ayalal');
INSERT OR IGNORE INTO search_terms (term, product_id, field, representation) VALUES ('үүргэвч', 15, 'title', 'native');
INSERT OR IGNORE INTO search_deletion_keys (deletion_key, term, product_id, field, representation) VALUES ('үүргэвч', 'үүргэвч', 15, 'title', 'native');
INSERT OR IGNORE INTO search_deletion_keys (deletion_key, term, product_id, field, representation) VALUES ('үргэвч', 'үүргэвч', 15, 'title', 'native');
INSERT OR IGNORE INTO search_deletion_keys (deletion_key, term, product_id, field, representation) VALUES ('үүгэвч', 'үүргэвч', 15, 'title', 'native');
INSERT OR IGNORE INTO search_deletion_keys (deletion_key, term, product_id, field, representation) VALUES ('үүрэвч', 'үүргэвч', 15, 'title', 'native');
INSERT OR IGNORE INTO search_deletion_keys (deletion_key, term, product_id, field, representation) VALUES ('үүргвч', 'үүргэвч', 15, 'title', 'native');
INSERT OR IGNORE INTO search_deletion_keys (deletion_key, term, product_id, field, representation) VALUES ('үүргэч', 'үүргэвч', 15, 'title', 'native');
INSERT OR IGNORE INTO search_deletion_keys (deletion_key, term, product_id, field, representation) VALUES ('үүргэв', 'үүргэвч', 15, 'title', 'native');
INSERT OR IGNORE INTO search_terms (term, product_id, field, representation) VALUES ('аяллын', 15, 'title', 'native');
INSERT OR IGNORE INTO search_deletion_keys (deletion_key, term, product_id, field, representation) VALUES ('аяллын', 'аяллын', 15, 'title', 'native');
INSERT OR IGNORE INTO search_deletion_keys (deletion_key, term, product_id, field, representation) VALUES ('яллын', 'аяллын', 15, 'title', 'native');
INSERT OR IGNORE INTO search_deletion_keys (deletion_key, term, product_id, field, representation) VALUES ('аллын', 'аяллын', 15, 'title', 'native');
INSERT OR IGNORE INTO search_deletion_keys (deletion_key, term, product_id, field, representation) VALUES ('аялын', 'аяллын', 15, 'title', 'native');
INSERT OR IGNORE INTO search_deletion_keys (deletion_key, term, product_id, field, representation) VALUES ('аяллн', 'аяллын', 15, 'title', 'native');
INSERT OR IGNORE INTO search_deletion_keys (deletion_key, term, product_id, field, representation) VALUES ('аяллы', 'аяллын', 15, 'title', 'native');
INSERT OR IGNORE INTO search_terms (term, product_id, field, representation) VALUES ('ueuergevch', 15, 'title', 'strict');
INSERT OR IGNORE INTO search_deletion_keys (deletion_key, term, product_id, field, representation) VALUES ('ueuergevch', 'ueuergevch', 15, 'title', 'strict');
INSERT OR IGNORE INTO search_deletion_keys (deletion_key, term, product_id, field, representation) VALUES ('euergevch', 'ueuergevch', 15, 'title', 'strict');
INSERT OR IGNORE INTO search_deletion_keys (deletion_key, term, product_id, field, representation) VALUES ('uuergevch', 'ueuergevch', 15, 'title', 'strict');
INSERT OR IGNORE INTO search_deletion_keys (deletion_key, term, product_id, field, representation) VALUES ('ueergevch', 'ueuergevch', 15, 'title', 'strict');
INSERT OR IGNORE INTO search_deletion_keys (deletion_key, term, product_id, field, representation) VALUES ('ueurgevch', 'ueuergevch', 15, 'title', 'strict');
INSERT OR IGNORE INTO search_deletion_keys (deletion_key, term, product_id, field, representation) VALUES ('ueuegevch', 'ueuergevch', 15, 'title', 'strict');
INSERT OR IGNORE INTO search_deletion_keys (deletion_key, term, product_id, field, representation) VALUES ('ueuerevch', 'ueuergevch', 15, 'title', 'strict');
INSERT OR IGNORE INTO search_deletion_keys (deletion_key, term, product_id, field, representation) VALUES ('ueuergvch', 'ueuergevch', 15, 'title', 'strict');
INSERT OR IGNORE INTO search_deletion_keys (deletion_key, term, product_id, field, representation) VALUES ('ueuergech', 'ueuergevch', 15, 'title', 'strict');
INSERT OR IGNORE INTO search_deletion_keys (deletion_key, term, product_id, field, representation) VALUES ('ueuergevh', 'ueuergevch', 15, 'title', 'strict');
INSERT OR IGNORE INTO search_deletion_keys (deletion_key, term, product_id, field, representation) VALUES ('ueuergevc', 'ueuergevch', 15, 'title', 'strict');
INSERT OR IGNORE INTO search_terms (term, product_id, field, representation) VALUES ('ayallyn', 15, 'title', 'strict');
INSERT OR IGNORE INTO search_deletion_keys (deletion_key, term, product_id, field, representation) VALUES ('ayallyn', 'ayallyn', 15, 'title', 'strict');
INSERT OR IGNORE INTO search_deletion_keys (deletion_key, term, product_id, field, representation) VALUES ('yallyn', 'ayallyn', 15, 'title', 'strict');
INSERT OR IGNORE INTO search_deletion_keys (deletion_key, term, product_id, field, representation) VALUES ('aallyn', 'ayallyn', 15, 'title', 'strict');
INSERT OR IGNORE INTO search_deletion_keys (deletion_key, term, product_id, field, representation) VALUES ('ayllyn', 'ayallyn', 15, 'title', 'strict');
INSERT OR IGNORE INTO search_deletion_keys (deletion_key, term, product_id, field, representation) VALUES ('ayalyn', 'ayallyn', 15, 'title', 'strict');
INSERT OR IGNORE INTO search_deletion_keys (deletion_key, term, product_id, field, representation) VALUES ('ayalln', 'ayallyn', 15, 'title', 'strict');
INSERT OR IGNORE INTO search_deletion_keys (deletion_key, term, product_id, field, representation) VALUES ('ayally', 'ayallyn', 15, 'title', 'strict');
INSERT OR IGNORE INTO search_terms (term, product_id, field, representation) VALUES ('uurgevch', 15, 'title', 'basic');
INSERT OR IGNORE INTO search_deletion_keys (deletion_key, term, product_id, field, representation) VALUES ('uurgevch', 'uurgevch', 15, 'title', 'basic');
INSERT OR IGNORE INTO search_deletion_keys (deletion_key, term, product_id, field, representation) VALUES ('urgevch', 'uurgevch', 15, 'title', 'basic');
INSERT OR IGNORE INTO search_deletion_keys (deletion_key, term, product_id, field, representation) VALUES ('uugevch', 'uurgevch', 15, 'title', 'basic');
INSERT OR IGNORE INTO search_deletion_keys (deletion_key, term, product_id, field, representation) VALUES ('uurevch', 'uurgevch', 15, 'title', 'basic');
INSERT OR IGNORE INTO search_deletion_keys (deletion_key, term, product_id, field, representation) VALUES ('uurgvch', 'uurgevch', 15, 'title', 'basic');
INSERT OR IGNORE INTO search_deletion_keys (deletion_key, term, product_id, field, representation) VALUES ('uurgech', 'uurgevch', 15, 'title', 'basic');
INSERT OR IGNORE INTO search_deletion_keys (deletion_key, term, product_id, field, representation) VALUES ('uurgevh', 'uurgevch', 15, 'title', 'basic');
INSERT OR IGNORE INTO search_deletion_keys (deletion_key, term, product_id, field, representation) VALUES ('uurgevc', 'uurgevch', 15, 'title', 'basic');
INSERT OR IGNORE INTO search_terms (term, product_id, field, representation) VALUES ('aiallin', 15, 'title', 'basic');
INSERT OR IGNORE INTO search_deletion_keys (deletion_key, term, product_id, field, representation) VALUES ('aiallin', 'aiallin', 15, 'title', 'basic');
INSERT OR IGNORE INTO search_deletion_keys (deletion_key, term, product_id, field, representation) VALUES ('iallin', 'aiallin', 15, 'title', 'basic');
INSERT OR IGNORE INTO search_deletion_keys (deletion_key, term, product_id, field, representation) VALUES ('aallin', 'aiallin', 15, 'title', 'basic');
INSERT OR IGNORE INTO search_deletion_keys (deletion_key, term, product_id, field, representation) VALUES ('aillin', 'aiallin', 15, 'title', 'basic');
INSERT OR IGNORE INTO search_deletion_keys (deletion_key, term, product_id, field, representation) VALUES ('aialin', 'aiallin', 15, 'title', 'basic');
INSERT OR IGNORE INTO search_deletion_keys (deletion_key, term, product_id, field, representation) VALUES ('aialln', 'aiallin', 15, 'title', 'basic');
INSERT OR IGNORE INTO search_deletion_keys (deletion_key, term, product_id, field, representation) VALUES ('aialli', 'aiallin', 15, 'title', 'basic');
INSERT OR IGNORE INTO search_terms (term, product_id, field, representation) VALUES ('нүүдэл', 15, 'brand', 'native');
INSERT OR IGNORE INTO search_deletion_keys (deletion_key, term, product_id, field, representation) VALUES ('нүүдэл', 'нүүдэл', 15, 'brand', 'native');
INSERT OR IGNORE INTO search_deletion_keys (deletion_key, term, product_id, field, representation) VALUES ('үүдэл', 'нүүдэл', 15, 'brand', 'native');
INSERT OR IGNORE INTO search_deletion_keys (deletion_key, term, product_id, field, representation) VALUES ('нүдэл', 'нүүдэл', 15, 'brand', 'native');
INSERT OR IGNORE INTO search_deletion_keys (deletion_key, term, product_id, field, representation) VALUES ('нүүэл', 'нүүдэл', 15, 'brand', 'native');
INSERT OR IGNORE INTO search_deletion_keys (deletion_key, term, product_id, field, representation) VALUES ('нүүдл', 'нүүдэл', 15, 'brand', 'native');
INSERT OR IGNORE INTO search_deletion_keys (deletion_key, term, product_id, field, representation) VALUES ('нүүдэ', 'нүүдэл', 15, 'brand', 'native');
INSERT OR IGNORE INTO search_terms (term, product_id, field, representation) VALUES ('nueuedel', 15, 'brand', 'strict');
INSERT OR IGNORE INTO search_deletion_keys (deletion_key, term, product_id, field, representation) VALUES ('nueuedel', 'nueuedel', 15, 'brand', 'strict');
INSERT OR IGNORE INTO search_deletion_keys (deletion_key, term, product_id, field, representation) VALUES ('ueuedel', 'nueuedel', 15, 'brand', 'strict');
INSERT OR IGNORE INTO search_deletion_keys (deletion_key, term, product_id, field, representation) VALUES ('neuedel', 'nueuedel', 15, 'brand', 'strict');
INSERT OR IGNORE INTO search_deletion_keys (deletion_key, term, product_id, field, representation) VALUES ('nuuedel', 'nueuedel', 15, 'brand', 'strict');
INSERT OR IGNORE INTO search_deletion_keys (deletion_key, term, product_id, field, representation) VALUES ('nueedel', 'nueuedel', 15, 'brand', 'strict');
INSERT OR IGNORE INTO search_deletion_keys (deletion_key, term, product_id, field, representation) VALUES ('nueudel', 'nueuedel', 15, 'brand', 'strict');
INSERT OR IGNORE INTO search_deletion_keys (deletion_key, term, product_id, field, representation) VALUES ('nueueel', 'nueuedel', 15, 'brand', 'strict');
INSERT OR IGNORE INTO search_deletion_keys (deletion_key, term, product_id, field, representation) VALUES ('nueuedl', 'nueuedel', 15, 'brand', 'strict');
INSERT OR IGNORE INTO search_deletion_keys (deletion_key, term, product_id, field, representation) VALUES ('nueuede', 'nueuedel', 15, 'brand', 'strict');
INSERT OR IGNORE INTO search_terms (term, product_id, field, representation) VALUES ('nuudel', 15, 'brand', 'basic');
INSERT OR IGNORE INTO search_deletion_keys (deletion_key, term, product_id, field, representation) VALUES ('nuudel', 'nuudel', 15, 'brand', 'basic');
INSERT OR IGNORE INTO search_deletion_keys (deletion_key, term, product_id, field, representation) VALUES ('uudel', 'nuudel', 15, 'brand', 'basic');
INSERT OR IGNORE INTO search_deletion_keys (deletion_key, term, product_id, field, representation) VALUES ('nudel', 'nuudel', 15, 'brand', 'basic');
INSERT OR IGNORE INTO search_deletion_keys (deletion_key, term, product_id, field, representation) VALUES ('nuuel', 'nuudel', 15, 'brand', 'basic');
INSERT OR IGNORE INTO search_deletion_keys (deletion_key, term, product_id, field, representation) VALUES ('nuudl', 'nuudel', 15, 'brand', 'basic');
INSERT OR IGNORE INTO search_deletion_keys (deletion_key, term, product_id, field, representation) VALUES ('nuude', 'nuudel', 15, 'brand', 'basic');
INSERT OR IGNORE INTO search_terms (term, product_id, field, representation) VALUES ('цүнх', 15, 'category', 'native');
INSERT OR IGNORE INTO search_deletion_keys (deletion_key, term, product_id, field, representation) VALUES ('цүнх', 'цүнх', 15, 'category', 'native');
INSERT OR IGNORE INTO search_deletion_keys (deletion_key, term, product_id, field, representation) VALUES ('үнх', 'цүнх', 15, 'category', 'native');
INSERT OR IGNORE INTO search_deletion_keys (deletion_key, term, product_id, field, representation) VALUES ('цнх', 'цүнх', 15, 'category', 'native');
INSERT OR IGNORE INTO search_deletion_keys (deletion_key, term, product_id, field, representation) VALUES ('цүх', 'цүнх', 15, 'category', 'native');
INSERT OR IGNORE INTO search_deletion_keys (deletion_key, term, product_id, field, representation) VALUES ('цүн', 'цүнх', 15, 'category', 'native');
INSERT OR IGNORE INTO search_terms (term, product_id, field, representation) VALUES ('tsuenkh', 15, 'category', 'strict');
INSERT OR IGNORE INTO search_deletion_keys (deletion_key, term, product_id, field, representation) VALUES ('tsuenkh', 'tsuenkh', 15, 'category', 'strict');
INSERT OR IGNORE INTO search_deletion_keys (deletion_key, term, product_id, field, representation) VALUES ('suenkh', 'tsuenkh', 15, 'category', 'strict');
INSERT OR IGNORE INTO search_deletion_keys (deletion_key, term, product_id, field, representation) VALUES ('tuenkh', 'tsuenkh', 15, 'category', 'strict');
INSERT OR IGNORE INTO search_deletion_keys (deletion_key, term, product_id, field, representation) VALUES ('tsenkh', 'tsuenkh', 15, 'category', 'strict');
INSERT OR IGNORE INTO search_deletion_keys (deletion_key, term, product_id, field, representation) VALUES ('tsunkh', 'tsuenkh', 15, 'category', 'strict');
INSERT OR IGNORE INTO search_deletion_keys (deletion_key, term, product_id, field, representation) VALUES ('tsuekh', 'tsuenkh', 15, 'category', 'strict');
INSERT OR IGNORE INTO search_deletion_keys (deletion_key, term, product_id, field, representation) VALUES ('tsuenh', 'tsuenkh', 15, 'category', 'strict');
INSERT OR IGNORE INTO search_deletion_keys (deletion_key, term, product_id, field, representation) VALUES ('tsuenk', 'tsuenkh', 15, 'category', 'strict');
INSERT OR IGNORE INTO search_terms (term, product_id, field, representation) VALUES ('tsunkh', 15, 'category', 'basic');
INSERT OR IGNORE INTO search_deletion_keys (deletion_key, term, product_id, field, representation) VALUES ('tsunkh', 'tsunkh', 15, 'category', 'basic');
INSERT OR IGNORE INTO search_deletion_keys (deletion_key, term, product_id, field, representation) VALUES ('sunkh', 'tsunkh', 15, 'category', 'basic');
INSERT OR IGNORE INTO search_deletion_keys (deletion_key, term, product_id, field, representation) VALUES ('tunkh', 'tsunkh', 15, 'category', 'basic');
INSERT OR IGNORE INTO search_deletion_keys (deletion_key, term, product_id, field, representation) VALUES ('tsnkh', 'tsunkh', 15, 'category', 'basic');
INSERT OR IGNORE INTO search_deletion_keys (deletion_key, term, product_id, field, representation) VALUES ('tsukh', 'tsunkh', 15, 'category', 'basic');
INSERT OR IGNORE INTO search_deletion_keys (deletion_key, term, product_id, field, representation) VALUES ('tsunh', 'tsunkh', 15, 'category', 'basic');
INSERT OR IGNORE INTO search_deletion_keys (deletion_key, term, product_id, field, representation) VALUES ('tsunk', 'tsunkh', 15, 'category', 'basic');
INSERT INTO products (id, sku, sku_normalized, name, category, tags, price_mnt, strict_key, basic_key, brand, description, available, merchandising_position) VALUES (16, 'HV-Ё-016', 'hvё016', 'Ёотон амттан', 'Хүнс', 'амттан, ёотон', 38250, 'ёотон амттан хүнс амттан ёотон hv ё 016 yooton amttan khüns amttan yooton hv yo 016', 'ёотон амттан хүнс амттан ёотон hv ё 016 iooton amttan khuns amttan iooton hv io 016', 'Талын Од', 'Хүнс зориулсан синтетик туршилтын бүтээгдэхүүн амттан, ёотон', 1, 16);
INSERT INTO product_search (product_id, name, category, tags, sku, strict_key, basic_key) VALUES (16, 'ёотон амттан yooton amttan', 'хүнс khüns', 'амттан ёотон amttan yooton', 'hv ё 016 hv yo 016', 'ёотон амттан хүнс амттан ёотон hv ё 016 yooton amttan khüns amttan yooton hv yo 016', 'ёотон амттан хүнс амттан ёотон hv ё 016 iooton amttan khuns amttan iooton hv io 016');
INSERT INTO product_search_tiered (product_id, native_key, strict_key, basic_key, sku_key) VALUES (16, 'ёотон амттан хүнс амттан ёотон hv ё 016', 'yooton amttan khuens amttan yooton hv yo 016', 'yooton eooton amttan huns hins khuns khins amttan yooton eooton hv 016', 'hvё016');
INSERT INTO product_search_resilient (product_id, title_native, brand_native, category_native, tags_native, description_native, title_strict, brand_strict, category_strict, tags_strict, description_strict, title_basic, brand_basic, category_basic, tags_basic, description_basic) VALUES (16, 'ёотон амттан', 'талын од', 'хүнс', 'амттан ёотон', 'хүнс зориулсан синтетик туршилтын бүтээгдэхүүн амттан ёотон', 'yooton amttan', 'talyn od', 'khuens', 'amttan yooton', 'khuens zoriulsan sintetik turshiltyn bueteegdekhueuen amttan yooton', 'yooton eooton amttan', 'talyn od', 'huns hins khuns khins', 'amttan yooton eooton', 'huns hins khuns khins zoriulsan sintetik turshiltyn buteegdehuun buteegdehuin buteegdehiun buteegdehiin buteegdekhuun buteegdekhuin buteegdekhiun buteegdekhiin amttan yooton eooton');
INSERT OR IGNORE INTO search_terms (term, product_id, field, representation) VALUES ('ёотон', 16, 'title', 'native');
INSERT OR IGNORE INTO search_deletion_keys (deletion_key, term, product_id, field, representation) VALUES ('ёотон', 'ёотон', 16, 'title', 'native');
INSERT OR IGNORE INTO search_deletion_keys (deletion_key, term, product_id, field, representation) VALUES ('отон', 'ёотон', 16, 'title', 'native');
INSERT OR IGNORE INTO search_deletion_keys (deletion_key, term, product_id, field, representation) VALUES ('ётон', 'ёотон', 16, 'title', 'native');
INSERT OR IGNORE INTO search_deletion_keys (deletion_key, term, product_id, field, representation) VALUES ('ёоон', 'ёотон', 16, 'title', 'native');
INSERT OR IGNORE INTO search_deletion_keys (deletion_key, term, product_id, field, representation) VALUES ('ёотн', 'ёотон', 16, 'title', 'native');
INSERT OR IGNORE INTO search_deletion_keys (deletion_key, term, product_id, field, representation) VALUES ('ёото', 'ёотон', 16, 'title', 'native');
INSERT OR IGNORE INTO search_terms (term, product_id, field, representation) VALUES ('амттан', 16, 'title', 'native');
INSERT OR IGNORE INTO search_deletion_keys (deletion_key, term, product_id, field, representation) VALUES ('амттан', 'амттан', 16, 'title', 'native');
INSERT OR IGNORE INTO search_deletion_keys (deletion_key, term, product_id, field, representation) VALUES ('мттан', 'амттан', 16, 'title', 'native');
INSERT OR IGNORE INTO search_deletion_keys (deletion_key, term, product_id, field, representation) VALUES ('аттан', 'амттан', 16, 'title', 'native');
INSERT OR IGNORE INTO search_deletion_keys (deletion_key, term, product_id, field, representation) VALUES ('амтан', 'амттан', 16, 'title', 'native');
INSERT OR IGNORE INTO search_deletion_keys (deletion_key, term, product_id, field, representation) VALUES ('амттн', 'амттан', 16, 'title', 'native');
INSERT OR IGNORE INTO search_deletion_keys (deletion_key, term, product_id, field, representation) VALUES ('амтта', 'амттан', 16, 'title', 'native');
INSERT OR IGNORE INTO search_terms (term, product_id, field, representation) VALUES ('yooton', 16, 'title', 'strict');
INSERT OR IGNORE INTO search_deletion_keys (deletion_key, term, product_id, field, representation) VALUES ('yooton', 'yooton', 16, 'title', 'strict');
INSERT OR IGNORE INTO search_deletion_keys (deletion_key, term, product_id, field, representation) VALUES ('ooton', 'yooton', 16, 'title', 'strict');
INSERT OR IGNORE INTO search_deletion_keys (deletion_key, term, product_id, field, representation) VALUES ('yoton', 'yooton', 16, 'title', 'strict');
INSERT OR IGNORE INTO search_deletion_keys (deletion_key, term, product_id, field, representation) VALUES ('yooon', 'yooton', 16, 'title', 'strict');
INSERT OR IGNORE INTO search_deletion_keys (deletion_key, term, product_id, field, representation) VALUES ('yootn', 'yooton', 16, 'title', 'strict');
INSERT OR IGNORE INTO search_deletion_keys (deletion_key, term, product_id, field, representation) VALUES ('yooto', 'yooton', 16, 'title', 'strict');
INSERT OR IGNORE INTO search_terms (term, product_id, field, representation) VALUES ('amttan', 16, 'title', 'strict');
INSERT OR IGNORE INTO search_deletion_keys (deletion_key, term, product_id, field, representation) VALUES ('amttan', 'amttan', 16, 'title', 'strict');
INSERT OR IGNORE INTO search_deletion_keys (deletion_key, term, product_id, field, representation) VALUES ('mttan', 'amttan', 16, 'title', 'strict');
INSERT OR IGNORE INTO search_deletion_keys (deletion_key, term, product_id, field, representation) VALUES ('attan', 'amttan', 16, 'title', 'strict');
INSERT OR IGNORE INTO search_deletion_keys (deletion_key, term, product_id, field, representation) VALUES ('amtan', 'amttan', 16, 'title', 'strict');
INSERT OR IGNORE INTO search_deletion_keys (deletion_key, term, product_id, field, representation) VALUES ('amttn', 'amttan', 16, 'title', 'strict');
INSERT OR IGNORE INTO search_deletion_keys (deletion_key, term, product_id, field, representation) VALUES ('amtta', 'amttan', 16, 'title', 'strict');
INSERT OR IGNORE INTO search_terms (term, product_id, field, representation) VALUES ('iooton', 16, 'title', 'basic');
INSERT OR IGNORE INTO search_deletion_keys (deletion_key, term, product_id, field, representation) VALUES ('iooton', 'iooton', 16, 'title', 'basic');
INSERT OR IGNORE INTO search_deletion_keys (deletion_key, term, product_id, field, representation) VALUES ('ooton', 'iooton', 16, 'title', 'basic');
INSERT OR IGNORE INTO search_deletion_keys (deletion_key, term, product_id, field, representation) VALUES ('ioton', 'iooton', 16, 'title', 'basic');
INSERT OR IGNORE INTO search_deletion_keys (deletion_key, term, product_id, field, representation) VALUES ('iooon', 'iooton', 16, 'title', 'basic');
INSERT OR IGNORE INTO search_deletion_keys (deletion_key, term, product_id, field, representation) VALUES ('iootn', 'iooton', 16, 'title', 'basic');
INSERT OR IGNORE INTO search_deletion_keys (deletion_key, term, product_id, field, representation) VALUES ('iooto', 'iooton', 16, 'title', 'basic');
INSERT OR IGNORE INTO search_terms (term, product_id, field, representation) VALUES ('amttan', 16, 'title', 'basic');
INSERT OR IGNORE INTO search_deletion_keys (deletion_key, term, product_id, field, representation) VALUES ('amttan', 'amttan', 16, 'title', 'basic');
INSERT OR IGNORE INTO search_deletion_keys (deletion_key, term, product_id, field, representation) VALUES ('mttan', 'amttan', 16, 'title', 'basic');
INSERT OR IGNORE INTO search_deletion_keys (deletion_key, term, product_id, field, representation) VALUES ('attan', 'amttan', 16, 'title', 'basic');
INSERT OR IGNORE INTO search_deletion_keys (deletion_key, term, product_id, field, representation) VALUES ('amtan', 'amttan', 16, 'title', 'basic');
INSERT OR IGNORE INTO search_deletion_keys (deletion_key, term, product_id, field, representation) VALUES ('amttn', 'amttan', 16, 'title', 'basic');
INSERT OR IGNORE INTO search_deletion_keys (deletion_key, term, product_id, field, representation) VALUES ('amtta', 'amttan', 16, 'title', 'basic');
INSERT OR IGNORE INTO search_terms (term, product_id, field, representation) VALUES ('талын', 16, 'brand', 'native');
INSERT OR IGNORE INTO search_deletion_keys (deletion_key, term, product_id, field, representation) VALUES ('талын', 'талын', 16, 'brand', 'native');
INSERT OR IGNORE INTO search_deletion_keys (deletion_key, term, product_id, field, representation) VALUES ('алын', 'талын', 16, 'brand', 'native');
INSERT OR IGNORE INTO search_deletion_keys (deletion_key, term, product_id, field, representation) VALUES ('тлын', 'талын', 16, 'brand', 'native');
INSERT OR IGNORE INTO search_deletion_keys (deletion_key, term, product_id, field, representation) VALUES ('таын', 'талын', 16, 'brand', 'native');
INSERT OR IGNORE INTO search_deletion_keys (deletion_key, term, product_id, field, representation) VALUES ('талн', 'талын', 16, 'brand', 'native');
INSERT OR IGNORE INTO search_deletion_keys (deletion_key, term, product_id, field, representation) VALUES ('талы', 'талын', 16, 'brand', 'native');
INSERT OR IGNORE INTO search_terms (term, product_id, field, representation) VALUES ('talyn', 16, 'brand', 'strict');
INSERT OR IGNORE INTO search_deletion_keys (deletion_key, term, product_id, field, representation) VALUES ('talyn', 'talyn', 16, 'brand', 'strict');
INSERT OR IGNORE INTO search_deletion_keys (deletion_key, term, product_id, field, representation) VALUES ('alyn', 'talyn', 16, 'brand', 'strict');
INSERT OR IGNORE INTO search_deletion_keys (deletion_key, term, product_id, field, representation) VALUES ('tlyn', 'talyn', 16, 'brand', 'strict');
INSERT OR IGNORE INTO search_deletion_keys (deletion_key, term, product_id, field, representation) VALUES ('tayn', 'talyn', 16, 'brand', 'strict');
INSERT OR IGNORE INTO search_deletion_keys (deletion_key, term, product_id, field, representation) VALUES ('taln', 'talyn', 16, 'brand', 'strict');
INSERT OR IGNORE INTO search_deletion_keys (deletion_key, term, product_id, field, representation) VALUES ('taly', 'talyn', 16, 'brand', 'strict');
INSERT OR IGNORE INTO search_terms (term, product_id, field, representation) VALUES ('talin', 16, 'brand', 'basic');
INSERT OR IGNORE INTO search_deletion_keys (deletion_key, term, product_id, field, representation) VALUES ('talin', 'talin', 16, 'brand', 'basic');
INSERT OR IGNORE INTO search_deletion_keys (deletion_key, term, product_id, field, representation) VALUES ('alin', 'talin', 16, 'brand', 'basic');
INSERT OR IGNORE INTO search_deletion_keys (deletion_key, term, product_id, field, representation) VALUES ('tlin', 'talin', 16, 'brand', 'basic');
INSERT OR IGNORE INTO search_deletion_keys (deletion_key, term, product_id, field, representation) VALUES ('tain', 'talin', 16, 'brand', 'basic');
INSERT OR IGNORE INTO search_deletion_keys (deletion_key, term, product_id, field, representation) VALUES ('taln', 'talin', 16, 'brand', 'basic');
INSERT OR IGNORE INTO search_deletion_keys (deletion_key, term, product_id, field, representation) VALUES ('tali', 'talin', 16, 'brand', 'basic');
INSERT OR IGNORE INTO search_terms (term, product_id, field, representation) VALUES ('хүнс', 16, 'category', 'native');
INSERT OR IGNORE INTO search_deletion_keys (deletion_key, term, product_id, field, representation) VALUES ('хүнс', 'хүнс', 16, 'category', 'native');
INSERT OR IGNORE INTO search_deletion_keys (deletion_key, term, product_id, field, representation) VALUES ('үнс', 'хүнс', 16, 'category', 'native');
INSERT OR IGNORE INTO search_deletion_keys (deletion_key, term, product_id, field, representation) VALUES ('хнс', 'хүнс', 16, 'category', 'native');
INSERT OR IGNORE INTO search_deletion_keys (deletion_key, term, product_id, field, representation) VALUES ('хүс', 'хүнс', 16, 'category', 'native');
INSERT OR IGNORE INTO search_deletion_keys (deletion_key, term, product_id, field, representation) VALUES ('хүн', 'хүнс', 16, 'category', 'native');
INSERT OR IGNORE INTO search_terms (term, product_id, field, representation) VALUES ('khuens', 16, 'category', 'strict');
INSERT OR IGNORE INTO search_deletion_keys (deletion_key, term, product_id, field, representation) VALUES ('khuens', 'khuens', 16, 'category', 'strict');
INSERT OR IGNORE INTO search_deletion_keys (deletion_key, term, product_id, field, representation) VALUES ('huens', 'khuens', 16, 'category', 'strict');
INSERT OR IGNORE INTO search_deletion_keys (deletion_key, term, product_id, field, representation) VALUES ('kuens', 'khuens', 16, 'category', 'strict');
INSERT OR IGNORE INTO search_deletion_keys (deletion_key, term, product_id, field, representation) VALUES ('khens', 'khuens', 16, 'category', 'strict');
INSERT OR IGNORE INTO search_deletion_keys (deletion_key, term, product_id, field, representation) VALUES ('khuns', 'khuens', 16, 'category', 'strict');
INSERT OR IGNORE INTO search_deletion_keys (deletion_key, term, product_id, field, representation) VALUES ('khues', 'khuens', 16, 'category', 'strict');
INSERT OR IGNORE INTO search_deletion_keys (deletion_key, term, product_id, field, representation) VALUES ('khuen', 'khuens', 16, 'category', 'strict');
INSERT OR IGNORE INTO search_terms (term, product_id, field, representation) VALUES ('khuns', 16, 'category', 'basic');
INSERT OR IGNORE INTO search_deletion_keys (deletion_key, term, product_id, field, representation) VALUES ('khuns', 'khuns', 16, 'category', 'basic');
INSERT OR IGNORE INTO search_deletion_keys (deletion_key, term, product_id, field, representation) VALUES ('huns', 'khuns', 16, 'category', 'basic');
INSERT OR IGNORE INTO search_deletion_keys (deletion_key, term, product_id, field, representation) VALUES ('kuns', 'khuns', 16, 'category', 'basic');
INSERT OR IGNORE INTO search_deletion_keys (deletion_key, term, product_id, field, representation) VALUES ('khns', 'khuns', 16, 'category', 'basic');
INSERT OR IGNORE INTO search_deletion_keys (deletion_key, term, product_id, field, representation) VALUES ('khus', 'khuns', 16, 'category', 'basic');
INSERT OR IGNORE INTO search_deletion_keys (deletion_key, term, product_id, field, representation) VALUES ('khun', 'khuns', 16, 'category', 'basic');
INSERT INTO products (id, sku, sku_normalized, name, category, tags, price_mnt, strict_key, basic_key, brand, description, available, merchandising_position) VALUES (17, 'HV-Ц-017', 'hvц017', 'Цайны аяга', 'Гэр ахуй', 'цай, аяга', 40000, 'цайны аяга гэр ахуй цай аяга hv ц 017 tsayny ayaga ger akhuy tsay ayaga hv ts 017', 'цайны аяга гэр ахуй цай аяга hv ц 017 tsaini aiaga ger akhui tsai aiaga hv ts 017', 'Хөх Тэнгэр', 'Гэр ахуй зориулсан синтетик туршилтын бүтээгдэхүүн цай, аяга', 1, 17);
INSERT INTO product_search (product_id, name, category, tags, sku, strict_key, basic_key) VALUES (17, 'цайны аяга tsayny ayaga', 'гэр ахуй ger akhuy', 'цай аяга tsay ayaga', 'hv ц 017 hv ts 017', 'цайны аяга гэр ахуй цай аяга hv ц 017 tsayny ayaga ger akhuy tsay ayaga hv ts 017', 'цайны аяга гэр ахуй цай аяга hv ц 017 tsaini aiaga ger akhui tsai aiaga hv ts 017');
INSERT INTO product_search_tiered (product_id, native_key, strict_key, basic_key, sku_key) VALUES (17, 'цайны аяга гэр ахуй цай аяга hv ц 017', 'tsayny ayaga ger akhuy tsay ayaga hv ts 017', 'cainy cayny tsainy tsayny ayaga ger ahui ahuy akhui akhuy cai cay tsai tsay ayaga hv 017', 'hvц017');
INSERT INTO product_search_resilient (product_id, title_native, brand_native, category_native, tags_native, description_native, title_strict, brand_strict, category_strict, tags_strict, description_strict, title_basic, brand_basic, category_basic, tags_basic, description_basic) VALUES (17, 'цайны аяга', 'хөх тэнгэр', 'гэр ахуй', 'цай аяга', 'гэр ахуй зориулсан синтетик туршилтын бүтээгдэхүүн цай аяга', 'tsayny ayaga', 'khoekh tenger', 'ger akhuy', 'tsay ayaga', 'ger akhuy zoriulsan sintetik turshiltyn bueteegdekhueuen tsay ayaga', 'cainy cayny tsainy tsayny ayaga', 'hoh hokh huh hukh khoh khokh khuh khukh tenger', 'ger ahui ahuy akhui akhuy', 'cai cay tsai tsay ayaga', 'ger ahui ahuy akhui akhuy zoriulsan sintetik turshiltyn buteegdehuun buteegdehuin buteegdehiun buteegdehiin buteegdekhuun buteegdekhuin buteegdekhiun buteegdekhiin cai cay tsai tsay ayaga');
INSERT OR IGNORE INTO search_terms (term, product_id, field, representation) VALUES ('цайны', 17, 'title', 'native');
INSERT OR IGNORE INTO search_deletion_keys (deletion_key, term, product_id, field, representation) VALUES ('цайны', 'цайны', 17, 'title', 'native');
INSERT OR IGNORE INTO search_deletion_keys (deletion_key, term, product_id, field, representation) VALUES ('айны', 'цайны', 17, 'title', 'native');
INSERT OR IGNORE INTO search_deletion_keys (deletion_key, term, product_id, field, representation) VALUES ('цйны', 'цайны', 17, 'title', 'native');
INSERT OR IGNORE INTO search_deletion_keys (deletion_key, term, product_id, field, representation) VALUES ('цаны', 'цайны', 17, 'title', 'native');
INSERT OR IGNORE INTO search_deletion_keys (deletion_key, term, product_id, field, representation) VALUES ('цайы', 'цайны', 17, 'title', 'native');
INSERT OR IGNORE INTO search_deletion_keys (deletion_key, term, product_id, field, representation) VALUES ('цайн', 'цайны', 17, 'title', 'native');
INSERT OR IGNORE INTO search_terms (term, product_id, field, representation) VALUES ('аяга', 17, 'title', 'native');
INSERT OR IGNORE INTO search_deletion_keys (deletion_key, term, product_id, field, representation) VALUES ('аяга', 'аяга', 17, 'title', 'native');
INSERT OR IGNORE INTO search_deletion_keys (deletion_key, term, product_id, field, representation) VALUES ('яга', 'аяга', 17, 'title', 'native');
INSERT OR IGNORE INTO search_deletion_keys (deletion_key, term, product_id, field, representation) VALUES ('ага', 'аяга', 17, 'title', 'native');
INSERT OR IGNORE INTO search_deletion_keys (deletion_key, term, product_id, field, representation) VALUES ('аяа', 'аяга', 17, 'title', 'native');
INSERT OR IGNORE INTO search_deletion_keys (deletion_key, term, product_id, field, representation) VALUES ('аяг', 'аяга', 17, 'title', 'native');
INSERT OR IGNORE INTO search_terms (term, product_id, field, representation) VALUES ('tsayny', 17, 'title', 'strict');
INSERT OR IGNORE INTO search_deletion_keys (deletion_key, term, product_id, field, representation) VALUES ('tsayny', 'tsayny', 17, 'title', 'strict');
INSERT OR IGNORE INTO search_deletion_keys (deletion_key, term, product_id, field, representation) VALUES ('sayny', 'tsayny', 17, 'title', 'strict');
INSERT OR IGNORE INTO search_deletion_keys (deletion_key, term, product_id, field, representation) VALUES ('tayny', 'tsayny', 17, 'title', 'strict');
INSERT OR IGNORE INTO search_deletion_keys (deletion_key, term, product_id, field, representation) VALUES ('tsyny', 'tsayny', 17, 'title', 'strict');
INSERT OR IGNORE INTO search_deletion_keys (deletion_key, term, product_id, field, representation) VALUES ('tsany', 'tsayny', 17, 'title', 'strict');
INSERT OR IGNORE INTO search_deletion_keys (deletion_key, term, product_id, field, representation) VALUES ('tsayy', 'tsayny', 17, 'title', 'strict');
INSERT OR IGNORE INTO search_deletion_keys (deletion_key, term, product_id, field, representation) VALUES ('tsayn', 'tsayny', 17, 'title', 'strict');
INSERT OR IGNORE INTO search_terms (term, product_id, field, representation) VALUES ('ayaga', 17, 'title', 'strict');
INSERT OR IGNORE INTO search_deletion_keys (deletion_key, term, product_id, field, representation) VALUES ('ayaga', 'ayaga', 17, 'title', 'strict');
INSERT OR IGNORE INTO search_deletion_keys (deletion_key, term, product_id, field, representation) VALUES ('yaga', 'ayaga', 17, 'title', 'strict');
INSERT OR IGNORE INTO search_deletion_keys (deletion_key, term, product_id, field, representation) VALUES ('aaga', 'ayaga', 17, 'title', 'strict');
INSERT OR IGNORE INTO search_deletion_keys (deletion_key, term, product_id, field, representation) VALUES ('ayga', 'ayaga', 17, 'title', 'strict');
INSERT OR IGNORE INTO search_deletion_keys (deletion_key, term, product_id, field, representation) VALUES ('ayaa', 'ayaga', 17, 'title', 'strict');
INSERT OR IGNORE INTO search_deletion_keys (deletion_key, term, product_id, field, representation) VALUES ('ayag', 'ayaga', 17, 'title', 'strict');
INSERT OR IGNORE INTO search_terms (term, product_id, field, representation) VALUES ('tsaini', 17, 'title', 'basic');
INSERT OR IGNORE INTO search_deletion_keys (deletion_key, term, product_id, field, representation) VALUES ('tsaini', 'tsaini', 17, 'title', 'basic');
INSERT OR IGNORE INTO search_deletion_keys (deletion_key, term, product_id, field, representation) VALUES ('saini', 'tsaini', 17, 'title', 'basic');
INSERT OR IGNORE INTO search_deletion_keys (deletion_key, term, product_id, field, representation) VALUES ('taini', 'tsaini', 17, 'title', 'basic');
INSERT OR IGNORE INTO search_deletion_keys (deletion_key, term, product_id, field, representation) VALUES ('tsini', 'tsaini', 17, 'title', 'basic');
INSERT OR IGNORE INTO search_deletion_keys (deletion_key, term, product_id, field, representation) VALUES ('tsani', 'tsaini', 17, 'title', 'basic');
INSERT OR IGNORE INTO search_deletion_keys (deletion_key, term, product_id, field, representation) VALUES ('tsaii', 'tsaini', 17, 'title', 'basic');
INSERT OR IGNORE INTO search_deletion_keys (deletion_key, term, product_id, field, representation) VALUES ('tsain', 'tsaini', 17, 'title', 'basic');
INSERT OR IGNORE INTO search_terms (term, product_id, field, representation) VALUES ('aiaga', 17, 'title', 'basic');
INSERT OR IGNORE INTO search_deletion_keys (deletion_key, term, product_id, field, representation) VALUES ('aiaga', 'aiaga', 17, 'title', 'basic');
INSERT OR IGNORE INTO search_deletion_keys (deletion_key, term, product_id, field, representation) VALUES ('iaga', 'aiaga', 17, 'title', 'basic');
INSERT OR IGNORE INTO search_deletion_keys (deletion_key, term, product_id, field, representation) VALUES ('aaga', 'aiaga', 17, 'title', 'basic');
INSERT OR IGNORE INTO search_deletion_keys (deletion_key, term, product_id, field, representation) VALUES ('aiga', 'aiaga', 17, 'title', 'basic');
INSERT OR IGNORE INTO search_deletion_keys (deletion_key, term, product_id, field, representation) VALUES ('aiaa', 'aiaga', 17, 'title', 'basic');
INSERT OR IGNORE INTO search_deletion_keys (deletion_key, term, product_id, field, representation) VALUES ('aiag', 'aiaga', 17, 'title', 'basic');
INSERT OR IGNORE INTO search_terms (term, product_id, field, representation) VALUES ('тэнгэр', 17, 'brand', 'native');
INSERT OR IGNORE INTO search_deletion_keys (deletion_key, term, product_id, field, representation) VALUES ('тэнгэр', 'тэнгэр', 17, 'brand', 'native');
INSERT OR IGNORE INTO search_deletion_keys (deletion_key, term, product_id, field, representation) VALUES ('энгэр', 'тэнгэр', 17, 'brand', 'native');
INSERT OR IGNORE INTO search_deletion_keys (deletion_key, term, product_id, field, representation) VALUES ('тнгэр', 'тэнгэр', 17, 'brand', 'native');
INSERT OR IGNORE INTO search_deletion_keys (deletion_key, term, product_id, field, representation) VALUES ('тэгэр', 'тэнгэр', 17, 'brand', 'native');
INSERT OR IGNORE INTO search_deletion_keys (deletion_key, term, product_id, field, representation) VALUES ('тэнэр', 'тэнгэр', 17, 'brand', 'native');
INSERT OR IGNORE INTO search_deletion_keys (deletion_key, term, product_id, field, representation) VALUES ('тэнгр', 'тэнгэр', 17, 'brand', 'native');
INSERT OR IGNORE INTO search_deletion_keys (deletion_key, term, product_id, field, representation) VALUES ('тэнгэ', 'тэнгэр', 17, 'brand', 'native');
INSERT OR IGNORE INTO search_terms (term, product_id, field, representation) VALUES ('khoekh', 17, 'brand', 'strict');
INSERT OR IGNORE INTO search_deletion_keys (deletion_key, term, product_id, field, representation) VALUES ('khoekh', 'khoekh', 17, 'brand', 'strict');
INSERT OR IGNORE INTO search_deletion_keys (deletion_key, term, product_id, field, representation) VALUES ('hoekh', 'khoekh', 17, 'brand', 'strict');
INSERT OR IGNORE INTO search_deletion_keys (deletion_key, term, product_id, field, representation) VALUES ('koekh', 'khoekh', 17, 'brand', 'strict');
INSERT OR IGNORE INTO search_deletion_keys (deletion_key, term, product_id, field, representation) VALUES ('khekh', 'khoekh', 17, 'brand', 'strict');
INSERT OR IGNORE INTO search_deletion_keys (deletion_key, term, product_id, field, representation) VALUES ('khokh', 'khoekh', 17, 'brand', 'strict');
INSERT OR IGNORE INTO search_deletion_keys (deletion_key, term, product_id, field, representation) VALUES ('khoeh', 'khoekh', 17, 'brand', 'strict');
INSERT OR IGNORE INTO search_deletion_keys (deletion_key, term, product_id, field, representation) VALUES ('khoek', 'khoekh', 17, 'brand', 'strict');
INSERT OR IGNORE INTO search_terms (term, product_id, field, representation) VALUES ('tenger', 17, 'brand', 'strict');
INSERT OR IGNORE INTO search_deletion_keys (deletion_key, term, product_id, field, representation) VALUES ('tenger', 'tenger', 17, 'brand', 'strict');
INSERT OR IGNORE INTO search_deletion_keys (deletion_key, term, product_id, field, representation) VALUES ('enger', 'tenger', 17, 'brand', 'strict');
INSERT OR IGNORE INTO search_deletion_keys (deletion_key, term, product_id, field, representation) VALUES ('tnger', 'tenger', 17, 'brand', 'strict');
INSERT OR IGNORE INTO search_deletion_keys (deletion_key, term, product_id, field, representation) VALUES ('teger', 'tenger', 17, 'brand', 'strict');
INSERT OR IGNORE INTO search_deletion_keys (deletion_key, term, product_id, field, representation) VALUES ('tener', 'tenger', 17, 'brand', 'strict');
INSERT OR IGNORE INTO search_deletion_keys (deletion_key, term, product_id, field, representation) VALUES ('tengr', 'tenger', 17, 'brand', 'strict');
INSERT OR IGNORE INTO search_deletion_keys (deletion_key, term, product_id, field, representation) VALUES ('tenge', 'tenger', 17, 'brand', 'strict');
INSERT OR IGNORE INTO search_terms (term, product_id, field, representation) VALUES ('khokh', 17, 'brand', 'basic');
INSERT OR IGNORE INTO search_deletion_keys (deletion_key, term, product_id, field, representation) VALUES ('khokh', 'khokh', 17, 'brand', 'basic');
INSERT OR IGNORE INTO search_deletion_keys (deletion_key, term, product_id, field, representation) VALUES ('hokh', 'khokh', 17, 'brand', 'basic');
INSERT OR IGNORE INTO search_deletion_keys (deletion_key, term, product_id, field, representation) VALUES ('kokh', 'khokh', 17, 'brand', 'basic');
INSERT OR IGNORE INTO search_deletion_keys (deletion_key, term, product_id, field, representation) VALUES ('khkh', 'khokh', 17, 'brand', 'basic');
INSERT OR IGNORE INTO search_deletion_keys (deletion_key, term, product_id, field, representation) VALUES ('khoh', 'khokh', 17, 'brand', 'basic');
INSERT OR IGNORE INTO search_deletion_keys (deletion_key, term, product_id, field, representation) VALUES ('khok', 'khokh', 17, 'brand', 'basic');
INSERT OR IGNORE INTO search_terms (term, product_id, field, representation) VALUES ('tenger', 17, 'brand', 'basic');
INSERT OR IGNORE INTO search_deletion_keys (deletion_key, term, product_id, field, representation) VALUES ('tenger', 'tenger', 17, 'brand', 'basic');
INSERT OR IGNORE INTO search_deletion_keys (deletion_key, term, product_id, field, representation) VALUES ('enger', 'tenger', 17, 'brand', 'basic');
INSERT OR IGNORE INTO search_deletion_keys (deletion_key, term, product_id, field, representation) VALUES ('tnger', 'tenger', 17, 'brand', 'basic');
INSERT OR IGNORE INTO search_deletion_keys (deletion_key, term, product_id, field, representation) VALUES ('teger', 'tenger', 17, 'brand', 'basic');
INSERT OR IGNORE INTO search_deletion_keys (deletion_key, term, product_id, field, representation) VALUES ('tener', 'tenger', 17, 'brand', 'basic');
INSERT OR IGNORE INTO search_deletion_keys (deletion_key, term, product_id, field, representation) VALUES ('tengr', 'tenger', 17, 'brand', 'basic');
INSERT OR IGNORE INTO search_deletion_keys (deletion_key, term, product_id, field, representation) VALUES ('tenge', 'tenger', 17, 'brand', 'basic');
INSERT OR IGNORE INTO search_terms (term, product_id, field, representation) VALUES ('ахуй', 17, 'category', 'native');
INSERT OR IGNORE INTO search_deletion_keys (deletion_key, term, product_id, field, representation) VALUES ('ахуй', 'ахуй', 17, 'category', 'native');
INSERT OR IGNORE INTO search_deletion_keys (deletion_key, term, product_id, field, representation) VALUES ('хуй', 'ахуй', 17, 'category', 'native');
INSERT OR IGNORE INTO search_deletion_keys (deletion_key, term, product_id, field, representation) VALUES ('ауй', 'ахуй', 17, 'category', 'native');
INSERT OR IGNORE INTO search_deletion_keys (deletion_key, term, product_id, field, representation) VALUES ('ахй', 'ахуй', 17, 'category', 'native');
INSERT OR IGNORE INTO search_deletion_keys (deletion_key, term, product_id, field, representation) VALUES ('аху', 'ахуй', 17, 'category', 'native');
INSERT OR IGNORE INTO search_terms (term, product_id, field, representation) VALUES ('akhuy', 17, 'category', 'strict');
INSERT OR IGNORE INTO search_deletion_keys (deletion_key, term, product_id, field, representation) VALUES ('akhuy', 'akhuy', 17, 'category', 'strict');
INSERT OR IGNORE INTO search_deletion_keys (deletion_key, term, product_id, field, representation) VALUES ('khuy', 'akhuy', 17, 'category', 'strict');
INSERT OR IGNORE INTO search_deletion_keys (deletion_key, term, product_id, field, representation) VALUES ('ahuy', 'akhuy', 17, 'category', 'strict');
INSERT OR IGNORE INTO search_deletion_keys (deletion_key, term, product_id, field, representation) VALUES ('akuy', 'akhuy', 17, 'category', 'strict');
INSERT OR IGNORE INTO search_deletion_keys (deletion_key, term, product_id, field, representation) VALUES ('akhy', 'akhuy', 17, 'category', 'strict');
INSERT OR IGNORE INTO search_deletion_keys (deletion_key, term, product_id, field, representation) VALUES ('akhu', 'akhuy', 17, 'category', 'strict');
INSERT OR IGNORE INTO search_terms (term, product_id, field, representation) VALUES ('akhui', 17, 'category', 'basic');
INSERT OR IGNORE INTO search_deletion_keys (deletion_key, term, product_id, field, representation) VALUES ('akhui', 'akhui', 17, 'category', 'basic');
INSERT OR IGNORE INTO search_deletion_keys (deletion_key, term, product_id, field, representation) VALUES ('khui', 'akhui', 17, 'category', 'basic');
INSERT OR IGNORE INTO search_deletion_keys (deletion_key, term, product_id, field, representation) VALUES ('ahui', 'akhui', 17, 'category', 'basic');
INSERT OR IGNORE INTO search_deletion_keys (deletion_key, term, product_id, field, representation) VALUES ('akui', 'akhui', 17, 'category', 'basic');
INSERT OR IGNORE INTO search_deletion_keys (deletion_key, term, product_id, field, representation) VALUES ('akhi', 'akhui', 17, 'category', 'basic');
INSERT OR IGNORE INTO search_deletion_keys (deletion_key, term, product_id, field, representation) VALUES ('akhu', 'akhui', 17, 'category', 'basic');
INSERT INTO products (id, sku, sku_normalized, name, category, tags, price_mnt, strict_key, basic_key, brand, description, available, merchandising_position) VALUES (18, 'HV-Ч-018', 'hvч018', 'Чулуун аяга', 'Гэр ахуй', 'чулуу, аяга', 41750, 'чулуун аяга гэр ахуй чулуу аяга hv ч 018 chuluun ayaga ger akhuy chuluu ayaga hv ch 018', 'чулуун аяга гэр ахуй чулуу аяга hv ч 018 chuluun aiaga ger akhui chuluu aiaga hv ch 018', 'Алтан Өргөө', 'Гэр ахуй зориулсан синтетик туршилтын бүтээгдэхүүн чулуу, аяга', 1, 18);
INSERT INTO product_search (product_id, name, category, tags, sku, strict_key, basic_key) VALUES (18, 'чулуун аяга chuluun ayaga', 'гэр ахуй ger akhuy', 'чулуу аяга chuluu ayaga', 'hv ч 018 hv ch 018', 'чулуун аяга гэр ахуй чулуу аяга hv ч 018 chuluun ayaga ger akhuy chuluu ayaga hv ch 018', 'чулуун аяга гэр ахуй чулуу аяга hv ч 018 chuluun aiaga ger akhui chuluu aiaga hv ch 018');
INSERT INTO product_search_tiered (product_id, native_key, strict_key, basic_key, sku_key) VALUES (18, 'чулуун аяга гэр ахуй чулуу аяга hv ч 018', 'chuluun ayaga ger akhuy chuluu ayaga hv ch 018', 'chuluun ayaga ger ahui ahuy akhui akhuy chuluu ayaga hv 018', 'hvч018');
INSERT INTO product_search_resilient (product_id, title_native, brand_native, category_native, tags_native, description_native, title_strict, brand_strict, category_strict, tags_strict, description_strict, title_basic, brand_basic, category_basic, tags_basic, description_basic) VALUES (18, 'чулуун аяга', 'алтан өргөө', 'гэр ахуй', 'чулуу аяга', 'гэр ахуй зориулсан синтетик туршилтын бүтээгдэхүүн чулуу аяга', 'chuluun ayaga', 'altan oergoeoe', 'ger akhuy', 'chuluu ayaga', 'ger akhuy zoriulsan sintetik turshiltyn bueteegdekhueuen chuluu ayaga', 'chuluun ayaga', 'altan orgoo orgou orguo orguu urgoo urgou urguo urguu', 'ger ahui ahuy akhui akhuy', 'chuluu ayaga', 'ger ahui ahuy akhui akhuy zoriulsan sintetik turshiltyn buteegdehuun buteegdehuin buteegdehiun buteegdehiin buteegdekhuun buteegdekhuin buteegdekhiun buteegdekhiin chuluu ayaga');
INSERT OR IGNORE INTO search_terms (term, product_id, field, representation) VALUES ('чулуун', 18, 'title', 'native');
INSERT OR IGNORE INTO search_deletion_keys (deletion_key, term, product_id, field, representation) VALUES ('чулуун', 'чулуун', 18, 'title', 'native');
INSERT OR IGNORE INTO search_deletion_keys (deletion_key, term, product_id, field, representation) VALUES ('улуун', 'чулуун', 18, 'title', 'native');
INSERT OR IGNORE INTO search_deletion_keys (deletion_key, term, product_id, field, representation) VALUES ('члуун', 'чулуун', 18, 'title', 'native');
INSERT OR IGNORE INTO search_deletion_keys (deletion_key, term, product_id, field, representation) VALUES ('чууун', 'чулуун', 18, 'title', 'native');
INSERT OR IGNORE INTO search_deletion_keys (deletion_key, term, product_id, field, representation) VALUES ('чулун', 'чулуун', 18, 'title', 'native');
INSERT OR IGNORE INTO search_deletion_keys (deletion_key, term, product_id, field, representation) VALUES ('чулуу', 'чулуун', 18, 'title', 'native');
INSERT OR IGNORE INTO search_terms (term, product_id, field, representation) VALUES ('аяга', 18, 'title', 'native');
INSERT OR IGNORE INTO search_deletion_keys (deletion_key, term, product_id, field, representation) VALUES ('аяга', 'аяга', 18, 'title', 'native');
INSERT OR IGNORE INTO search_deletion_keys (deletion_key, term, product_id, field, representation) VALUES ('яга', 'аяга', 18, 'title', 'native');
INSERT OR IGNORE INTO search_deletion_keys (deletion_key, term, product_id, field, representation) VALUES ('ага', 'аяга', 18, 'title', 'native');
INSERT OR IGNORE INTO search_deletion_keys (deletion_key, term, product_id, field, representation) VALUES ('аяа', 'аяга', 18, 'title', 'native');
INSERT OR IGNORE INTO search_deletion_keys (deletion_key, term, product_id, field, representation) VALUES ('аяг', 'аяга', 18, 'title', 'native');
INSERT OR IGNORE INTO search_terms (term, product_id, field, representation) VALUES ('chuluun', 18, 'title', 'strict');
INSERT OR IGNORE INTO search_deletion_keys (deletion_key, term, product_id, field, representation) VALUES ('chuluun', 'chuluun', 18, 'title', 'strict');
INSERT OR IGNORE INTO search_deletion_keys (deletion_key, term, product_id, field, representation) VALUES ('huluun', 'chuluun', 18, 'title', 'strict');
INSERT OR IGNORE INTO search_deletion_keys (deletion_key, term, product_id, field, representation) VALUES ('culuun', 'chuluun', 18, 'title', 'strict');
INSERT OR IGNORE INTO search_deletion_keys (deletion_key, term, product_id, field, representation) VALUES ('chluun', 'chuluun', 18, 'title', 'strict');
INSERT OR IGNORE INTO search_deletion_keys (deletion_key, term, product_id, field, representation) VALUES ('chuuun', 'chuluun', 18, 'title', 'strict');
INSERT OR IGNORE INTO search_deletion_keys (deletion_key, term, product_id, field, representation) VALUES ('chulun', 'chuluun', 18, 'title', 'strict');
INSERT OR IGNORE INTO search_deletion_keys (deletion_key, term, product_id, field, representation) VALUES ('chuluu', 'chuluun', 18, 'title', 'strict');
INSERT OR IGNORE INTO search_terms (term, product_id, field, representation) VALUES ('ayaga', 18, 'title', 'strict');
INSERT OR IGNORE INTO search_deletion_keys (deletion_key, term, product_id, field, representation) VALUES ('ayaga', 'ayaga', 18, 'title', 'strict');
INSERT OR IGNORE INTO search_deletion_keys (deletion_key, term, product_id, field, representation) VALUES ('yaga', 'ayaga', 18, 'title', 'strict');
INSERT OR IGNORE INTO search_deletion_keys (deletion_key, term, product_id, field, representation) VALUES ('aaga', 'ayaga', 18, 'title', 'strict');
INSERT OR IGNORE INTO search_deletion_keys (deletion_key, term, product_id, field, representation) VALUES ('ayga', 'ayaga', 18, 'title', 'strict');
INSERT OR IGNORE INTO search_deletion_keys (deletion_key, term, product_id, field, representation) VALUES ('ayaa', 'ayaga', 18, 'title', 'strict');
INSERT OR IGNORE INTO search_deletion_keys (deletion_key, term, product_id, field, representation) VALUES ('ayag', 'ayaga', 18, 'title', 'strict');
INSERT OR IGNORE INTO search_terms (term, product_id, field, representation) VALUES ('chuluun', 18, 'title', 'basic');
INSERT OR IGNORE INTO search_deletion_keys (deletion_key, term, product_id, field, representation) VALUES ('chuluun', 'chuluun', 18, 'title', 'basic');
INSERT OR IGNORE INTO search_deletion_keys (deletion_key, term, product_id, field, representation) VALUES ('huluun', 'chuluun', 18, 'title', 'basic');
INSERT OR IGNORE INTO search_deletion_keys (deletion_key, term, product_id, field, representation) VALUES ('culuun', 'chuluun', 18, 'title', 'basic');
INSERT OR IGNORE INTO search_deletion_keys (deletion_key, term, product_id, field, representation) VALUES ('chluun', 'chuluun', 18, 'title', 'basic');
INSERT OR IGNORE INTO search_deletion_keys (deletion_key, term, product_id, field, representation) VALUES ('chuuun', 'chuluun', 18, 'title', 'basic');
INSERT OR IGNORE INTO search_deletion_keys (deletion_key, term, product_id, field, representation) VALUES ('chulun', 'chuluun', 18, 'title', 'basic');
INSERT OR IGNORE INTO search_deletion_keys (deletion_key, term, product_id, field, representation) VALUES ('chuluu', 'chuluun', 18, 'title', 'basic');
INSERT OR IGNORE INTO search_terms (term, product_id, field, representation) VALUES ('aiaga', 18, 'title', 'basic');
INSERT OR IGNORE INTO search_deletion_keys (deletion_key, term, product_id, field, representation) VALUES ('aiaga', 'aiaga', 18, 'title', 'basic');
INSERT OR IGNORE INTO search_deletion_keys (deletion_key, term, product_id, field, representation) VALUES ('iaga', 'aiaga', 18, 'title', 'basic');
INSERT OR IGNORE INTO search_deletion_keys (deletion_key, term, product_id, field, representation) VALUES ('aaga', 'aiaga', 18, 'title', 'basic');
INSERT OR IGNORE INTO search_deletion_keys (deletion_key, term, product_id, field, representation) VALUES ('aiga', 'aiaga', 18, 'title', 'basic');
INSERT OR IGNORE INTO search_deletion_keys (deletion_key, term, product_id, field, representation) VALUES ('aiaa', 'aiaga', 18, 'title', 'basic');
INSERT OR IGNORE INTO search_deletion_keys (deletion_key, term, product_id, field, representation) VALUES ('aiag', 'aiaga', 18, 'title', 'basic');
INSERT OR IGNORE INTO search_terms (term, product_id, field, representation) VALUES ('алтан', 18, 'brand', 'native');
INSERT OR IGNORE INTO search_deletion_keys (deletion_key, term, product_id, field, representation) VALUES ('алтан', 'алтан', 18, 'brand', 'native');
INSERT OR IGNORE INTO search_deletion_keys (deletion_key, term, product_id, field, representation) VALUES ('лтан', 'алтан', 18, 'brand', 'native');
INSERT OR IGNORE INTO search_deletion_keys (deletion_key, term, product_id, field, representation) VALUES ('атан', 'алтан', 18, 'brand', 'native');
INSERT OR IGNORE INTO search_deletion_keys (deletion_key, term, product_id, field, representation) VALUES ('алан', 'алтан', 18, 'brand', 'native');
INSERT OR IGNORE INTO search_deletion_keys (deletion_key, term, product_id, field, representation) VALUES ('алтн', 'алтан', 18, 'brand', 'native');
INSERT OR IGNORE INTO search_deletion_keys (deletion_key, term, product_id, field, representation) VALUES ('алта', 'алтан', 18, 'brand', 'native');
INSERT OR IGNORE INTO search_terms (term, product_id, field, representation) VALUES ('өргөө', 18, 'brand', 'native');
INSERT OR IGNORE INTO search_deletion_keys (deletion_key, term, product_id, field, representation) VALUES ('өргөө', 'өргөө', 18, 'brand', 'native');
INSERT OR IGNORE INTO search_deletion_keys (deletion_key, term, product_id, field, representation) VALUES ('ргөө', 'өргөө', 18, 'brand', 'native');
INSERT OR IGNORE INTO search_deletion_keys (deletion_key, term, product_id, field, representation) VALUES ('өгөө', 'өргөө', 18, 'brand', 'native');
INSERT OR IGNORE INTO search_deletion_keys (deletion_key, term, product_id, field, representation) VALUES ('өрөө', 'өргөө', 18, 'brand', 'native');
INSERT OR IGNORE INTO search_deletion_keys (deletion_key, term, product_id, field, representation) VALUES ('өргө', 'өргөө', 18, 'brand', 'native');
INSERT OR IGNORE INTO search_terms (term, product_id, field, representation) VALUES ('altan', 18, 'brand', 'strict');
INSERT OR IGNORE INTO search_deletion_keys (deletion_key, term, product_id, field, representation) VALUES ('altan', 'altan', 18, 'brand', 'strict');
INSERT OR IGNORE INTO search_deletion_keys (deletion_key, term, product_id, field, representation) VALUES ('ltan', 'altan', 18, 'brand', 'strict');
INSERT OR IGNORE INTO search_deletion_keys (deletion_key, term, product_id, field, representation) VALUES ('atan', 'altan', 18, 'brand', 'strict');
INSERT OR IGNORE INTO search_deletion_keys (deletion_key, term, product_id, field, representation) VALUES ('alan', 'altan', 18, 'brand', 'strict');
INSERT OR IGNORE INTO search_deletion_keys (deletion_key, term, product_id, field, representation) VALUES ('altn', 'altan', 18, 'brand', 'strict');
INSERT OR IGNORE INTO search_deletion_keys (deletion_key, term, product_id, field, representation) VALUES ('alta', 'altan', 18, 'brand', 'strict');
INSERT OR IGNORE INTO search_terms (term, product_id, field, representation) VALUES ('oergoeoe', 18, 'brand', 'strict');
INSERT OR IGNORE INTO search_deletion_keys (deletion_key, term, product_id, field, representation) VALUES ('oergoeoe', 'oergoeoe', 18, 'brand', 'strict');
INSERT OR IGNORE INTO search_deletion_keys (deletion_key, term, product_id, field, representation) VALUES ('ergoeoe', 'oergoeoe', 18, 'brand', 'strict');
INSERT OR IGNORE INTO search_deletion_keys (deletion_key, term, product_id, field, representation) VALUES ('orgoeoe', 'oergoeoe', 18, 'brand', 'strict');
INSERT OR IGNORE INTO search_deletion_keys (deletion_key, term, product_id, field, representation) VALUES ('oegoeoe', 'oergoeoe', 18, 'brand', 'strict');
INSERT OR IGNORE INTO search_deletion_keys (deletion_key, term, product_id, field, representation) VALUES ('oeroeoe', 'oergoeoe', 18, 'brand', 'strict');
INSERT OR IGNORE INTO search_deletion_keys (deletion_key, term, product_id, field, representation) VALUES ('oergeoe', 'oergoeoe', 18, 'brand', 'strict');
INSERT OR IGNORE INTO search_deletion_keys (deletion_key, term, product_id, field, representation) VALUES ('oergooe', 'oergoeoe', 18, 'brand', 'strict');
INSERT OR IGNORE INTO search_deletion_keys (deletion_key, term, product_id, field, representation) VALUES ('oergoee', 'oergoeoe', 18, 'brand', 'strict');
INSERT OR IGNORE INTO search_deletion_keys (deletion_key, term, product_id, field, representation) VALUES ('oergoeo', 'oergoeoe', 18, 'brand', 'strict');
INSERT OR IGNORE INTO search_terms (term, product_id, field, representation) VALUES ('altan', 18, 'brand', 'basic');
INSERT OR IGNORE INTO search_deletion_keys (deletion_key, term, product_id, field, representation) VALUES ('altan', 'altan', 18, 'brand', 'basic');
INSERT OR IGNORE INTO search_deletion_keys (deletion_key, term, product_id, field, representation) VALUES ('ltan', 'altan', 18, 'brand', 'basic');
INSERT OR IGNORE INTO search_deletion_keys (deletion_key, term, product_id, field, representation) VALUES ('atan', 'altan', 18, 'brand', 'basic');
INSERT OR IGNORE INTO search_deletion_keys (deletion_key, term, product_id, field, representation) VALUES ('alan', 'altan', 18, 'brand', 'basic');
INSERT OR IGNORE INTO search_deletion_keys (deletion_key, term, product_id, field, representation) VALUES ('altn', 'altan', 18, 'brand', 'basic');
INSERT OR IGNORE INTO search_deletion_keys (deletion_key, term, product_id, field, representation) VALUES ('alta', 'altan', 18, 'brand', 'basic');
INSERT OR IGNORE INTO search_terms (term, product_id, field, representation) VALUES ('orgoo', 18, 'brand', 'basic');
INSERT OR IGNORE INTO search_deletion_keys (deletion_key, term, product_id, field, representation) VALUES ('orgoo', 'orgoo', 18, 'brand', 'basic');
INSERT OR IGNORE INTO search_deletion_keys (deletion_key, term, product_id, field, representation) VALUES ('rgoo', 'orgoo', 18, 'brand', 'basic');
INSERT OR IGNORE INTO search_deletion_keys (deletion_key, term, product_id, field, representation) VALUES ('ogoo', 'orgoo', 18, 'brand', 'basic');
INSERT OR IGNORE INTO search_deletion_keys (deletion_key, term, product_id, field, representation) VALUES ('oroo', 'orgoo', 18, 'brand', 'basic');
INSERT OR IGNORE INTO search_deletion_keys (deletion_key, term, product_id, field, representation) VALUES ('orgo', 'orgoo', 18, 'brand', 'basic');
INSERT OR IGNORE INTO search_terms (term, product_id, field, representation) VALUES ('ахуй', 18, 'category', 'native');
INSERT OR IGNORE INTO search_deletion_keys (deletion_key, term, product_id, field, representation) VALUES ('ахуй', 'ахуй', 18, 'category', 'native');
INSERT OR IGNORE INTO search_deletion_keys (deletion_key, term, product_id, field, representation) VALUES ('хуй', 'ахуй', 18, 'category', 'native');
INSERT OR IGNORE INTO search_deletion_keys (deletion_key, term, product_id, field, representation) VALUES ('ауй', 'ахуй', 18, 'category', 'native');
INSERT OR IGNORE INTO search_deletion_keys (deletion_key, term, product_id, field, representation) VALUES ('ахй', 'ахуй', 18, 'category', 'native');
INSERT OR IGNORE INTO search_deletion_keys (deletion_key, term, product_id, field, representation) VALUES ('аху', 'ахуй', 18, 'category', 'native');
INSERT OR IGNORE INTO search_terms (term, product_id, field, representation) VALUES ('akhuy', 18, 'category', 'strict');
INSERT OR IGNORE INTO search_deletion_keys (deletion_key, term, product_id, field, representation) VALUES ('akhuy', 'akhuy', 18, 'category', 'strict');
INSERT OR IGNORE INTO search_deletion_keys (deletion_key, term, product_id, field, representation) VALUES ('khuy', 'akhuy', 18, 'category', 'strict');
INSERT OR IGNORE INTO search_deletion_keys (deletion_key, term, product_id, field, representation) VALUES ('ahuy', 'akhuy', 18, 'category', 'strict');
INSERT OR IGNORE INTO search_deletion_keys (deletion_key, term, product_id, field, representation) VALUES ('akuy', 'akhuy', 18, 'category', 'strict');
INSERT OR IGNORE INTO search_deletion_keys (deletion_key, term, product_id, field, representation) VALUES ('akhy', 'akhuy', 18, 'category', 'strict');
INSERT OR IGNORE INTO search_deletion_keys (deletion_key, term, product_id, field, representation) VALUES ('akhu', 'akhuy', 18, 'category', 'strict');
INSERT OR IGNORE INTO search_terms (term, product_id, field, representation) VALUES ('akhui', 18, 'category', 'basic');
INSERT OR IGNORE INTO search_deletion_keys (deletion_key, term, product_id, field, representation) VALUES ('akhui', 'akhui', 18, 'category', 'basic');
INSERT OR IGNORE INTO search_deletion_keys (deletion_key, term, product_id, field, representation) VALUES ('khui', 'akhui', 18, 'category', 'basic');
INSERT OR IGNORE INTO search_deletion_keys (deletion_key, term, product_id, field, representation) VALUES ('ahui', 'akhui', 18, 'category', 'basic');
INSERT OR IGNORE INTO search_deletion_keys (deletion_key, term, product_id, field, representation) VALUES ('akui', 'akhui', 18, 'category', 'basic');
INSERT OR IGNORE INTO search_deletion_keys (deletion_key, term, product_id, field, representation) VALUES ('akhi', 'akhui', 18, 'category', 'basic');
INSERT OR IGNORE INTO search_deletion_keys (deletion_key, term, product_id, field, representation) VALUES ('akhu', 'akhui', 18, 'category', 'basic');
INSERT INTO products (id, sku, sku_normalized, name, category, tags, price_mnt, strict_key, basic_key, brand, description, available, merchandising_position) VALUES (19, 'HV-Ш-019', 'hvш019', 'Шилэн сав', 'Гэр ахуй', 'шил, сав', 43500, 'шилэн сав гэр ахуй шил сав hv ш 019 shilen sav ger akhuy shil sav hv sh 019', 'шилэн сав гэр ахуй шил сав hv ш 019 shilen sav ger akhui shil sav hv sh 019', 'Цагаан Сар', 'Гэр ахуй зориулсан синтетик туршилтын бүтээгдэхүүн шил, сав', 0, 19);
INSERT INTO product_search (product_id, name, category, tags, sku, strict_key, basic_key) VALUES (19, 'шилэн сав shilen sav', 'гэр ахуй ger akhuy', 'шил сав shil sav', 'hv ш 019 hv sh 019', 'шилэн сав гэр ахуй шил сав hv ш 019 shilen sav ger akhuy shil sav hv sh 019', 'шилэн сав гэр ахуй шил сав hv ш 019 shilen sav ger akhui shil sav hv sh 019');
INSERT INTO product_search_tiered (product_id, native_key, strict_key, basic_key, sku_key) VALUES (19, 'шилэн сав гэр ахуй шил сав hv ш 019', 'shilen sav ger akhuy shil sav hv sh 019', 'shilen sav ger ahui ahuy akhui akhuy shil sav hv 019', 'hvш019');
INSERT INTO product_search_resilient (product_id, title_native, brand_native, category_native, tags_native, description_native, title_strict, brand_strict, category_strict, tags_strict, description_strict, title_basic, brand_basic, category_basic, tags_basic, description_basic) VALUES (19, 'шилэн сав', 'цагаан сар', 'гэр ахуй', 'шил сав', 'гэр ахуй зориулсан синтетик туршилтын бүтээгдэхүүн шил сав', 'shilen sav', 'tsagaan sar', 'ger akhuy', 'shil sav', 'ger akhuy zoriulsan sintetik turshiltyn bueteegdekhueuen shil sav', 'shilen sav', 'cagaan tsagaan sar', 'ger ahui ahuy akhui akhuy', 'shil sav', 'ger ahui ahuy akhui akhuy zoriulsan sintetik turshiltyn buteegdehuun buteegdehuin buteegdehiun buteegdehiin buteegdekhuun buteegdekhuin buteegdekhiun buteegdekhiin shil sav');
INSERT OR IGNORE INTO search_terms (term, product_id, field, representation) VALUES ('шилэн', 19, 'title', 'native');
INSERT OR IGNORE INTO search_deletion_keys (deletion_key, term, product_id, field, representation) VALUES ('шилэн', 'шилэн', 19, 'title', 'native');
INSERT OR IGNORE INTO search_deletion_keys (deletion_key, term, product_id, field, representation) VALUES ('илэн', 'шилэн', 19, 'title', 'native');
INSERT OR IGNORE INTO search_deletion_keys (deletion_key, term, product_id, field, representation) VALUES ('шлэн', 'шилэн', 19, 'title', 'native');
INSERT OR IGNORE INTO search_deletion_keys (deletion_key, term, product_id, field, representation) VALUES ('шиэн', 'шилэн', 19, 'title', 'native');
INSERT OR IGNORE INTO search_deletion_keys (deletion_key, term, product_id, field, representation) VALUES ('шилн', 'шилэн', 19, 'title', 'native');
INSERT OR IGNORE INTO search_deletion_keys (deletion_key, term, product_id, field, representation) VALUES ('шилэ', 'шилэн', 19, 'title', 'native');
INSERT OR IGNORE INTO search_terms (term, product_id, field, representation) VALUES ('shilen', 19, 'title', 'strict');
INSERT OR IGNORE INTO search_deletion_keys (deletion_key, term, product_id, field, representation) VALUES ('shilen', 'shilen', 19, 'title', 'strict');
INSERT OR IGNORE INTO search_deletion_keys (deletion_key, term, product_id, field, representation) VALUES ('hilen', 'shilen', 19, 'title', 'strict');
INSERT OR IGNORE INTO search_deletion_keys (deletion_key, term, product_id, field, representation) VALUES ('silen', 'shilen', 19, 'title', 'strict');
INSERT OR IGNORE INTO search_deletion_keys (deletion_key, term, product_id, field, representation) VALUES ('shlen', 'shilen', 19, 'title', 'strict');
INSERT OR IGNORE INTO search_deletion_keys (deletion_key, term, product_id, field, representation) VALUES ('shien', 'shilen', 19, 'title', 'strict');
INSERT OR IGNORE INTO search_deletion_keys (deletion_key, term, product_id, field, representation) VALUES ('shiln', 'shilen', 19, 'title', 'strict');
INSERT OR IGNORE INTO search_deletion_keys (deletion_key, term, product_id, field, representation) VALUES ('shile', 'shilen', 19, 'title', 'strict');
INSERT OR IGNORE INTO search_terms (term, product_id, field, representation) VALUES ('shilen', 19, 'title', 'basic');
INSERT OR IGNORE INTO search_deletion_keys (deletion_key, term, product_id, field, representation) VALUES ('shilen', 'shilen', 19, 'title', 'basic');
INSERT OR IGNORE INTO search_deletion_keys (deletion_key, term, product_id, field, representation) VALUES ('hilen', 'shilen', 19, 'title', 'basic');
INSERT OR IGNORE INTO search_deletion_keys (deletion_key, term, product_id, field, representation) VALUES ('silen', 'shilen', 19, 'title', 'basic');
INSERT OR IGNORE INTO search_deletion_keys (deletion_key, term, product_id, field, representation) VALUES ('shlen', 'shilen', 19, 'title', 'basic');
INSERT OR IGNORE INTO search_deletion_keys (deletion_key, term, product_id, field, representation) VALUES ('shien', 'shilen', 19, 'title', 'basic');
INSERT OR IGNORE INTO search_deletion_keys (deletion_key, term, product_id, field, representation) VALUES ('shiln', 'shilen', 19, 'title', 'basic');
INSERT OR IGNORE INTO search_deletion_keys (deletion_key, term, product_id, field, representation) VALUES ('shile', 'shilen', 19, 'title', 'basic');
INSERT OR IGNORE INTO search_terms (term, product_id, field, representation) VALUES ('цагаан', 19, 'brand', 'native');
INSERT OR IGNORE INTO search_deletion_keys (deletion_key, term, product_id, field, representation) VALUES ('цагаан', 'цагаан', 19, 'brand', 'native');
INSERT OR IGNORE INTO search_deletion_keys (deletion_key, term, product_id, field, representation) VALUES ('агаан', 'цагаан', 19, 'brand', 'native');
INSERT OR IGNORE INTO search_deletion_keys (deletion_key, term, product_id, field, representation) VALUES ('цгаан', 'цагаан', 19, 'brand', 'native');
INSERT OR IGNORE INTO search_deletion_keys (deletion_key, term, product_id, field, representation) VALUES ('цааан', 'цагаан', 19, 'brand', 'native');
INSERT OR IGNORE INTO search_deletion_keys (deletion_key, term, product_id, field, representation) VALUES ('цаган', 'цагаан', 19, 'brand', 'native');
INSERT OR IGNORE INTO search_deletion_keys (deletion_key, term, product_id, field, representation) VALUES ('цагаа', 'цагаан', 19, 'brand', 'native');
INSERT OR IGNORE INTO search_terms (term, product_id, field, representation) VALUES ('tsagaan', 19, 'brand', 'strict');
INSERT OR IGNORE INTO search_deletion_keys (deletion_key, term, product_id, field, representation) VALUES ('tsagaan', 'tsagaan', 19, 'brand', 'strict');
INSERT OR IGNORE INTO search_deletion_keys (deletion_key, term, product_id, field, representation) VALUES ('sagaan', 'tsagaan', 19, 'brand', 'strict');
INSERT OR IGNORE INTO search_deletion_keys (deletion_key, term, product_id, field, representation) VALUES ('tagaan', 'tsagaan', 19, 'brand', 'strict');
INSERT OR IGNORE INTO search_deletion_keys (deletion_key, term, product_id, field, representation) VALUES ('tsgaan', 'tsagaan', 19, 'brand', 'strict');
INSERT OR IGNORE INTO search_deletion_keys (deletion_key, term, product_id, field, representation) VALUES ('tsaaan', 'tsagaan', 19, 'brand', 'strict');
INSERT OR IGNORE INTO search_deletion_keys (deletion_key, term, product_id, field, representation) VALUES ('tsagan', 'tsagaan', 19, 'brand', 'strict');
INSERT OR IGNORE INTO search_deletion_keys (deletion_key, term, product_id, field, representation) VALUES ('tsagaa', 'tsagaan', 19, 'brand', 'strict');
INSERT OR IGNORE INTO search_terms (term, product_id, field, representation) VALUES ('tsagaan', 19, 'brand', 'basic');
INSERT OR IGNORE INTO search_deletion_keys (deletion_key, term, product_id, field, representation) VALUES ('tsagaan', 'tsagaan', 19, 'brand', 'basic');
INSERT OR IGNORE INTO search_deletion_keys (deletion_key, term, product_id, field, representation) VALUES ('sagaan', 'tsagaan', 19, 'brand', 'basic');
INSERT OR IGNORE INTO search_deletion_keys (deletion_key, term, product_id, field, representation) VALUES ('tagaan', 'tsagaan', 19, 'brand', 'basic');
INSERT OR IGNORE INTO search_deletion_keys (deletion_key, term, product_id, field, representation) VALUES ('tsgaan', 'tsagaan', 19, 'brand', 'basic');
INSERT OR IGNORE INTO search_deletion_keys (deletion_key, term, product_id, field, representation) VALUES ('tsaaan', 'tsagaan', 19, 'brand', 'basic');
INSERT OR IGNORE INTO search_deletion_keys (deletion_key, term, product_id, field, representation) VALUES ('tsagan', 'tsagaan', 19, 'brand', 'basic');
INSERT OR IGNORE INTO search_deletion_keys (deletion_key, term, product_id, field, representation) VALUES ('tsagaa', 'tsagaan', 19, 'brand', 'basic');
INSERT OR IGNORE INTO search_terms (term, product_id, field, representation) VALUES ('ахуй', 19, 'category', 'native');
INSERT OR IGNORE INTO search_deletion_keys (deletion_key, term, product_id, field, representation) VALUES ('ахуй', 'ахуй', 19, 'category', 'native');
INSERT OR IGNORE INTO search_deletion_keys (deletion_key, term, product_id, field, representation) VALUES ('хуй', 'ахуй', 19, 'category', 'native');
INSERT OR IGNORE INTO search_deletion_keys (deletion_key, term, product_id, field, representation) VALUES ('ауй', 'ахуй', 19, 'category', 'native');
INSERT OR IGNORE INTO search_deletion_keys (deletion_key, term, product_id, field, representation) VALUES ('ахй', 'ахуй', 19, 'category', 'native');
INSERT OR IGNORE INTO search_deletion_keys (deletion_key, term, product_id, field, representation) VALUES ('аху', 'ахуй', 19, 'category', 'native');
INSERT OR IGNORE INTO search_terms (term, product_id, field, representation) VALUES ('akhuy', 19, 'category', 'strict');
INSERT OR IGNORE INTO search_deletion_keys (deletion_key, term, product_id, field, representation) VALUES ('akhuy', 'akhuy', 19, 'category', 'strict');
INSERT OR IGNORE INTO search_deletion_keys (deletion_key, term, product_id, field, representation) VALUES ('khuy', 'akhuy', 19, 'category', 'strict');
INSERT OR IGNORE INTO search_deletion_keys (deletion_key, term, product_id, field, representation) VALUES ('ahuy', 'akhuy', 19, 'category', 'strict');
INSERT OR IGNORE INTO search_deletion_keys (deletion_key, term, product_id, field, representation) VALUES ('akuy', 'akhuy', 19, 'category', 'strict');
INSERT OR IGNORE INTO search_deletion_keys (deletion_key, term, product_id, field, representation) VALUES ('akhy', 'akhuy', 19, 'category', 'strict');
INSERT OR IGNORE INTO search_deletion_keys (deletion_key, term, product_id, field, representation) VALUES ('akhu', 'akhuy', 19, 'category', 'strict');
INSERT OR IGNORE INTO search_terms (term, product_id, field, representation) VALUES ('akhui', 19, 'category', 'basic');
INSERT OR IGNORE INTO search_deletion_keys (deletion_key, term, product_id, field, representation) VALUES ('akhui', 'akhui', 19, 'category', 'basic');
INSERT OR IGNORE INTO search_deletion_keys (deletion_key, term, product_id, field, representation) VALUES ('khui', 'akhui', 19, 'category', 'basic');
INSERT OR IGNORE INTO search_deletion_keys (deletion_key, term, product_id, field, representation) VALUES ('ahui', 'akhui', 19, 'category', 'basic');
INSERT OR IGNORE INTO search_deletion_keys (deletion_key, term, product_id, field, representation) VALUES ('akui', 'akhui', 19, 'category', 'basic');
INSERT OR IGNORE INTO search_deletion_keys (deletion_key, term, product_id, field, representation) VALUES ('akhi', 'akhui', 19, 'category', 'basic');
INSERT OR IGNORE INTO search_deletion_keys (deletion_key, term, product_id, field, representation) VALUES ('akhu', 'akhui', 19, 'category', 'basic');
INSERT INTO products (id, sku, sku_normalized, name, category, tags, price_mnt, strict_key, basic_key, brand, description, available, merchandising_position) VALUES (20, 'HV-Ж-020', 'hvж020', 'Жимсний сагс', 'Гэр ахуй', 'жимс, сагс', 45250, 'жимсний сагс гэр ахуй жимс сагс hv ж 020 jimsniy sags ger akhuy jims sags hv j 020', 'жимсний сагс гэр ахуй жимс сагс hv ж 020 jimsnii sags ger akhui jims sags hv j 020', 'Нүүдэл', 'Гэр ахуй зориулсан синтетик туршилтын бүтээгдэхүүн жимс, сагс', 1, 20);
INSERT INTO product_search (product_id, name, category, tags, sku, strict_key, basic_key) VALUES (20, 'жимсний сагс jimsniy sags', 'гэр ахуй ger akhuy', 'жимс сагс jims sags', 'hv ж 020 hv j 020', 'жимсний сагс гэр ахуй жимс сагс hv ж 020 jimsniy sags ger akhuy jims sags hv j 020', 'жимсний сагс гэр ахуй жимс сагс hv ж 020 jimsnii sags ger akhui jims sags hv j 020');
INSERT INTO product_search_tiered (product_id, native_key, strict_key, basic_key, sku_key) VALUES (20, 'жимсний сагс гэр ахуй жимс сагс hv ж 020', 'jimsniy sags ger akhuy jims sags hv j 020', 'jimsnii jimsniy sags ger ahui ahuy akhui akhuy jims sags hv 020', 'hvж020');
INSERT INTO product_search_resilient (product_id, title_native, brand_native, category_native, tags_native, description_native, title_strict, brand_strict, category_strict, tags_strict, description_strict, title_basic, brand_basic, category_basic, tags_basic, description_basic) VALUES (20, 'жимсний сагс', 'нүүдэл', 'гэр ахуй', 'жимс сагс', 'гэр ахуй зориулсан синтетик туршилтын бүтээгдэхүүн жимс сагс', 'jimsniy sags', 'nueuedel', 'ger akhuy', 'jims sags', 'ger akhuy zoriulsan sintetik turshiltyn bueteegdekhueuen jims sags', 'jimsnii jimsniy sags', 'nuudel nuidel niudel niidel', 'ger ahui ahuy akhui akhuy', 'jims sags', 'ger ahui ahuy akhui akhuy zoriulsan sintetik turshiltyn buteegdehuun buteegdehuin buteegdehiun buteegdehiin buteegdekhuun buteegdekhuin buteegdekhiun buteegdekhiin jims sags');
INSERT OR IGNORE INTO search_terms (term, product_id, field, representation) VALUES ('жимсний', 20, 'title', 'native');
INSERT OR IGNORE INTO search_deletion_keys (deletion_key, term, product_id, field, representation) VALUES ('жимсний', 'жимсний', 20, 'title', 'native');
INSERT OR IGNORE INTO search_deletion_keys (deletion_key, term, product_id, field, representation) VALUES ('имсний', 'жимсний', 20, 'title', 'native');
INSERT OR IGNORE INTO search_deletion_keys (deletion_key, term, product_id, field, representation) VALUES ('жмсний', 'жимсний', 20, 'title', 'native');
INSERT OR IGNORE INTO search_deletion_keys (deletion_key, term, product_id, field, representation) VALUES ('жисний', 'жимсний', 20, 'title', 'native');
INSERT OR IGNORE INTO search_deletion_keys (deletion_key, term, product_id, field, representation) VALUES ('жимний', 'жимсний', 20, 'title', 'native');
INSERT OR IGNORE INTO search_deletion_keys (deletion_key, term, product_id, field, representation) VALUES ('жимсий', 'жимсний', 20, 'title', 'native');
INSERT OR IGNORE INTO search_deletion_keys (deletion_key, term, product_id, field, representation) VALUES ('жимснй', 'жимсний', 20, 'title', 'native');
INSERT OR IGNORE INTO search_deletion_keys (deletion_key, term, product_id, field, representation) VALUES ('жимсни', 'жимсний', 20, 'title', 'native');
INSERT OR IGNORE INTO search_terms (term, product_id, field, representation) VALUES ('сагс', 20, 'title', 'native');
INSERT OR IGNORE INTO search_deletion_keys (deletion_key, term, product_id, field, representation) VALUES ('сагс', 'сагс', 20, 'title', 'native');
INSERT OR IGNORE INTO search_deletion_keys (deletion_key, term, product_id, field, representation) VALUES ('агс', 'сагс', 20, 'title', 'native');
INSERT OR IGNORE INTO search_deletion_keys (deletion_key, term, product_id, field, representation) VALUES ('сгс', 'сагс', 20, 'title', 'native');
INSERT OR IGNORE INTO search_deletion_keys (deletion_key, term, product_id, field, representation) VALUES ('сас', 'сагс', 20, 'title', 'native');
INSERT OR IGNORE INTO search_deletion_keys (deletion_key, term, product_id, field, representation) VALUES ('саг', 'сагс', 20, 'title', 'native');
INSERT OR IGNORE INTO search_terms (term, product_id, field, representation) VALUES ('jimsniy', 20, 'title', 'strict');
INSERT OR IGNORE INTO search_deletion_keys (deletion_key, term, product_id, field, representation) VALUES ('jimsniy', 'jimsniy', 20, 'title', 'strict');
INSERT OR IGNORE INTO search_deletion_keys (deletion_key, term, product_id, field, representation) VALUES ('imsniy', 'jimsniy', 20, 'title', 'strict');
INSERT OR IGNORE INTO search_deletion_keys (deletion_key, term, product_id, field, representation) VALUES ('jmsniy', 'jimsniy', 20, 'title', 'strict');
INSERT OR IGNORE INTO search_deletion_keys (deletion_key, term, product_id, field, representation) VALUES ('jisniy', 'jimsniy', 20, 'title', 'strict');
INSERT OR IGNORE INTO search_deletion_keys (deletion_key, term, product_id, field, representation) VALUES ('jimniy', 'jimsniy', 20, 'title', 'strict');
INSERT OR IGNORE INTO search_deletion_keys (deletion_key, term, product_id, field, representation) VALUES ('jimsiy', 'jimsniy', 20, 'title', 'strict');
INSERT OR IGNORE INTO search_deletion_keys (deletion_key, term, product_id, field, representation) VALUES ('jimsny', 'jimsniy', 20, 'title', 'strict');
INSERT OR IGNORE INTO search_deletion_keys (deletion_key, term, product_id, field, representation) VALUES ('jimsni', 'jimsniy', 20, 'title', 'strict');
INSERT OR IGNORE INTO search_terms (term, product_id, field, representation) VALUES ('sags', 20, 'title', 'strict');
INSERT OR IGNORE INTO search_deletion_keys (deletion_key, term, product_id, field, representation) VALUES ('sags', 'sags', 20, 'title', 'strict');
INSERT OR IGNORE INTO search_deletion_keys (deletion_key, term, product_id, field, representation) VALUES ('ags', 'sags', 20, 'title', 'strict');
INSERT OR IGNORE INTO search_deletion_keys (deletion_key, term, product_id, field, representation) VALUES ('sgs', 'sags', 20, 'title', 'strict');
INSERT OR IGNORE INTO search_deletion_keys (deletion_key, term, product_id, field, representation) VALUES ('sas', 'sags', 20, 'title', 'strict');
INSERT OR IGNORE INTO search_deletion_keys (deletion_key, term, product_id, field, representation) VALUES ('sag', 'sags', 20, 'title', 'strict');
INSERT OR IGNORE INTO search_terms (term, product_id, field, representation) VALUES ('jimsnii', 20, 'title', 'basic');
INSERT OR IGNORE INTO search_deletion_keys (deletion_key, term, product_id, field, representation) VALUES ('jimsnii', 'jimsnii', 20, 'title', 'basic');
INSERT OR IGNORE INTO search_deletion_keys (deletion_key, term, product_id, field, representation) VALUES ('imsnii', 'jimsnii', 20, 'title', 'basic');
INSERT OR IGNORE INTO search_deletion_keys (deletion_key, term, product_id, field, representation) VALUES ('jmsnii', 'jimsnii', 20, 'title', 'basic');
INSERT OR IGNORE INTO search_deletion_keys (deletion_key, term, product_id, field, representation) VALUES ('jisnii', 'jimsnii', 20, 'title', 'basic');
INSERT OR IGNORE INTO search_deletion_keys (deletion_key, term, product_id, field, representation) VALUES ('jimnii', 'jimsnii', 20, 'title', 'basic');
INSERT OR IGNORE INTO search_deletion_keys (deletion_key, term, product_id, field, representation) VALUES ('jimsii', 'jimsnii', 20, 'title', 'basic');
INSERT OR IGNORE INTO search_deletion_keys (deletion_key, term, product_id, field, representation) VALUES ('jimsni', 'jimsnii', 20, 'title', 'basic');
INSERT OR IGNORE INTO search_terms (term, product_id, field, representation) VALUES ('sags', 20, 'title', 'basic');
INSERT OR IGNORE INTO search_deletion_keys (deletion_key, term, product_id, field, representation) VALUES ('sags', 'sags', 20, 'title', 'basic');
INSERT OR IGNORE INTO search_deletion_keys (deletion_key, term, product_id, field, representation) VALUES ('ags', 'sags', 20, 'title', 'basic');
INSERT OR IGNORE INTO search_deletion_keys (deletion_key, term, product_id, field, representation) VALUES ('sgs', 'sags', 20, 'title', 'basic');
INSERT OR IGNORE INTO search_deletion_keys (deletion_key, term, product_id, field, representation) VALUES ('sas', 'sags', 20, 'title', 'basic');
INSERT OR IGNORE INTO search_deletion_keys (deletion_key, term, product_id, field, representation) VALUES ('sag', 'sags', 20, 'title', 'basic');
INSERT OR IGNORE INTO search_terms (term, product_id, field, representation) VALUES ('нүүдэл', 20, 'brand', 'native');
INSERT OR IGNORE INTO search_deletion_keys (deletion_key, term, product_id, field, representation) VALUES ('нүүдэл', 'нүүдэл', 20, 'brand', 'native');
INSERT OR IGNORE INTO search_deletion_keys (deletion_key, term, product_id, field, representation) VALUES ('үүдэл', 'нүүдэл', 20, 'brand', 'native');
INSERT OR IGNORE INTO search_deletion_keys (deletion_key, term, product_id, field, representation) VALUES ('нүдэл', 'нүүдэл', 20, 'brand', 'native');
INSERT OR IGNORE INTO search_deletion_keys (deletion_key, term, product_id, field, representation) VALUES ('нүүэл', 'нүүдэл', 20, 'brand', 'native');
INSERT OR IGNORE INTO search_deletion_keys (deletion_key, term, product_id, field, representation) VALUES ('нүүдл', 'нүүдэл', 20, 'brand', 'native');
INSERT OR IGNORE INTO search_deletion_keys (deletion_key, term, product_id, field, representation) VALUES ('нүүдэ', 'нүүдэл', 20, 'brand', 'native');
INSERT OR IGNORE INTO search_terms (term, product_id, field, representation) VALUES ('nueuedel', 20, 'brand', 'strict');
INSERT OR IGNORE INTO search_deletion_keys (deletion_key, term, product_id, field, representation) VALUES ('nueuedel', 'nueuedel', 20, 'brand', 'strict');
INSERT OR IGNORE INTO search_deletion_keys (deletion_key, term, product_id, field, representation) VALUES ('ueuedel', 'nueuedel', 20, 'brand', 'strict');
INSERT OR IGNORE INTO search_deletion_keys (deletion_key, term, product_id, field, representation) VALUES ('neuedel', 'nueuedel', 20, 'brand', 'strict');
INSERT OR IGNORE INTO search_deletion_keys (deletion_key, term, product_id, field, representation) VALUES ('nuuedel', 'nueuedel', 20, 'brand', 'strict');
INSERT OR IGNORE INTO search_deletion_keys (deletion_key, term, product_id, field, representation) VALUES ('nueedel', 'nueuedel', 20, 'brand', 'strict');
INSERT OR IGNORE INTO search_deletion_keys (deletion_key, term, product_id, field, representation) VALUES ('nueudel', 'nueuedel', 20, 'brand', 'strict');
INSERT OR IGNORE INTO search_deletion_keys (deletion_key, term, product_id, field, representation) VALUES ('nueueel', 'nueuedel', 20, 'brand', 'strict');
INSERT OR IGNORE INTO search_deletion_keys (deletion_key, term, product_id, field, representation) VALUES ('nueuedl', 'nueuedel', 20, 'brand', 'strict');
INSERT OR IGNORE INTO search_deletion_keys (deletion_key, term, product_id, field, representation) VALUES ('nueuede', 'nueuedel', 20, 'brand', 'strict');
INSERT OR IGNORE INTO search_terms (term, product_id, field, representation) VALUES ('nuudel', 20, 'brand', 'basic');
INSERT OR IGNORE INTO search_deletion_keys (deletion_key, term, product_id, field, representation) VALUES ('nuudel', 'nuudel', 20, 'brand', 'basic');
INSERT OR IGNORE INTO search_deletion_keys (deletion_key, term, product_id, field, representation) VALUES ('uudel', 'nuudel', 20, 'brand', 'basic');
INSERT OR IGNORE INTO search_deletion_keys (deletion_key, term, product_id, field, representation) VALUES ('nudel', 'nuudel', 20, 'brand', 'basic');
INSERT OR IGNORE INTO search_deletion_keys (deletion_key, term, product_id, field, representation) VALUES ('nuuel', 'nuudel', 20, 'brand', 'basic');
INSERT OR IGNORE INTO search_deletion_keys (deletion_key, term, product_id, field, representation) VALUES ('nuudl', 'nuudel', 20, 'brand', 'basic');
INSERT OR IGNORE INTO search_deletion_keys (deletion_key, term, product_id, field, representation) VALUES ('nuude', 'nuudel', 20, 'brand', 'basic');
INSERT OR IGNORE INTO search_terms (term, product_id, field, representation) VALUES ('ахуй', 20, 'category', 'native');
INSERT OR IGNORE INTO search_deletion_keys (deletion_key, term, product_id, field, representation) VALUES ('ахуй', 'ахуй', 20, 'category', 'native');
INSERT OR IGNORE INTO search_deletion_keys (deletion_key, term, product_id, field, representation) VALUES ('хуй', 'ахуй', 20, 'category', 'native');
INSERT OR IGNORE INTO search_deletion_keys (deletion_key, term, product_id, field, representation) VALUES ('ауй', 'ахуй', 20, 'category', 'native');
INSERT OR IGNORE INTO search_deletion_keys (deletion_key, term, product_id, field, representation) VALUES ('ахй', 'ахуй', 20, 'category', 'native');
INSERT OR IGNORE INTO search_deletion_keys (deletion_key, term, product_id, field, representation) VALUES ('аху', 'ахуй', 20, 'category', 'native');
INSERT OR IGNORE INTO search_terms (term, product_id, field, representation) VALUES ('akhuy', 20, 'category', 'strict');
INSERT OR IGNORE INTO search_deletion_keys (deletion_key, term, product_id, field, representation) VALUES ('akhuy', 'akhuy', 20, 'category', 'strict');
INSERT OR IGNORE INTO search_deletion_keys (deletion_key, term, product_id, field, representation) VALUES ('khuy', 'akhuy', 20, 'category', 'strict');
INSERT OR IGNORE INTO search_deletion_keys (deletion_key, term, product_id, field, representation) VALUES ('ahuy', 'akhuy', 20, 'category', 'strict');
INSERT OR IGNORE INTO search_deletion_keys (deletion_key, term, product_id, field, representation) VALUES ('akuy', 'akhuy', 20, 'category', 'strict');
INSERT OR IGNORE INTO search_deletion_keys (deletion_key, term, product_id, field, representation) VALUES ('akhy', 'akhuy', 20, 'category', 'strict');
INSERT OR IGNORE INTO search_deletion_keys (deletion_key, term, product_id, field, representation) VALUES ('akhu', 'akhuy', 20, 'category', 'strict');
INSERT OR IGNORE INTO search_terms (term, product_id, field, representation) VALUES ('akhui', 20, 'category', 'basic');
INSERT OR IGNORE INTO search_deletion_keys (deletion_key, term, product_id, field, representation) VALUES ('akhui', 'akhui', 20, 'category', 'basic');
INSERT OR IGNORE INTO search_deletion_keys (deletion_key, term, product_id, field, representation) VALUES ('khui', 'akhui', 20, 'category', 'basic');
INSERT OR IGNORE INTO search_deletion_keys (deletion_key, term, product_id, field, representation) VALUES ('ahui', 'akhui', 20, 'category', 'basic');
INSERT OR IGNORE INTO search_deletion_keys (deletion_key, term, product_id, field, representation) VALUES ('akui', 'akhui', 20, 'category', 'basic');
INSERT OR IGNORE INTO search_deletion_keys (deletion_key, term, product_id, field, representation) VALUES ('akhi', 'akhui', 20, 'category', 'basic');
INSERT OR IGNORE INTO search_deletion_keys (deletion_key, term, product_id, field, representation) VALUES ('akhu', 'akhui', 20, 'category', 'basic');
INSERT INTO products (id, sku, sku_normalized, name, category, tags, price_mnt, strict_key, basic_key, brand, description, available, merchandising_position) VALUES (21, 'HV-Я-021', 'hvя021', 'Янзын лаа', 'Гэр ахуй', 'лаа, гэрэл', 47000, 'янзын лаа гэр ахуй лаа гэрэл hv я 021 yanzyn laa ger akhuy laa gerel hv ya 021', 'янзын лаа гэр ахуй лаа гэрэл hv я 021 ianzin laa ger akhui laa gerel hv ia 021', 'Талын Од', 'Гэр ахуй зориулсан синтетик туршилтын бүтээгдэхүүн лаа, гэрэл', 1, 21);
INSERT INTO product_search (product_id, name, category, tags, sku, strict_key, basic_key) VALUES (21, 'янзын лаа yanzyn laa', 'гэр ахуй ger akhuy', 'лаа гэрэл laa gerel', 'hv я 021 hv ya 021', 'янзын лаа гэр ахуй лаа гэрэл hv я 021 yanzyn laa ger akhuy laa gerel hv ya 021', 'янзын лаа гэр ахуй лаа гэрэл hv я 021 ianzin laa ger akhui laa gerel hv ia 021');
INSERT INTO product_search_tiered (product_id, native_key, strict_key, basic_key, sku_key) VALUES (21, 'янзын лаа гэр ахуй лаа гэрэл hv я 021', 'yanzyn laa ger akhuy laa gerel hv ya 021', 'yanzyn laa ger ahui ahuy akhui akhuy laa gerel hv 021', 'hvя021');
INSERT INTO product_search_resilient (product_id, title_native, brand_native, category_native, tags_native, description_native, title_strict, brand_strict, category_strict, tags_strict, description_strict, title_basic, brand_basic, category_basic, tags_basic, description_basic) VALUES (21, 'янзын лаа', 'талын од', 'гэр ахуй', 'лаа гэрэл', 'гэр ахуй зориулсан синтетик туршилтын бүтээгдэхүүн лаа гэрэл', 'yanzyn laa', 'talyn od', 'ger akhuy', 'laa gerel', 'ger akhuy zoriulsan sintetik turshiltyn bueteegdekhueuen laa gerel', 'yanzyn laa', 'talyn od', 'ger ahui ahuy akhui akhuy', 'laa gerel', 'ger ahui ahuy akhui akhuy zoriulsan sintetik turshiltyn buteegdehuun buteegdehuin buteegdehiun buteegdehiin buteegdekhuun buteegdekhuin buteegdekhiun buteegdekhiin laa gerel');
INSERT OR IGNORE INTO search_terms (term, product_id, field, representation) VALUES ('янзын', 21, 'title', 'native');
INSERT OR IGNORE INTO search_deletion_keys (deletion_key, term, product_id, field, representation) VALUES ('янзын', 'янзын', 21, 'title', 'native');
INSERT OR IGNORE INTO search_deletion_keys (deletion_key, term, product_id, field, representation) VALUES ('нзын', 'янзын', 21, 'title', 'native');
INSERT OR IGNORE INTO search_deletion_keys (deletion_key, term, product_id, field, representation) VALUES ('язын', 'янзын', 21, 'title', 'native');
INSERT OR IGNORE INTO search_deletion_keys (deletion_key, term, product_id, field, representation) VALUES ('янын', 'янзын', 21, 'title', 'native');
INSERT OR IGNORE INTO search_deletion_keys (deletion_key, term, product_id, field, representation) VALUES ('янзн', 'янзын', 21, 'title', 'native');
INSERT OR IGNORE INTO search_deletion_keys (deletion_key, term, product_id, field, representation) VALUES ('янзы', 'янзын', 21, 'title', 'native');
INSERT OR IGNORE INTO search_terms (term, product_id, field, representation) VALUES ('yanzyn', 21, 'title', 'strict');
INSERT OR IGNORE INTO search_deletion_keys (deletion_key, term, product_id, field, representation) VALUES ('yanzyn', 'yanzyn', 21, 'title', 'strict');
INSERT OR IGNORE INTO search_deletion_keys (deletion_key, term, product_id, field, representation) VALUES ('anzyn', 'yanzyn', 21, 'title', 'strict');
INSERT OR IGNORE INTO search_deletion_keys (deletion_key, term, product_id, field, representation) VALUES ('ynzyn', 'yanzyn', 21, 'title', 'strict');
INSERT OR IGNORE INTO search_deletion_keys (deletion_key, term, product_id, field, representation) VALUES ('yazyn', 'yanzyn', 21, 'title', 'strict');
INSERT OR IGNORE INTO search_deletion_keys (deletion_key, term, product_id, field, representation) VALUES ('yanyn', 'yanzyn', 21, 'title', 'strict');
INSERT OR IGNORE INTO search_deletion_keys (deletion_key, term, product_id, field, representation) VALUES ('yanzn', 'yanzyn', 21, 'title', 'strict');
INSERT OR IGNORE INTO search_deletion_keys (deletion_key, term, product_id, field, representation) VALUES ('yanzy', 'yanzyn', 21, 'title', 'strict');
INSERT OR IGNORE INTO search_terms (term, product_id, field, representation) VALUES ('ianzin', 21, 'title', 'basic');
INSERT OR IGNORE INTO search_deletion_keys (deletion_key, term, product_id, field, representation) VALUES ('ianzin', 'ianzin', 21, 'title', 'basic');
INSERT OR IGNORE INTO search_deletion_keys (deletion_key, term, product_id, field, representation) VALUES ('anzin', 'ianzin', 21, 'title', 'basic');
INSERT OR IGNORE INTO search_deletion_keys (deletion_key, term, product_id, field, representation) VALUES ('inzin', 'ianzin', 21, 'title', 'basic');
INSERT OR IGNORE INTO search_deletion_keys (deletion_key, term, product_id, field, representation) VALUES ('iazin', 'ianzin', 21, 'title', 'basic');
INSERT OR IGNORE INTO search_deletion_keys (deletion_key, term, product_id, field, representation) VALUES ('ianin', 'ianzin', 21, 'title', 'basic');
INSERT OR IGNORE INTO search_deletion_keys (deletion_key, term, product_id, field, representation) VALUES ('ianzn', 'ianzin', 21, 'title', 'basic');
INSERT OR IGNORE INTO search_deletion_keys (deletion_key, term, product_id, field, representation) VALUES ('ianzi', 'ianzin', 21, 'title', 'basic');
INSERT OR IGNORE INTO search_terms (term, product_id, field, representation) VALUES ('талын', 21, 'brand', 'native');
INSERT OR IGNORE INTO search_deletion_keys (deletion_key, term, product_id, field, representation) VALUES ('талын', 'талын', 21, 'brand', 'native');
INSERT OR IGNORE INTO search_deletion_keys (deletion_key, term, product_id, field, representation) VALUES ('алын', 'талын', 21, 'brand', 'native');
INSERT OR IGNORE INTO search_deletion_keys (deletion_key, term, product_id, field, representation) VALUES ('тлын', 'талын', 21, 'brand', 'native');
INSERT OR IGNORE INTO search_deletion_keys (deletion_key, term, product_id, field, representation) VALUES ('таын', 'талын', 21, 'brand', 'native');
INSERT OR IGNORE INTO search_deletion_keys (deletion_key, term, product_id, field, representation) VALUES ('талн', 'талын', 21, 'brand', 'native');
INSERT OR IGNORE INTO search_deletion_keys (deletion_key, term, product_id, field, representation) VALUES ('талы', 'талын', 21, 'brand', 'native');
INSERT OR IGNORE INTO search_terms (term, product_id, field, representation) VALUES ('talyn', 21, 'brand', 'strict');
INSERT OR IGNORE INTO search_deletion_keys (deletion_key, term, product_id, field, representation) VALUES ('talyn', 'talyn', 21, 'brand', 'strict');
INSERT OR IGNORE INTO search_deletion_keys (deletion_key, term, product_id, field, representation) VALUES ('alyn', 'talyn', 21, 'brand', 'strict');
INSERT OR IGNORE INTO search_deletion_keys (deletion_key, term, product_id, field, representation) VALUES ('tlyn', 'talyn', 21, 'brand', 'strict');
INSERT OR IGNORE INTO search_deletion_keys (deletion_key, term, product_id, field, representation) VALUES ('tayn', 'talyn', 21, 'brand', 'strict');
INSERT OR IGNORE INTO search_deletion_keys (deletion_key, term, product_id, field, representation) VALUES ('taln', 'talyn', 21, 'brand', 'strict');
INSERT OR IGNORE INTO search_deletion_keys (deletion_key, term, product_id, field, representation) VALUES ('taly', 'talyn', 21, 'brand', 'strict');
INSERT OR IGNORE INTO search_terms (term, product_id, field, representation) VALUES ('talin', 21, 'brand', 'basic');
INSERT OR IGNORE INTO search_deletion_keys (deletion_key, term, product_id, field, representation) VALUES ('talin', 'talin', 21, 'brand', 'basic');
INSERT OR IGNORE INTO search_deletion_keys (deletion_key, term, product_id, field, representation) VALUES ('alin', 'talin', 21, 'brand', 'basic');
INSERT OR IGNORE INTO search_deletion_keys (deletion_key, term, product_id, field, representation) VALUES ('tlin', 'talin', 21, 'brand', 'basic');
INSERT OR IGNORE INTO search_deletion_keys (deletion_key, term, product_id, field, representation) VALUES ('tain', 'talin', 21, 'brand', 'basic');
INSERT OR IGNORE INTO search_deletion_keys (deletion_key, term, product_id, field, representation) VALUES ('taln', 'talin', 21, 'brand', 'basic');
INSERT OR IGNORE INTO search_deletion_keys (deletion_key, term, product_id, field, representation) VALUES ('tali', 'talin', 21, 'brand', 'basic');
INSERT OR IGNORE INTO search_terms (term, product_id, field, representation) VALUES ('ахуй', 21, 'category', 'native');
INSERT OR IGNORE INTO search_deletion_keys (deletion_key, term, product_id, field, representation) VALUES ('ахуй', 'ахуй', 21, 'category', 'native');
INSERT OR IGNORE INTO search_deletion_keys (deletion_key, term, product_id, field, representation) VALUES ('хуй', 'ахуй', 21, 'category', 'native');
INSERT OR IGNORE INTO search_deletion_keys (deletion_key, term, product_id, field, representation) VALUES ('ауй', 'ахуй', 21, 'category', 'native');
INSERT OR IGNORE INTO search_deletion_keys (deletion_key, term, product_id, field, representation) VALUES ('ахй', 'ахуй', 21, 'category', 'native');
INSERT OR IGNORE INTO search_deletion_keys (deletion_key, term, product_id, field, representation) VALUES ('аху', 'ахуй', 21, 'category', 'native');
INSERT OR IGNORE INTO search_terms (term, product_id, field, representation) VALUES ('akhuy', 21, 'category', 'strict');
INSERT OR IGNORE INTO search_deletion_keys (deletion_key, term, product_id, field, representation) VALUES ('akhuy', 'akhuy', 21, 'category', 'strict');
INSERT OR IGNORE INTO search_deletion_keys (deletion_key, term, product_id, field, representation) VALUES ('khuy', 'akhuy', 21, 'category', 'strict');
INSERT OR IGNORE INTO search_deletion_keys (deletion_key, term, product_id, field, representation) VALUES ('ahuy', 'akhuy', 21, 'category', 'strict');
INSERT OR IGNORE INTO search_deletion_keys (deletion_key, term, product_id, field, representation) VALUES ('akuy', 'akhuy', 21, 'category', 'strict');
INSERT OR IGNORE INTO search_deletion_keys (deletion_key, term, product_id, field, representation) VALUES ('akhy', 'akhuy', 21, 'category', 'strict');
INSERT OR IGNORE INTO search_deletion_keys (deletion_key, term, product_id, field, representation) VALUES ('akhu', 'akhuy', 21, 'category', 'strict');
INSERT OR IGNORE INTO search_terms (term, product_id, field, representation) VALUES ('akhui', 21, 'category', 'basic');
INSERT OR IGNORE INTO search_deletion_keys (deletion_key, term, product_id, field, representation) VALUES ('akhui', 'akhui', 21, 'category', 'basic');
INSERT OR IGNORE INTO search_deletion_keys (deletion_key, term, product_id, field, representation) VALUES ('khui', 'akhui', 21, 'category', 'basic');
INSERT OR IGNORE INTO search_deletion_keys (deletion_key, term, product_id, field, representation) VALUES ('ahui', 'akhui', 21, 'category', 'basic');
INSERT OR IGNORE INTO search_deletion_keys (deletion_key, term, product_id, field, representation) VALUES ('akui', 'akhui', 21, 'category', 'basic');
INSERT OR IGNORE INTO search_deletion_keys (deletion_key, term, product_id, field, representation) VALUES ('akhi', 'akhui', 21, 'category', 'basic');
INSERT OR IGNORE INTO search_deletion_keys (deletion_key, term, product_id, field, representation) VALUES ('akhu', 'akhui', 21, 'category', 'basic');
INSERT INTO products (id, sku, sku_normalized, name, category, tags, price_mnt, strict_key, basic_key, brand, description, available, merchandising_position) VALUES (22, 'HV-Ю-022', 'hvю022', 'Юмны хайрцаг', 'Гэр ахуй', 'хайрцаг, хадгалалт', 48750, 'юмны хайрцаг гэр ахуй хайрцаг хадгалалт hv ю 022 yumny khayrtsag ger akhuy khayrtsag khadgalalt hv yu 022', 'юмны хайрцаг гэр ахуй хайрцаг хадгалалт hv ю 022 iumni khairtsag ger akhui khairtsag khadgalalt hv iu 022', 'Хөх Тэнгэр', 'Гэр ахуй зориулсан синтетик туршилтын бүтээгдэхүүн хайрцаг, хадгалалт', 1, 22);
INSERT INTO product_search (product_id, name, category, tags, sku, strict_key, basic_key) VALUES (22, 'юмны хайрцаг yumny khayrtsag', 'гэр ахуй ger akhuy', 'хайрцаг хадгалалт khayrtsag khadgalalt', 'hv ю 022 hv yu 022', 'юмны хайрцаг гэр ахуй хайрцаг хадгалалт hv ю 022 yumny khayrtsag ger akhuy khayrtsag khadgalalt hv yu 022', 'юмны хайрцаг гэр ахуй хайрцаг хадгалалт hv ю 022 iumni khairtsag ger akhui khairtsag khadgalalt hv iu 022');
INSERT INTO product_search_tiered (product_id, native_key, strict_key, basic_key, sku_key) VALUES (22, 'юмны хайрцаг гэр ахуй хайрцаг хадгалалт hv ю 022', 'yumny khayrtsag ger akhuy khayrtsag khadgalalt hv yu 022', 'yumny haircag hairtsag hayrcag hayrtsag khaircag khairtsag khayrcag khayrtsag ger ahui ahuy akhui akhuy haircag hairtsag hayrcag hayrtsag khaircag khairtsag khayrcag khayrtsag hadgalalt khadgalalt hv 022', 'hvю022');
INSERT INTO product_search_resilient (product_id, title_native, brand_native, category_native, tags_native, description_native, title_strict, brand_strict, category_strict, tags_strict, description_strict, title_basic, brand_basic, category_basic, tags_basic, description_basic) VALUES (22, 'юмны хайрцаг', 'хөх тэнгэр', 'гэр ахуй', 'хайрцаг хадгалалт', 'гэр ахуй зориулсан синтетик туршилтын бүтээгдэхүүн хайрцаг хадгалалт', 'yumny khayrtsag', 'khoekh tenger', 'ger akhuy', 'khayrtsag khadgalalt', 'ger akhuy zoriulsan sintetik turshiltyn bueteegdekhueuen khayrtsag khadgalalt', 'yumny haircag hairtsag hayrcag hayrtsag khaircag khairtsag khayrcag khayrtsag', 'hoh hokh huh hukh khoh khokh khuh khukh tenger', 'ger ahui ahuy akhui akhuy', 'haircag hairtsag hayrcag hayrtsag khaircag khairtsag khayrcag khayrtsag hadgalalt khadgalalt', 'ger ahui ahuy akhui akhuy zoriulsan sintetik turshiltyn buteegdehuun buteegdehuin buteegdehiun buteegdehiin buteegdekhuun buteegdekhuin buteegdekhiun buteegdekhiin haircag hairtsag hayrcag hayrtsag khaircag khairtsag khayrcag khayrtsag hadgalalt khadgalalt');
INSERT OR IGNORE INTO search_terms (term, product_id, field, representation) VALUES ('юмны', 22, 'title', 'native');
INSERT OR IGNORE INTO search_deletion_keys (deletion_key, term, product_id, field, representation) VALUES ('юмны', 'юмны', 22, 'title', 'native');
INSERT OR IGNORE INTO search_deletion_keys (deletion_key, term, product_id, field, representation) VALUES ('мны', 'юмны', 22, 'title', 'native');
INSERT OR IGNORE INTO search_deletion_keys (deletion_key, term, product_id, field, representation) VALUES ('юны', 'юмны', 22, 'title', 'native');
INSERT OR IGNORE INTO search_deletion_keys (deletion_key, term, product_id, field, representation) VALUES ('юмы', 'юмны', 22, 'title', 'native');
INSERT OR IGNORE INTO search_deletion_keys (deletion_key, term, product_id, field, representation) VALUES ('юмн', 'юмны', 22, 'title', 'native');
INSERT OR IGNORE INTO search_terms (term, product_id, field, representation) VALUES ('хайрцаг', 22, 'title', 'native');
INSERT OR IGNORE INTO search_deletion_keys (deletion_key, term, product_id, field, representation) VALUES ('хайрцаг', 'хайрцаг', 22, 'title', 'native');
INSERT OR IGNORE INTO search_deletion_keys (deletion_key, term, product_id, field, representation) VALUES ('айрцаг', 'хайрцаг', 22, 'title', 'native');
INSERT OR IGNORE INTO search_deletion_keys (deletion_key, term, product_id, field, representation) VALUES ('хйрцаг', 'хайрцаг', 22, 'title', 'native');
INSERT OR IGNORE INTO search_deletion_keys (deletion_key, term, product_id, field, representation) VALUES ('харцаг', 'хайрцаг', 22, 'title', 'native');
INSERT OR IGNORE INTO search_deletion_keys (deletion_key, term, product_id, field, representation) VALUES ('хайцаг', 'хайрцаг', 22, 'title', 'native');
INSERT OR IGNORE INTO search_deletion_keys (deletion_key, term, product_id, field, representation) VALUES ('хайраг', 'хайрцаг', 22, 'title', 'native');
INSERT OR IGNORE INTO search_deletion_keys (deletion_key, term, product_id, field, representation) VALUES ('хайрцг', 'хайрцаг', 22, 'title', 'native');
INSERT OR IGNORE INTO search_deletion_keys (deletion_key, term, product_id, field, representation) VALUES ('хайрца', 'хайрцаг', 22, 'title', 'native');
INSERT OR IGNORE INTO search_terms (term, product_id, field, representation) VALUES ('yumny', 22, 'title', 'strict');
INSERT OR IGNORE INTO search_deletion_keys (deletion_key, term, product_id, field, representation) VALUES ('yumny', 'yumny', 22, 'title', 'strict');
INSERT OR IGNORE INTO search_deletion_keys (deletion_key, term, product_id, field, representation) VALUES ('umny', 'yumny', 22, 'title', 'strict');
INSERT OR IGNORE INTO search_deletion_keys (deletion_key, term, product_id, field, representation) VALUES ('ymny', 'yumny', 22, 'title', 'strict');
INSERT OR IGNORE INTO search_deletion_keys (deletion_key, term, product_id, field, representation) VALUES ('yuny', 'yumny', 22, 'title', 'strict');
INSERT OR IGNORE INTO search_deletion_keys (deletion_key, term, product_id, field, representation) VALUES ('yumy', 'yumny', 22, 'title', 'strict');
INSERT OR IGNORE INTO search_deletion_keys (deletion_key, term, product_id, field, representation) VALUES ('yumn', 'yumny', 22, 'title', 'strict');
INSERT OR IGNORE INTO search_terms (term, product_id, field, representation) VALUES ('khayrtsag', 22, 'title', 'strict');
INSERT OR IGNORE INTO search_deletion_keys (deletion_key, term, product_id, field, representation) VALUES ('khayrtsag', 'khayrtsag', 22, 'title', 'strict');
INSERT OR IGNORE INTO search_deletion_keys (deletion_key, term, product_id, field, representation) VALUES ('hayrtsag', 'khayrtsag', 22, 'title', 'strict');
INSERT OR IGNORE INTO search_deletion_keys (deletion_key, term, product_id, field, representation) VALUES ('kayrtsag', 'khayrtsag', 22, 'title', 'strict');
INSERT OR IGNORE INTO search_deletion_keys (deletion_key, term, product_id, field, representation) VALUES ('khyrtsag', 'khayrtsag', 22, 'title', 'strict');
INSERT OR IGNORE INTO search_deletion_keys (deletion_key, term, product_id, field, representation) VALUES ('khartsag', 'khayrtsag', 22, 'title', 'strict');
INSERT OR IGNORE INTO search_deletion_keys (deletion_key, term, product_id, field, representation) VALUES ('khaytsag', 'khayrtsag', 22, 'title', 'strict');
INSERT OR IGNORE INTO search_deletion_keys (deletion_key, term, product_id, field, representation) VALUES ('khayrsag', 'khayrtsag', 22, 'title', 'strict');
INSERT OR IGNORE INTO search_deletion_keys (deletion_key, term, product_id, field, representation) VALUES ('khayrtag', 'khayrtsag', 22, 'title', 'strict');
INSERT OR IGNORE INTO search_deletion_keys (deletion_key, term, product_id, field, representation) VALUES ('khayrtsg', 'khayrtsag', 22, 'title', 'strict');
INSERT OR IGNORE INTO search_deletion_keys (deletion_key, term, product_id, field, representation) VALUES ('khayrtsa', 'khayrtsag', 22, 'title', 'strict');
INSERT OR IGNORE INTO search_terms (term, product_id, field, representation) VALUES ('iumni', 22, 'title', 'basic');
INSERT OR IGNORE INTO search_deletion_keys (deletion_key, term, product_id, field, representation) VALUES ('iumni', 'iumni', 22, 'title', 'basic');
INSERT OR IGNORE INTO search_deletion_keys (deletion_key, term, product_id, field, representation) VALUES ('umni', 'iumni', 22, 'title', 'basic');
INSERT OR IGNORE INTO search_deletion_keys (deletion_key, term, product_id, field, representation) VALUES ('imni', 'iumni', 22, 'title', 'basic');
INSERT OR IGNORE INTO search_deletion_keys (deletion_key, term, product_id, field, representation) VALUES ('iuni', 'iumni', 22, 'title', 'basic');
INSERT OR IGNORE INTO search_deletion_keys (deletion_key, term, product_id, field, representation) VALUES ('iumi', 'iumni', 22, 'title', 'basic');
INSERT OR IGNORE INTO search_deletion_keys (deletion_key, term, product_id, field, representation) VALUES ('iumn', 'iumni', 22, 'title', 'basic');
INSERT OR IGNORE INTO search_terms (term, product_id, field, representation) VALUES ('khairtsag', 22, 'title', 'basic');
INSERT OR IGNORE INTO search_deletion_keys (deletion_key, term, product_id, field, representation) VALUES ('khairtsag', 'khairtsag', 22, 'title', 'basic');
INSERT OR IGNORE INTO search_deletion_keys (deletion_key, term, product_id, field, representation) VALUES ('hairtsag', 'khairtsag', 22, 'title', 'basic');
INSERT OR IGNORE INTO search_deletion_keys (deletion_key, term, product_id, field, representation) VALUES ('kairtsag', 'khairtsag', 22, 'title', 'basic');
INSERT OR IGNORE INTO search_deletion_keys (deletion_key, term, product_id, field, representation) VALUES ('khirtsag', 'khairtsag', 22, 'title', 'basic');
INSERT OR IGNORE INTO search_deletion_keys (deletion_key, term, product_id, field, representation) VALUES ('khartsag', 'khairtsag', 22, 'title', 'basic');
INSERT OR IGNORE INTO search_deletion_keys (deletion_key, term, product_id, field, representation) VALUES ('khaitsag', 'khairtsag', 22, 'title', 'basic');
INSERT OR IGNORE INTO search_deletion_keys (deletion_key, term, product_id, field, representation) VALUES ('khairsag', 'khairtsag', 22, 'title', 'basic');
INSERT OR IGNORE INTO search_deletion_keys (deletion_key, term, product_id, field, representation) VALUES ('khairtag', 'khairtsag', 22, 'title', 'basic');
INSERT OR IGNORE INTO search_deletion_keys (deletion_key, term, product_id, field, representation) VALUES ('khairtsg', 'khairtsag', 22, 'title', 'basic');
INSERT OR IGNORE INTO search_deletion_keys (deletion_key, term, product_id, field, representation) VALUES ('khairtsa', 'khairtsag', 22, 'title', 'basic');
INSERT OR IGNORE INTO search_terms (term, product_id, field, representation) VALUES ('тэнгэр', 22, 'brand', 'native');
INSERT OR IGNORE INTO search_deletion_keys (deletion_key, term, product_id, field, representation) VALUES ('тэнгэр', 'тэнгэр', 22, 'brand', 'native');
INSERT OR IGNORE INTO search_deletion_keys (deletion_key, term, product_id, field, representation) VALUES ('энгэр', 'тэнгэр', 22, 'brand', 'native');
INSERT OR IGNORE INTO search_deletion_keys (deletion_key, term, product_id, field, representation) VALUES ('тнгэр', 'тэнгэр', 22, 'brand', 'native');
INSERT OR IGNORE INTO search_deletion_keys (deletion_key, term, product_id, field, representation) VALUES ('тэгэр', 'тэнгэр', 22, 'brand', 'native');
INSERT OR IGNORE INTO search_deletion_keys (deletion_key, term, product_id, field, representation) VALUES ('тэнэр', 'тэнгэр', 22, 'brand', 'native');
INSERT OR IGNORE INTO search_deletion_keys (deletion_key, term, product_id, field, representation) VALUES ('тэнгр', 'тэнгэр', 22, 'brand', 'native');
INSERT OR IGNORE INTO search_deletion_keys (deletion_key, term, product_id, field, representation) VALUES ('тэнгэ', 'тэнгэр', 22, 'brand', 'native');
INSERT OR IGNORE INTO search_terms (term, product_id, field, representation) VALUES ('khoekh', 22, 'brand', 'strict');
INSERT OR IGNORE INTO search_deletion_keys (deletion_key, term, product_id, field, representation) VALUES ('khoekh', 'khoekh', 22, 'brand', 'strict');
INSERT OR IGNORE INTO search_deletion_keys (deletion_key, term, product_id, field, representation) VALUES ('hoekh', 'khoekh', 22, 'brand', 'strict');
INSERT OR IGNORE INTO search_deletion_keys (deletion_key, term, product_id, field, representation) VALUES ('koekh', 'khoekh', 22, 'brand', 'strict');
INSERT OR IGNORE INTO search_deletion_keys (deletion_key, term, product_id, field, representation) VALUES ('khekh', 'khoekh', 22, 'brand', 'strict');
INSERT OR IGNORE INTO search_deletion_keys (deletion_key, term, product_id, field, representation) VALUES ('khokh', 'khoekh', 22, 'brand', 'strict');
INSERT OR IGNORE INTO search_deletion_keys (deletion_key, term, product_id, field, representation) VALUES ('khoeh', 'khoekh', 22, 'brand', 'strict');
INSERT OR IGNORE INTO search_deletion_keys (deletion_key, term, product_id, field, representation) VALUES ('khoek', 'khoekh', 22, 'brand', 'strict');
INSERT OR IGNORE INTO search_terms (term, product_id, field, representation) VALUES ('tenger', 22, 'brand', 'strict');
INSERT OR IGNORE INTO search_deletion_keys (deletion_key, term, product_id, field, representation) VALUES ('tenger', 'tenger', 22, 'brand', 'strict');
INSERT OR IGNORE INTO search_deletion_keys (deletion_key, term, product_id, field, representation) VALUES ('enger', 'tenger', 22, 'brand', 'strict');
INSERT OR IGNORE INTO search_deletion_keys (deletion_key, term, product_id, field, representation) VALUES ('tnger', 'tenger', 22, 'brand', 'strict');
INSERT OR IGNORE INTO search_deletion_keys (deletion_key, term, product_id, field, representation) VALUES ('teger', 'tenger', 22, 'brand', 'strict');
INSERT OR IGNORE INTO search_deletion_keys (deletion_key, term, product_id, field, representation) VALUES ('tener', 'tenger', 22, 'brand', 'strict');
INSERT OR IGNORE INTO search_deletion_keys (deletion_key, term, product_id, field, representation) VALUES ('tengr', 'tenger', 22, 'brand', 'strict');
INSERT OR IGNORE INTO search_deletion_keys (deletion_key, term, product_id, field, representation) VALUES ('tenge', 'tenger', 22, 'brand', 'strict');
INSERT OR IGNORE INTO search_terms (term, product_id, field, representation) VALUES ('khokh', 22, 'brand', 'basic');
INSERT OR IGNORE INTO search_deletion_keys (deletion_key, term, product_id, field, representation) VALUES ('khokh', 'khokh', 22, 'brand', 'basic');
INSERT OR IGNORE INTO search_deletion_keys (deletion_key, term, product_id, field, representation) VALUES ('hokh', 'khokh', 22, 'brand', 'basic');
INSERT OR IGNORE INTO search_deletion_keys (deletion_key, term, product_id, field, representation) VALUES ('kokh', 'khokh', 22, 'brand', 'basic');
INSERT OR IGNORE INTO search_deletion_keys (deletion_key, term, product_id, field, representation) VALUES ('khkh', 'khokh', 22, 'brand', 'basic');
INSERT OR IGNORE INTO search_deletion_keys (deletion_key, term, product_id, field, representation) VALUES ('khoh', 'khokh', 22, 'brand', 'basic');
INSERT OR IGNORE INTO search_deletion_keys (deletion_key, term, product_id, field, representation) VALUES ('khok', 'khokh', 22, 'brand', 'basic');
INSERT OR IGNORE INTO search_terms (term, product_id, field, representation) VALUES ('tenger', 22, 'brand', 'basic');
INSERT OR IGNORE INTO search_deletion_keys (deletion_key, term, product_id, field, representation) VALUES ('tenger', 'tenger', 22, 'brand', 'basic');
INSERT OR IGNORE INTO search_deletion_keys (deletion_key, term, product_id, field, representation) VALUES ('enger', 'tenger', 22, 'brand', 'basic');
INSERT OR IGNORE INTO search_deletion_keys (deletion_key, term, product_id, field, representation) VALUES ('tnger', 'tenger', 22, 'brand', 'basic');
INSERT OR IGNORE INTO search_deletion_keys (deletion_key, term, product_id, field, representation) VALUES ('teger', 'tenger', 22, 'brand', 'basic');
INSERT OR IGNORE INTO search_deletion_keys (deletion_key, term, product_id, field, representation) VALUES ('tener', 'tenger', 22, 'brand', 'basic');
INSERT OR IGNORE INTO search_deletion_keys (deletion_key, term, product_id, field, representation) VALUES ('tengr', 'tenger', 22, 'brand', 'basic');
INSERT OR IGNORE INTO search_deletion_keys (deletion_key, term, product_id, field, representation) VALUES ('tenge', 'tenger', 22, 'brand', 'basic');
INSERT OR IGNORE INTO search_terms (term, product_id, field, representation) VALUES ('ахуй', 22, 'category', 'native');
INSERT OR IGNORE INTO search_deletion_keys (deletion_key, term, product_id, field, representation) VALUES ('ахуй', 'ахуй', 22, 'category', 'native');
INSERT OR IGNORE INTO search_deletion_keys (deletion_key, term, product_id, field, representation) VALUES ('хуй', 'ахуй', 22, 'category', 'native');
INSERT OR IGNORE INTO search_deletion_keys (deletion_key, term, product_id, field, representation) VALUES ('ауй', 'ахуй', 22, 'category', 'native');
INSERT OR IGNORE INTO search_deletion_keys (deletion_key, term, product_id, field, representation) VALUES ('ахй', 'ахуй', 22, 'category', 'native');
INSERT OR IGNORE INTO search_deletion_keys (deletion_key, term, product_id, field, representation) VALUES ('аху', 'ахуй', 22, 'category', 'native');
INSERT OR IGNORE INTO search_terms (term, product_id, field, representation) VALUES ('akhuy', 22, 'category', 'strict');
INSERT OR IGNORE INTO search_deletion_keys (deletion_key, term, product_id, field, representation) VALUES ('akhuy', 'akhuy', 22, 'category', 'strict');
INSERT OR IGNORE INTO search_deletion_keys (deletion_key, term, product_id, field, representation) VALUES ('khuy', 'akhuy', 22, 'category', 'strict');
INSERT OR IGNORE INTO search_deletion_keys (deletion_key, term, product_id, field, representation) VALUES ('ahuy', 'akhuy', 22, 'category', 'strict');
INSERT OR IGNORE INTO search_deletion_keys (deletion_key, term, product_id, field, representation) VALUES ('akuy', 'akhuy', 22, 'category', 'strict');
INSERT OR IGNORE INTO search_deletion_keys (deletion_key, term, product_id, field, representation) VALUES ('akhy', 'akhuy', 22, 'category', 'strict');
INSERT OR IGNORE INTO search_deletion_keys (deletion_key, term, product_id, field, representation) VALUES ('akhu', 'akhuy', 22, 'category', 'strict');
INSERT OR IGNORE INTO search_terms (term, product_id, field, representation) VALUES ('akhui', 22, 'category', 'basic');
INSERT OR IGNORE INTO search_deletion_keys (deletion_key, term, product_id, field, representation) VALUES ('akhui', 'akhui', 22, 'category', 'basic');
INSERT OR IGNORE INTO search_deletion_keys (deletion_key, term, product_id, field, representation) VALUES ('khui', 'akhui', 22, 'category', 'basic');
INSERT OR IGNORE INTO search_deletion_keys (deletion_key, term, product_id, field, representation) VALUES ('ahui', 'akhui', 22, 'category', 'basic');
INSERT OR IGNORE INTO search_deletion_keys (deletion_key, term, product_id, field, representation) VALUES ('akui', 'akhui', 22, 'category', 'basic');
INSERT OR IGNORE INTO search_deletion_keys (deletion_key, term, product_id, field, representation) VALUES ('akhi', 'akhui', 22, 'category', 'basic');
INSERT OR IGNORE INTO search_deletion_keys (deletion_key, term, product_id, field, representation) VALUES ('akhu', 'akhui', 22, 'category', 'basic');
INSERT INTO products (id, sku, sku_normalized, name, category, tags, price_mnt, strict_key, basic_key, brand, description, available, merchandising_position) VALUES (23, 'HV-Н-023', 'hvн023', 'Ногоон цай', 'Хүнс', 'ногоон, цай', 50500, 'ногоон цай хүнс ногоон цай hv н 023 nogoon tsay khüns nogoon tsay hv n 023', 'ногоон цай хүнс ногоон цай hv н 023 nogoon tsai khuns nogoon tsai hv n 023', 'Алтан Өргөө', 'Хүнс зориулсан синтетик туршилтын бүтээгдэхүүн ногоон, цай', 1, 23);
INSERT INTO product_search (product_id, name, category, tags, sku, strict_key, basic_key) VALUES (23, 'ногоон цай nogoon tsay', 'хүнс khüns', 'ногоон цай nogoon tsay', 'hv н 023 hv n 023', 'ногоон цай хүнс ногоон цай hv н 023 nogoon tsay khüns nogoon tsay hv n 023', 'ногоон цай хүнс ногоон цай hv н 023 nogoon tsai khuns nogoon tsai hv n 023');
INSERT INTO product_search_tiered (product_id, native_key, strict_key, basic_key, sku_key) VALUES (23, 'ногоон цай хүнс ногоон цай hv н 023', 'nogoon tsay khuens nogoon tsay hv n 023', 'nogoon cai cay tsai tsay huns hins khuns khins nogoon cai cay tsai tsay hv 023', 'hvн023');
INSERT INTO product_search_resilient (product_id, title_native, brand_native, category_native, tags_native, description_native, title_strict, brand_strict, category_strict, tags_strict, description_strict, title_basic, brand_basic, category_basic, tags_basic, description_basic) VALUES (23, 'ногоон цай', 'алтан өргөө', 'хүнс', 'ногоон цай', 'хүнс зориулсан синтетик туршилтын бүтээгдэхүүн ногоон цай', 'nogoon tsay', 'altan oergoeoe', 'khuens', 'nogoon tsay', 'khuens zoriulsan sintetik turshiltyn bueteegdekhueuen nogoon tsay', 'nogoon cai cay tsai tsay', 'altan orgoo orgou orguo orguu urgoo urgou urguo urguu', 'huns hins khuns khins', 'nogoon cai cay tsai tsay', 'huns hins khuns khins zoriulsan sintetik turshiltyn buteegdehuun buteegdehuin buteegdehiun buteegdehiin buteegdekhuun buteegdekhuin buteegdekhiun buteegdekhiin nogoon cai cay tsai tsay');
INSERT OR IGNORE INTO search_terms (term, product_id, field, representation) VALUES ('ногоон', 23, 'title', 'native');
INSERT OR IGNORE INTO search_deletion_keys (deletion_key, term, product_id, field, representation) VALUES ('ногоон', 'ногоон', 23, 'title', 'native');
INSERT OR IGNORE INTO search_deletion_keys (deletion_key, term, product_id, field, representation) VALUES ('огоон', 'ногоон', 23, 'title', 'native');
INSERT OR IGNORE INTO search_deletion_keys (deletion_key, term, product_id, field, representation) VALUES ('нгоон', 'ногоон', 23, 'title', 'native');
INSERT OR IGNORE INTO search_deletion_keys (deletion_key, term, product_id, field, representation) VALUES ('нооон', 'ногоон', 23, 'title', 'native');
INSERT OR IGNORE INTO search_deletion_keys (deletion_key, term, product_id, field, representation) VALUES ('ногон', 'ногоон', 23, 'title', 'native');
INSERT OR IGNORE INTO search_deletion_keys (deletion_key, term, product_id, field, representation) VALUES ('ногоо', 'ногоон', 23, 'title', 'native');
INSERT OR IGNORE INTO search_terms (term, product_id, field, representation) VALUES ('nogoon', 23, 'title', 'strict');
INSERT OR IGNORE INTO search_deletion_keys (deletion_key, term, product_id, field, representation) VALUES ('nogoon', 'nogoon', 23, 'title', 'strict');
INSERT OR IGNORE INTO search_deletion_keys (deletion_key, term, product_id, field, representation) VALUES ('ogoon', 'nogoon', 23, 'title', 'strict');
INSERT OR IGNORE INTO search_deletion_keys (deletion_key, term, product_id, field, representation) VALUES ('ngoon', 'nogoon', 23, 'title', 'strict');
INSERT OR IGNORE INTO search_deletion_keys (deletion_key, term, product_id, field, representation) VALUES ('nooon', 'nogoon', 23, 'title', 'strict');
INSERT OR IGNORE INTO search_deletion_keys (deletion_key, term, product_id, field, representation) VALUES ('nogon', 'nogoon', 23, 'title', 'strict');
INSERT OR IGNORE INTO search_deletion_keys (deletion_key, term, product_id, field, representation) VALUES ('nogoo', 'nogoon', 23, 'title', 'strict');
INSERT OR IGNORE INTO search_terms (term, product_id, field, representation) VALUES ('tsay', 23, 'title', 'strict');
INSERT OR IGNORE INTO search_deletion_keys (deletion_key, term, product_id, field, representation) VALUES ('tsay', 'tsay', 23, 'title', 'strict');
INSERT OR IGNORE INTO search_deletion_keys (deletion_key, term, product_id, field, representation) VALUES ('say', 'tsay', 23, 'title', 'strict');
INSERT OR IGNORE INTO search_deletion_keys (deletion_key, term, product_id, field, representation) VALUES ('tay', 'tsay', 23, 'title', 'strict');
INSERT OR IGNORE INTO search_deletion_keys (deletion_key, term, product_id, field, representation) VALUES ('tsy', 'tsay', 23, 'title', 'strict');
INSERT OR IGNORE INTO search_deletion_keys (deletion_key, term, product_id, field, representation) VALUES ('tsa', 'tsay', 23, 'title', 'strict');
INSERT OR IGNORE INTO search_terms (term, product_id, field, representation) VALUES ('nogoon', 23, 'title', 'basic');
INSERT OR IGNORE INTO search_deletion_keys (deletion_key, term, product_id, field, representation) VALUES ('nogoon', 'nogoon', 23, 'title', 'basic');
INSERT OR IGNORE INTO search_deletion_keys (deletion_key, term, product_id, field, representation) VALUES ('ogoon', 'nogoon', 23, 'title', 'basic');
INSERT OR IGNORE INTO search_deletion_keys (deletion_key, term, product_id, field, representation) VALUES ('ngoon', 'nogoon', 23, 'title', 'basic');
INSERT OR IGNORE INTO search_deletion_keys (deletion_key, term, product_id, field, representation) VALUES ('nooon', 'nogoon', 23, 'title', 'basic');
INSERT OR IGNORE INTO search_deletion_keys (deletion_key, term, product_id, field, representation) VALUES ('nogon', 'nogoon', 23, 'title', 'basic');
INSERT OR IGNORE INTO search_deletion_keys (deletion_key, term, product_id, field, representation) VALUES ('nogoo', 'nogoon', 23, 'title', 'basic');
INSERT OR IGNORE INTO search_terms (term, product_id, field, representation) VALUES ('tsai', 23, 'title', 'basic');
INSERT OR IGNORE INTO search_deletion_keys (deletion_key, term, product_id, field, representation) VALUES ('tsai', 'tsai', 23, 'title', 'basic');
INSERT OR IGNORE INTO search_deletion_keys (deletion_key, term, product_id, field, representation) VALUES ('sai', 'tsai', 23, 'title', 'basic');
INSERT OR IGNORE INTO search_deletion_keys (deletion_key, term, product_id, field, representation) VALUES ('tai', 'tsai', 23, 'title', 'basic');
INSERT OR IGNORE INTO search_deletion_keys (deletion_key, term, product_id, field, representation) VALUES ('tsi', 'tsai', 23, 'title', 'basic');
INSERT OR IGNORE INTO search_deletion_keys (deletion_key, term, product_id, field, representation) VALUES ('tsa', 'tsai', 23, 'title', 'basic');
INSERT OR IGNORE INTO search_terms (term, product_id, field, representation) VALUES ('алтан', 23, 'brand', 'native');
INSERT OR IGNORE INTO search_deletion_keys (deletion_key, term, product_id, field, representation) VALUES ('алтан', 'алтан', 23, 'brand', 'native');
INSERT OR IGNORE INTO search_deletion_keys (deletion_key, term, product_id, field, representation) VALUES ('лтан', 'алтан', 23, 'brand', 'native');
INSERT OR IGNORE INTO search_deletion_keys (deletion_key, term, product_id, field, representation) VALUES ('атан', 'алтан', 23, 'brand', 'native');
INSERT OR IGNORE INTO search_deletion_keys (deletion_key, term, product_id, field, representation) VALUES ('алан', 'алтан', 23, 'brand', 'native');
INSERT OR IGNORE INTO search_deletion_keys (deletion_key, term, product_id, field, representation) VALUES ('алтн', 'алтан', 23, 'brand', 'native');
INSERT OR IGNORE INTO search_deletion_keys (deletion_key, term, product_id, field, representation) VALUES ('алта', 'алтан', 23, 'brand', 'native');
INSERT OR IGNORE INTO search_terms (term, product_id, field, representation) VALUES ('өргөө', 23, 'brand', 'native');
INSERT OR IGNORE INTO search_deletion_keys (deletion_key, term, product_id, field, representation) VALUES ('өргөө', 'өргөө', 23, 'brand', 'native');
INSERT OR IGNORE INTO search_deletion_keys (deletion_key, term, product_id, field, representation) VALUES ('ргөө', 'өргөө', 23, 'brand', 'native');
INSERT OR IGNORE INTO search_deletion_keys (deletion_key, term, product_id, field, representation) VALUES ('өгөө', 'өргөө', 23, 'brand', 'native');
INSERT OR IGNORE INTO search_deletion_keys (deletion_key, term, product_id, field, representation) VALUES ('өрөө', 'өргөө', 23, 'brand', 'native');
INSERT OR IGNORE INTO search_deletion_keys (deletion_key, term, product_id, field, representation) VALUES ('өргө', 'өргөө', 23, 'brand', 'native');
INSERT OR IGNORE INTO search_terms (term, product_id, field, representation) VALUES ('altan', 23, 'brand', 'strict');
INSERT OR IGNORE INTO search_deletion_keys (deletion_key, term, product_id, field, representation) VALUES ('altan', 'altan', 23, 'brand', 'strict');
INSERT OR IGNORE INTO search_deletion_keys (deletion_key, term, product_id, field, representation) VALUES ('ltan', 'altan', 23, 'brand', 'strict');
INSERT OR IGNORE INTO search_deletion_keys (deletion_key, term, product_id, field, representation) VALUES ('atan', 'altan', 23, 'brand', 'strict');
INSERT OR IGNORE INTO search_deletion_keys (deletion_key, term, product_id, field, representation) VALUES ('alan', 'altan', 23, 'brand', 'strict');
INSERT OR IGNORE INTO search_deletion_keys (deletion_key, term, product_id, field, representation) VALUES ('altn', 'altan', 23, 'brand', 'strict');
INSERT OR IGNORE INTO search_deletion_keys (deletion_key, term, product_id, field, representation) VALUES ('alta', 'altan', 23, 'brand', 'strict');
INSERT OR IGNORE INTO search_terms (term, product_id, field, representation) VALUES ('oergoeoe', 23, 'brand', 'strict');
INSERT OR IGNORE INTO search_deletion_keys (deletion_key, term, product_id, field, representation) VALUES ('oergoeoe', 'oergoeoe', 23, 'brand', 'strict');
INSERT OR IGNORE INTO search_deletion_keys (deletion_key, term, product_id, field, representation) VALUES ('ergoeoe', 'oergoeoe', 23, 'brand', 'strict');
INSERT OR IGNORE INTO search_deletion_keys (deletion_key, term, product_id, field, representation) VALUES ('orgoeoe', 'oergoeoe', 23, 'brand', 'strict');
INSERT OR IGNORE INTO search_deletion_keys (deletion_key, term, product_id, field, representation) VALUES ('oegoeoe', 'oergoeoe', 23, 'brand', 'strict');
INSERT OR IGNORE INTO search_deletion_keys (deletion_key, term, product_id, field, representation) VALUES ('oeroeoe', 'oergoeoe', 23, 'brand', 'strict');
INSERT OR IGNORE INTO search_deletion_keys (deletion_key, term, product_id, field, representation) VALUES ('oergeoe', 'oergoeoe', 23, 'brand', 'strict');
INSERT OR IGNORE INTO search_deletion_keys (deletion_key, term, product_id, field, representation) VALUES ('oergooe', 'oergoeoe', 23, 'brand', 'strict');
INSERT OR IGNORE INTO search_deletion_keys (deletion_key, term, product_id, field, representation) VALUES ('oergoee', 'oergoeoe', 23, 'brand', 'strict');
INSERT OR IGNORE INTO search_deletion_keys (deletion_key, term, product_id, field, representation) VALUES ('oergoeo', 'oergoeoe', 23, 'brand', 'strict');
INSERT OR IGNORE INTO search_terms (term, product_id, field, representation) VALUES ('altan', 23, 'brand', 'basic');
INSERT OR IGNORE INTO search_deletion_keys (deletion_key, term, product_id, field, representation) VALUES ('altan', 'altan', 23, 'brand', 'basic');
INSERT OR IGNORE INTO search_deletion_keys (deletion_key, term, product_id, field, representation) VALUES ('ltan', 'altan', 23, 'brand', 'basic');
INSERT OR IGNORE INTO search_deletion_keys (deletion_key, term, product_id, field, representation) VALUES ('atan', 'altan', 23, 'brand', 'basic');
INSERT OR IGNORE INTO search_deletion_keys (deletion_key, term, product_id, field, representation) VALUES ('alan', 'altan', 23, 'brand', 'basic');
INSERT OR IGNORE INTO search_deletion_keys (deletion_key, term, product_id, field, representation) VALUES ('altn', 'altan', 23, 'brand', 'basic');
INSERT OR IGNORE INTO search_deletion_keys (deletion_key, term, product_id, field, representation) VALUES ('alta', 'altan', 23, 'brand', 'basic');
INSERT OR IGNORE INTO search_terms (term, product_id, field, representation) VALUES ('orgoo', 23, 'brand', 'basic');
INSERT OR IGNORE INTO search_deletion_keys (deletion_key, term, product_id, field, representation) VALUES ('orgoo', 'orgoo', 23, 'brand', 'basic');
INSERT OR IGNORE INTO search_deletion_keys (deletion_key, term, product_id, field, representation) VALUES ('rgoo', 'orgoo', 23, 'brand', 'basic');
INSERT OR IGNORE INTO search_deletion_keys (deletion_key, term, product_id, field, representation) VALUES ('ogoo', 'orgoo', 23, 'brand', 'basic');
INSERT OR IGNORE INTO search_deletion_keys (deletion_key, term, product_id, field, representation) VALUES ('oroo', 'orgoo', 23, 'brand', 'basic');
INSERT OR IGNORE INTO search_deletion_keys (deletion_key, term, product_id, field, representation) VALUES ('orgo', 'orgoo', 23, 'brand', 'basic');
INSERT OR IGNORE INTO search_terms (term, product_id, field, representation) VALUES ('хүнс', 23, 'category', 'native');
INSERT OR IGNORE INTO search_deletion_keys (deletion_key, term, product_id, field, representation) VALUES ('хүнс', 'хүнс', 23, 'category', 'native');
INSERT OR IGNORE INTO search_deletion_keys (deletion_key, term, product_id, field, representation) VALUES ('үнс', 'хүнс', 23, 'category', 'native');
INSERT OR IGNORE INTO search_deletion_keys (deletion_key, term, product_id, field, representation) VALUES ('хнс', 'хүнс', 23, 'category', 'native');
INSERT OR IGNORE INTO search_deletion_keys (deletion_key, term, product_id, field, representation) VALUES ('хүс', 'хүнс', 23, 'category', 'native');
INSERT OR IGNORE INTO search_deletion_keys (deletion_key, term, product_id, field, representation) VALUES ('хүн', 'хүнс', 23, 'category', 'native');
INSERT OR IGNORE INTO search_terms (term, product_id, field, representation) VALUES ('khuens', 23, 'category', 'strict');
INSERT OR IGNORE INTO search_deletion_keys (deletion_key, term, product_id, field, representation) VALUES ('khuens', 'khuens', 23, 'category', 'strict');
INSERT OR IGNORE INTO search_deletion_keys (deletion_key, term, product_id, field, representation) VALUES ('huens', 'khuens', 23, 'category', 'strict');
INSERT OR IGNORE INTO search_deletion_keys (deletion_key, term, product_id, field, representation) VALUES ('kuens', 'khuens', 23, 'category', 'strict');
INSERT OR IGNORE INTO search_deletion_keys (deletion_key, term, product_id, field, representation) VALUES ('khens', 'khuens', 23, 'category', 'strict');
INSERT OR IGNORE INTO search_deletion_keys (deletion_key, term, product_id, field, representation) VALUES ('khuns', 'khuens', 23, 'category', 'strict');
INSERT OR IGNORE INTO search_deletion_keys (deletion_key, term, product_id, field, representation) VALUES ('khues', 'khuens', 23, 'category', 'strict');
INSERT OR IGNORE INTO search_deletion_keys (deletion_key, term, product_id, field, representation) VALUES ('khuen', 'khuens', 23, 'category', 'strict');
INSERT OR IGNORE INTO search_terms (term, product_id, field, representation) VALUES ('khuns', 23, 'category', 'basic');
INSERT OR IGNORE INTO search_deletion_keys (deletion_key, term, product_id, field, representation) VALUES ('khuns', 'khuns', 23, 'category', 'basic');
INSERT OR IGNORE INTO search_deletion_keys (deletion_key, term, product_id, field, representation) VALUES ('huns', 'khuns', 23, 'category', 'basic');
INSERT OR IGNORE INTO search_deletion_keys (deletion_key, term, product_id, field, representation) VALUES ('kuns', 'khuns', 23, 'category', 'basic');
INSERT OR IGNORE INTO search_deletion_keys (deletion_key, term, product_id, field, representation) VALUES ('khns', 'khuns', 23, 'category', 'basic');
INSERT OR IGNORE INTO search_deletion_keys (deletion_key, term, product_id, field, representation) VALUES ('khus', 'khuns', 23, 'category', 'basic');
INSERT OR IGNORE INTO search_deletion_keys (deletion_key, term, product_id, field, representation) VALUES ('khun', 'khuns', 23, 'category', 'basic');
INSERT INTO products (id, sku, sku_normalized, name, category, tags, price_mnt, strict_key, basic_key, brand, description, available, merchandising_position) VALUES (24, 'HV-Ө-024', 'hvө024', 'Өргөст хэмх', 'Хүнс', 'ногоо, өргөст', 52250, 'өргөст хэмх хүнс ногоо өргөст hv ө 024 örgöst khemkh khüns nogoo örgöst hv ö 024', 'өргөст хэмх хүнс ногоо өргөст hv ө 024 orgost khemkh khuns nogoo orgost hv o 024', 'Цагаан Сар', 'Хүнс зориулсан синтетик туршилтын бүтээгдэхүүн ногоо, өргөст', 1, 24);
INSERT INTO product_search (product_id, name, category, tags, sku, strict_key, basic_key) VALUES (24, 'өргөст хэмх örgöst khemkh', 'хүнс khüns', 'ногоо өргөст nogoo örgöst', 'hv ө 024 hv ö 024', 'өргөст хэмх хүнс ногоо өргөст hv ө 024 örgöst khemkh khüns nogoo örgöst hv ö 024', 'өргөст хэмх хүнс ногоо өргөст hv ө 024 orgost khemkh khuns nogoo orgost hv o 024');
INSERT INTO product_search_tiered (product_id, native_key, strict_key, basic_key, sku_key) VALUES (24, 'өргөст хэмх хүнс ногоо өргөст hv ө 024', 'oergoest khemkh khuens nogoo oergoest hv oe 024', 'orgost orgust urgost urgust hemh hemkh khemh khemkh huns hins khuns khins nogoo orgost orgust urgost urgust hv 024', 'hvө024');
INSERT INTO product_search_resilient (product_id, title_native, brand_native, category_native, tags_native, description_native, title_strict, brand_strict, category_strict, tags_strict, description_strict, title_basic, brand_basic, category_basic, tags_basic, description_basic) VALUES (24, 'өргөст хэмх', 'цагаан сар', 'хүнс', 'ногоо өргөст', 'хүнс зориулсан синтетик туршилтын бүтээгдэхүүн ногоо өргөст', 'oergoest khemkh', 'tsagaan sar', 'khuens', 'nogoo oergoest', 'khuens zoriulsan sintetik turshiltyn bueteegdekhueuen nogoo oergoest', 'orgost orgust urgost urgust hemh hemkh khemh khemkh', 'cagaan tsagaan sar', 'huns hins khuns khins', 'nogoo orgost orgust urgost urgust', 'huns hins khuns khins zoriulsan sintetik turshiltyn buteegdehuun buteegdehuin buteegdehiun buteegdehiin buteegdekhuun buteegdekhuin buteegdekhiun buteegdekhiin nogoo orgost orgust urgost urgust');
INSERT OR IGNORE INTO search_terms (term, product_id, field, representation) VALUES ('өргөст', 24, 'title', 'native');
INSERT OR IGNORE INTO search_deletion_keys (deletion_key, term, product_id, field, representation) VALUES ('өргөст', 'өргөст', 24, 'title', 'native');
INSERT OR IGNORE INTO search_deletion_keys (deletion_key, term, product_id, field, representation) VALUES ('ргөст', 'өргөст', 24, 'title', 'native');
INSERT OR IGNORE INTO search_deletion_keys (deletion_key, term, product_id, field, representation) VALUES ('өгөст', 'өргөст', 24, 'title', 'native');
INSERT OR IGNORE INTO search_deletion_keys (deletion_key, term, product_id, field, representation) VALUES ('өрөст', 'өргөст', 24, 'title', 'native');
INSERT OR IGNORE INTO search_deletion_keys (deletion_key, term, product_id, field, representation) VALUES ('өргст', 'өргөст', 24, 'title', 'native');
INSERT OR IGNORE INTO search_deletion_keys (deletion_key, term, product_id, field, representation) VALUES ('өргөт', 'өргөст', 24, 'title', 'native');
INSERT OR IGNORE INTO search_deletion_keys (deletion_key, term, product_id, field, representation) VALUES ('өргөс', 'өргөст', 24, 'title', 'native');
INSERT OR IGNORE INTO search_terms (term, product_id, field, representation) VALUES ('хэмх', 24, 'title', 'native');
INSERT OR IGNORE INTO search_deletion_keys (deletion_key, term, product_id, field, representation) VALUES ('хэмх', 'хэмх', 24, 'title', 'native');
INSERT OR IGNORE INTO search_deletion_keys (deletion_key, term, product_id, field, representation) VALUES ('эмх', 'хэмх', 24, 'title', 'native');
INSERT OR IGNORE INTO search_deletion_keys (deletion_key, term, product_id, field, representation) VALUES ('хмх', 'хэмх', 24, 'title', 'native');
INSERT OR IGNORE INTO search_deletion_keys (deletion_key, term, product_id, field, representation) VALUES ('хэх', 'хэмх', 24, 'title', 'native');
INSERT OR IGNORE INTO search_deletion_keys (deletion_key, term, product_id, field, representation) VALUES ('хэм', 'хэмх', 24, 'title', 'native');
INSERT OR IGNORE INTO search_terms (term, product_id, field, representation) VALUES ('oergoest', 24, 'title', 'strict');
INSERT OR IGNORE INTO search_deletion_keys (deletion_key, term, product_id, field, representation) VALUES ('oergoest', 'oergoest', 24, 'title', 'strict');
INSERT OR IGNORE INTO search_deletion_keys (deletion_key, term, product_id, field, representation) VALUES ('ergoest', 'oergoest', 24, 'title', 'strict');
INSERT OR IGNORE INTO search_deletion_keys (deletion_key, term, product_id, field, representation) VALUES ('orgoest', 'oergoest', 24, 'title', 'strict');
INSERT OR IGNORE INTO search_deletion_keys (deletion_key, term, product_id, field, representation) VALUES ('oegoest', 'oergoest', 24, 'title', 'strict');
INSERT OR IGNORE INTO search_deletion_keys (deletion_key, term, product_id, field, representation) VALUES ('oeroest', 'oergoest', 24, 'title', 'strict');
INSERT OR IGNORE INTO search_deletion_keys (deletion_key, term, product_id, field, representation) VALUES ('oergest', 'oergoest', 24, 'title', 'strict');
INSERT OR IGNORE INTO search_deletion_keys (deletion_key, term, product_id, field, representation) VALUES ('oergost', 'oergoest', 24, 'title', 'strict');
INSERT OR IGNORE INTO search_deletion_keys (deletion_key, term, product_id, field, representation) VALUES ('oergoet', 'oergoest', 24, 'title', 'strict');
INSERT OR IGNORE INTO search_deletion_keys (deletion_key, term, product_id, field, representation) VALUES ('oergoes', 'oergoest', 24, 'title', 'strict');
INSERT OR IGNORE INTO search_terms (term, product_id, field, representation) VALUES ('khemkh', 24, 'title', 'strict');
INSERT OR IGNORE INTO search_deletion_keys (deletion_key, term, product_id, field, representation) VALUES ('khemkh', 'khemkh', 24, 'title', 'strict');
INSERT OR IGNORE INTO search_deletion_keys (deletion_key, term, product_id, field, representation) VALUES ('hemkh', 'khemkh', 24, 'title', 'strict');
INSERT OR IGNORE INTO search_deletion_keys (deletion_key, term, product_id, field, representation) VALUES ('kemkh', 'khemkh', 24, 'title', 'strict');
INSERT OR IGNORE INTO search_deletion_keys (deletion_key, term, product_id, field, representation) VALUES ('khmkh', 'khemkh', 24, 'title', 'strict');
INSERT OR IGNORE INTO search_deletion_keys (deletion_key, term, product_id, field, representation) VALUES ('khekh', 'khemkh', 24, 'title', 'strict');
INSERT OR IGNORE INTO search_deletion_keys (deletion_key, term, product_id, field, representation) VALUES ('khemh', 'khemkh', 24, 'title', 'strict');
INSERT OR IGNORE INTO search_deletion_keys (deletion_key, term, product_id, field, representation) VALUES ('khemk', 'khemkh', 24, 'title', 'strict');
INSERT OR IGNORE INTO search_terms (term, product_id, field, representation) VALUES ('orgost', 24, 'title', 'basic');
INSERT OR IGNORE INTO search_deletion_keys (deletion_key, term, product_id, field, representation) VALUES ('orgost', 'orgost', 24, 'title', 'basic');
INSERT OR IGNORE INTO search_deletion_keys (deletion_key, term, product_id, field, representation) VALUES ('rgost', 'orgost', 24, 'title', 'basic');
INSERT OR IGNORE INTO search_deletion_keys (deletion_key, term, product_id, field, representation) VALUES ('ogost', 'orgost', 24, 'title', 'basic');
INSERT OR IGNORE INTO search_deletion_keys (deletion_key, term, product_id, field, representation) VALUES ('orost', 'orgost', 24, 'title', 'basic');
INSERT OR IGNORE INTO search_deletion_keys (deletion_key, term, product_id, field, representation) VALUES ('orgst', 'orgost', 24, 'title', 'basic');
INSERT OR IGNORE INTO search_deletion_keys (deletion_key, term, product_id, field, representation) VALUES ('orgot', 'orgost', 24, 'title', 'basic');
INSERT OR IGNORE INTO search_deletion_keys (deletion_key, term, product_id, field, representation) VALUES ('orgos', 'orgost', 24, 'title', 'basic');
INSERT OR IGNORE INTO search_terms (term, product_id, field, representation) VALUES ('khemkh', 24, 'title', 'basic');
INSERT OR IGNORE INTO search_deletion_keys (deletion_key, term, product_id, field, representation) VALUES ('khemkh', 'khemkh', 24, 'title', 'basic');
INSERT OR IGNORE INTO search_deletion_keys (deletion_key, term, product_id, field, representation) VALUES ('hemkh', 'khemkh', 24, 'title', 'basic');
INSERT OR IGNORE INTO search_deletion_keys (deletion_key, term, product_id, field, representation) VALUES ('kemkh', 'khemkh', 24, 'title', 'basic');
INSERT OR IGNORE INTO search_deletion_keys (deletion_key, term, product_id, field, representation) VALUES ('khmkh', 'khemkh', 24, 'title', 'basic');
INSERT OR IGNORE INTO search_deletion_keys (deletion_key, term, product_id, field, representation) VALUES ('khekh', 'khemkh', 24, 'title', 'basic');
INSERT OR IGNORE INTO search_deletion_keys (deletion_key, term, product_id, field, representation) VALUES ('khemh', 'khemkh', 24, 'title', 'basic');
INSERT OR IGNORE INTO search_deletion_keys (deletion_key, term, product_id, field, representation) VALUES ('khemk', 'khemkh', 24, 'title', 'basic');
INSERT OR IGNORE INTO search_terms (term, product_id, field, representation) VALUES ('цагаан', 24, 'brand', 'native');
INSERT OR IGNORE INTO search_deletion_keys (deletion_key, term, product_id, field, representation) VALUES ('цагаан', 'цагаан', 24, 'brand', 'native');
INSERT OR IGNORE INTO search_deletion_keys (deletion_key, term, product_id, field, representation) VALUES ('агаан', 'цагаан', 24, 'brand', 'native');
INSERT OR IGNORE INTO search_deletion_keys (deletion_key, term, product_id, field, representation) VALUES ('цгаан', 'цагаан', 24, 'brand', 'native');
INSERT OR IGNORE INTO search_deletion_keys (deletion_key, term, product_id, field, representation) VALUES ('цааан', 'цагаан', 24, 'brand', 'native');
INSERT OR IGNORE INTO search_deletion_keys (deletion_key, term, product_id, field, representation) VALUES ('цаган', 'цагаан', 24, 'brand', 'native');
INSERT OR IGNORE INTO search_deletion_keys (deletion_key, term, product_id, field, representation) VALUES ('цагаа', 'цагаан', 24, 'brand', 'native');
INSERT OR IGNORE INTO search_terms (term, product_id, field, representation) VALUES ('tsagaan', 24, 'brand', 'strict');
INSERT OR IGNORE INTO search_deletion_keys (deletion_key, term, product_id, field, representation) VALUES ('tsagaan', 'tsagaan', 24, 'brand', 'strict');
INSERT OR IGNORE INTO search_deletion_keys (deletion_key, term, product_id, field, representation) VALUES ('sagaan', 'tsagaan', 24, 'brand', 'strict');
INSERT OR IGNORE INTO search_deletion_keys (deletion_key, term, product_id, field, representation) VALUES ('tagaan', 'tsagaan', 24, 'brand', 'strict');
INSERT OR IGNORE INTO search_deletion_keys (deletion_key, term, product_id, field, representation) VALUES ('tsgaan', 'tsagaan', 24, 'brand', 'strict');
INSERT OR IGNORE INTO search_deletion_keys (deletion_key, term, product_id, field, representation) VALUES ('tsaaan', 'tsagaan', 24, 'brand', 'strict');
INSERT OR IGNORE INTO search_deletion_keys (deletion_key, term, product_id, field, representation) VALUES ('tsagan', 'tsagaan', 24, 'brand', 'strict');
INSERT OR IGNORE INTO search_deletion_keys (deletion_key, term, product_id, field, representation) VALUES ('tsagaa', 'tsagaan', 24, 'brand', 'strict');
INSERT OR IGNORE INTO search_terms (term, product_id, field, representation) VALUES ('tsagaan', 24, 'brand', 'basic');
INSERT OR IGNORE INTO search_deletion_keys (deletion_key, term, product_id, field, representation) VALUES ('tsagaan', 'tsagaan', 24, 'brand', 'basic');
INSERT OR IGNORE INTO search_deletion_keys (deletion_key, term, product_id, field, representation) VALUES ('sagaan', 'tsagaan', 24, 'brand', 'basic');
INSERT OR IGNORE INTO search_deletion_keys (deletion_key, term, product_id, field, representation) VALUES ('tagaan', 'tsagaan', 24, 'brand', 'basic');
INSERT OR IGNORE INTO search_deletion_keys (deletion_key, term, product_id, field, representation) VALUES ('tsgaan', 'tsagaan', 24, 'brand', 'basic');
INSERT OR IGNORE INTO search_deletion_keys (deletion_key, term, product_id, field, representation) VALUES ('tsaaan', 'tsagaan', 24, 'brand', 'basic');
INSERT OR IGNORE INTO search_deletion_keys (deletion_key, term, product_id, field, representation) VALUES ('tsagan', 'tsagaan', 24, 'brand', 'basic');
INSERT OR IGNORE INTO search_deletion_keys (deletion_key, term, product_id, field, representation) VALUES ('tsagaa', 'tsagaan', 24, 'brand', 'basic');
INSERT OR IGNORE INTO search_terms (term, product_id, field, representation) VALUES ('хүнс', 24, 'category', 'native');
INSERT OR IGNORE INTO search_deletion_keys (deletion_key, term, product_id, field, representation) VALUES ('хүнс', 'хүнс', 24, 'category', 'native');
INSERT OR IGNORE INTO search_deletion_keys (deletion_key, term, product_id, field, representation) VALUES ('үнс', 'хүнс', 24, 'category', 'native');
INSERT OR IGNORE INTO search_deletion_keys (deletion_key, term, product_id, field, representation) VALUES ('хнс', 'хүнс', 24, 'category', 'native');
INSERT OR IGNORE INTO search_deletion_keys (deletion_key, term, product_id, field, representation) VALUES ('хүс', 'хүнс', 24, 'category', 'native');
INSERT OR IGNORE INTO search_deletion_keys (deletion_key, term, product_id, field, representation) VALUES ('хүн', 'хүнс', 24, 'category', 'native');
INSERT OR IGNORE INTO search_terms (term, product_id, field, representation) VALUES ('khuens', 24, 'category', 'strict');
INSERT OR IGNORE INTO search_deletion_keys (deletion_key, term, product_id, field, representation) VALUES ('khuens', 'khuens', 24, 'category', 'strict');
INSERT OR IGNORE INTO search_deletion_keys (deletion_key, term, product_id, field, representation) VALUES ('huens', 'khuens', 24, 'category', 'strict');
INSERT OR IGNORE INTO search_deletion_keys (deletion_key, term, product_id, field, representation) VALUES ('kuens', 'khuens', 24, 'category', 'strict');
INSERT OR IGNORE INTO search_deletion_keys (deletion_key, term, product_id, field, representation) VALUES ('khens', 'khuens', 24, 'category', 'strict');
INSERT OR IGNORE INTO search_deletion_keys (deletion_key, term, product_id, field, representation) VALUES ('khuns', 'khuens', 24, 'category', 'strict');
INSERT OR IGNORE INTO search_deletion_keys (deletion_key, term, product_id, field, representation) VALUES ('khues', 'khuens', 24, 'category', 'strict');
INSERT OR IGNORE INTO search_deletion_keys (deletion_key, term, product_id, field, representation) VALUES ('khuen', 'khuens', 24, 'category', 'strict');
INSERT OR IGNORE INTO search_terms (term, product_id, field, representation) VALUES ('khuns', 24, 'category', 'basic');
INSERT OR IGNORE INTO search_deletion_keys (deletion_key, term, product_id, field, representation) VALUES ('khuns', 'khuns', 24, 'category', 'basic');
INSERT OR IGNORE INTO search_deletion_keys (deletion_key, term, product_id, field, representation) VALUES ('huns', 'khuns', 24, 'category', 'basic');
INSERT OR IGNORE INTO search_deletion_keys (deletion_key, term, product_id, field, representation) VALUES ('kuns', 'khuns', 24, 'category', 'basic');
INSERT OR IGNORE INTO search_deletion_keys (deletion_key, term, product_id, field, representation) VALUES ('khns', 'khuns', 24, 'category', 'basic');
INSERT OR IGNORE INTO search_deletion_keys (deletion_key, term, product_id, field, representation) VALUES ('khus', 'khuns', 24, 'category', 'basic');
INSERT OR IGNORE INTO search_deletion_keys (deletion_key, term, product_id, field, representation) VALUES ('khun', 'khuns', 24, 'category', 'basic');
INSERT INTO products (id, sku, sku_normalized, name, category, tags, price_mnt, strict_key, basic_key, brand, description, available, merchandising_position) VALUES (25, 'HV-Ү-025', 'hvү025', 'Үхрийн мах', 'Хүнс', 'мах, үхэр', 54000, 'үхрийн мах хүнс мах үхэр hv ү 025 ükhriyn makh khüns makh ükher hv ü 025', 'үхрийн мах хүнс мах үхэр hv ү 025 ukhriin makh khuns makh ukher hv u 025', 'Нүүдэл', 'Хүнс зориулсан синтетик туршилтын бүтээгдэхүүн мах, үхэр', 1, 25);
INSERT INTO product_search (product_id, name, category, tags, sku, strict_key, basic_key) VALUES (25, 'үхрийн мах ükhriyn makh', 'хүнс khüns', 'мах үхэр makh ükher', 'hv ү 025 hv ü 025', 'үхрийн мах хүнс мах үхэр hv ү 025 ükhriyn makh khüns makh ükher hv ü 025', 'үхрийн мах хүнс мах үхэр hv ү 025 ukhriin makh khuns makh ukher hv u 025');
INSERT INTO product_search_tiered (product_id, native_key, strict_key, basic_key, sku_key) VALUES (25, 'үхрийн мах хүнс мах үхэр hv ү 025', 'uekhriyn makh khuens makh uekher hv ue 025', 'uhriin uhriyn ukhriin ukhriyn ihriin ihriyn ikhriin ikhriyn mah makh huns hins khuns khins mah makh uher ukher iher ikher hv 025', 'hvү025');
INSERT INTO product_search_resilient (product_id, title_native, brand_native, category_native, tags_native, description_native, title_strict, brand_strict, category_strict, tags_strict, description_strict, title_basic, brand_basic, category_basic, tags_basic, description_basic) VALUES (25, 'үхрийн мах', 'нүүдэл', 'хүнс', 'мах үхэр', 'хүнс зориулсан синтетик туршилтын бүтээгдэхүүн мах үхэр', 'uekhriyn makh', 'nueuedel', 'khuens', 'makh uekher', 'khuens zoriulsan sintetik turshiltyn bueteegdekhueuen makh uekher', 'uhriin uhriyn ukhriin ukhriyn ihriin ihriyn ikhriin ikhriyn mah makh', 'nuudel nuidel niudel niidel', 'huns hins khuns khins', 'mah makh uher ukher iher ikher', 'huns hins khuns khins zoriulsan sintetik turshiltyn buteegdehuun buteegdehuin buteegdehiun buteegdehiin buteegdekhuun buteegdekhuin buteegdekhiun buteegdekhiin mah makh uher ukher iher ikher');
INSERT OR IGNORE INTO search_terms (term, product_id, field, representation) VALUES ('үхрийн', 25, 'title', 'native');
INSERT OR IGNORE INTO search_deletion_keys (deletion_key, term, product_id, field, representation) VALUES ('үхрийн', 'үхрийн', 25, 'title', 'native');
INSERT OR IGNORE INTO search_deletion_keys (deletion_key, term, product_id, field, representation) VALUES ('хрийн', 'үхрийн', 25, 'title', 'native');
INSERT OR IGNORE INTO search_deletion_keys (deletion_key, term, product_id, field, representation) VALUES ('үрийн', 'үхрийн', 25, 'title', 'native');
INSERT OR IGNORE INTO search_deletion_keys (deletion_key, term, product_id, field, representation) VALUES ('үхийн', 'үхрийн', 25, 'title', 'native');
INSERT OR IGNORE INTO search_deletion_keys (deletion_key, term, product_id, field, representation) VALUES ('үхрйн', 'үхрийн', 25, 'title', 'native');
INSERT OR IGNORE INTO search_deletion_keys (deletion_key, term, product_id, field, representation) VALUES ('үхрин', 'үхрийн', 25, 'title', 'native');
INSERT OR IGNORE INTO search_deletion_keys (deletion_key, term, product_id, field, representation) VALUES ('үхрий', 'үхрийн', 25, 'title', 'native');
INSERT OR IGNORE INTO search_terms (term, product_id, field, representation) VALUES ('uekhriyn', 25, 'title', 'strict');
INSERT OR IGNORE INTO search_deletion_keys (deletion_key, term, product_id, field, representation) VALUES ('uekhriyn', 'uekhriyn', 25, 'title', 'strict');
INSERT OR IGNORE INTO search_deletion_keys (deletion_key, term, product_id, field, representation) VALUES ('ekhriyn', 'uekhriyn', 25, 'title', 'strict');
INSERT OR IGNORE INTO search_deletion_keys (deletion_key, term, product_id, field, representation) VALUES ('ukhriyn', 'uekhriyn', 25, 'title', 'strict');
INSERT OR IGNORE INTO search_deletion_keys (deletion_key, term, product_id, field, representation) VALUES ('uehriyn', 'uekhriyn', 25, 'title', 'strict');
INSERT OR IGNORE INTO search_deletion_keys (deletion_key, term, product_id, field, representation) VALUES ('uekriyn', 'uekhriyn', 25, 'title', 'strict');
INSERT OR IGNORE INTO search_deletion_keys (deletion_key, term, product_id, field, representation) VALUES ('uekhiyn', 'uekhriyn', 25, 'title', 'strict');
INSERT OR IGNORE INTO search_deletion_keys (deletion_key, term, product_id, field, representation) VALUES ('uekhryn', 'uekhriyn', 25, 'title', 'strict');
INSERT OR IGNORE INTO search_deletion_keys (deletion_key, term, product_id, field, representation) VALUES ('uekhrin', 'uekhriyn', 25, 'title', 'strict');
INSERT OR IGNORE INTO search_deletion_keys (deletion_key, term, product_id, field, representation) VALUES ('uekhriy', 'uekhriyn', 25, 'title', 'strict');
INSERT OR IGNORE INTO search_terms (term, product_id, field, representation) VALUES ('makh', 25, 'title', 'strict');
INSERT OR IGNORE INTO search_deletion_keys (deletion_key, term, product_id, field, representation) VALUES ('makh', 'makh', 25, 'title', 'strict');
INSERT OR IGNORE INTO search_deletion_keys (deletion_key, term, product_id, field, representation) VALUES ('akh', 'makh', 25, 'title', 'strict');
INSERT OR IGNORE INTO search_deletion_keys (deletion_key, term, product_id, field, representation) VALUES ('mkh', 'makh', 25, 'title', 'strict');
INSERT OR IGNORE INTO search_deletion_keys (deletion_key, term, product_id, field, representation) VALUES ('mah', 'makh', 25, 'title', 'strict');
INSERT OR IGNORE INTO search_deletion_keys (deletion_key, term, product_id, field, representation) VALUES ('mak', 'makh', 25, 'title', 'strict');
INSERT OR IGNORE INTO search_terms (term, product_id, field, representation) VALUES ('ukhriin', 25, 'title', 'basic');
INSERT OR IGNORE INTO search_deletion_keys (deletion_key, term, product_id, field, representation) VALUES ('ukhriin', 'ukhriin', 25, 'title', 'basic');
INSERT OR IGNORE INTO search_deletion_keys (deletion_key, term, product_id, field, representation) VALUES ('khriin', 'ukhriin', 25, 'title', 'basic');
INSERT OR IGNORE INTO search_deletion_keys (deletion_key, term, product_id, field, representation) VALUES ('uhriin', 'ukhriin', 25, 'title', 'basic');
INSERT OR IGNORE INTO search_deletion_keys (deletion_key, term, product_id, field, representation) VALUES ('ukriin', 'ukhriin', 25, 'title', 'basic');
INSERT OR IGNORE INTO search_deletion_keys (deletion_key, term, product_id, field, representation) VALUES ('ukhiin', 'ukhriin', 25, 'title', 'basic');
INSERT OR IGNORE INTO search_deletion_keys (deletion_key, term, product_id, field, representation) VALUES ('ukhrin', 'ukhriin', 25, 'title', 'basic');
INSERT OR IGNORE INTO search_deletion_keys (deletion_key, term, product_id, field, representation) VALUES ('ukhrii', 'ukhriin', 25, 'title', 'basic');
INSERT OR IGNORE INTO search_terms (term, product_id, field, representation) VALUES ('makh', 25, 'title', 'basic');
INSERT OR IGNORE INTO search_deletion_keys (deletion_key, term, product_id, field, representation) VALUES ('makh', 'makh', 25, 'title', 'basic');
INSERT OR IGNORE INTO search_deletion_keys (deletion_key, term, product_id, field, representation) VALUES ('akh', 'makh', 25, 'title', 'basic');
INSERT OR IGNORE INTO search_deletion_keys (deletion_key, term, product_id, field, representation) VALUES ('mkh', 'makh', 25, 'title', 'basic');
INSERT OR IGNORE INTO search_deletion_keys (deletion_key, term, product_id, field, representation) VALUES ('mah', 'makh', 25, 'title', 'basic');
INSERT OR IGNORE INTO search_deletion_keys (deletion_key, term, product_id, field, representation) VALUES ('mak', 'makh', 25, 'title', 'basic');
INSERT OR IGNORE INTO search_terms (term, product_id, field, representation) VALUES ('нүүдэл', 25, 'brand', 'native');
INSERT OR IGNORE INTO search_deletion_keys (deletion_key, term, product_id, field, representation) VALUES ('нүүдэл', 'нүүдэл', 25, 'brand', 'native');
INSERT OR IGNORE INTO search_deletion_keys (deletion_key, term, product_id, field, representation) VALUES ('үүдэл', 'нүүдэл', 25, 'brand', 'native');
INSERT OR IGNORE INTO search_deletion_keys (deletion_key, term, product_id, field, representation) VALUES ('нүдэл', 'нүүдэл', 25, 'brand', 'native');
INSERT OR IGNORE INTO search_deletion_keys (deletion_key, term, product_id, field, representation) VALUES ('нүүэл', 'нүүдэл', 25, 'brand', 'native');
INSERT OR IGNORE INTO search_deletion_keys (deletion_key, term, product_id, field, representation) VALUES ('нүүдл', 'нүүдэл', 25, 'brand', 'native');
INSERT OR IGNORE INTO search_deletion_keys (deletion_key, term, product_id, field, representation) VALUES ('нүүдэ', 'нүүдэл', 25, 'brand', 'native');
INSERT OR IGNORE INTO search_terms (term, product_id, field, representation) VALUES ('nueuedel', 25, 'brand', 'strict');
INSERT OR IGNORE INTO search_deletion_keys (deletion_key, term, product_id, field, representation) VALUES ('nueuedel', 'nueuedel', 25, 'brand', 'strict');
INSERT OR IGNORE INTO search_deletion_keys (deletion_key, term, product_id, field, representation) VALUES ('ueuedel', 'nueuedel', 25, 'brand', 'strict');
INSERT OR IGNORE INTO search_deletion_keys (deletion_key, term, product_id, field, representation) VALUES ('neuedel', 'nueuedel', 25, 'brand', 'strict');
INSERT OR IGNORE INTO search_deletion_keys (deletion_key, term, product_id, field, representation) VALUES ('nuuedel', 'nueuedel', 25, 'brand', 'strict');
INSERT OR IGNORE INTO search_deletion_keys (deletion_key, term, product_id, field, representation) VALUES ('nueedel', 'nueuedel', 25, 'brand', 'strict');
INSERT OR IGNORE INTO search_deletion_keys (deletion_key, term, product_id, field, representation) VALUES ('nueudel', 'nueuedel', 25, 'brand', 'strict');
INSERT OR IGNORE INTO search_deletion_keys (deletion_key, term, product_id, field, representation) VALUES ('nueueel', 'nueuedel', 25, 'brand', 'strict');
INSERT OR IGNORE INTO search_deletion_keys (deletion_key, term, product_id, field, representation) VALUES ('nueuedl', 'nueuedel', 25, 'brand', 'strict');
INSERT OR IGNORE INTO search_deletion_keys (deletion_key, term, product_id, field, representation) VALUES ('nueuede', 'nueuedel', 25, 'brand', 'strict');
INSERT OR IGNORE INTO search_terms (term, product_id, field, representation) VALUES ('nuudel', 25, 'brand', 'basic');
INSERT OR IGNORE INTO search_deletion_keys (deletion_key, term, product_id, field, representation) VALUES ('nuudel', 'nuudel', 25, 'brand', 'basic');
INSERT OR IGNORE INTO search_deletion_keys (deletion_key, term, product_id, field, representation) VALUES ('uudel', 'nuudel', 25, 'brand', 'basic');
INSERT OR IGNORE INTO search_deletion_keys (deletion_key, term, product_id, field, representation) VALUES ('nudel', 'nuudel', 25, 'brand', 'basic');
INSERT OR IGNORE INTO search_deletion_keys (deletion_key, term, product_id, field, representation) VALUES ('nuuel', 'nuudel', 25, 'brand', 'basic');
INSERT OR IGNORE INTO search_deletion_keys (deletion_key, term, product_id, field, representation) VALUES ('nuudl', 'nuudel', 25, 'brand', 'basic');
INSERT OR IGNORE INTO search_deletion_keys (deletion_key, term, product_id, field, representation) VALUES ('nuude', 'nuudel', 25, 'brand', 'basic');
INSERT OR IGNORE INTO search_terms (term, product_id, field, representation) VALUES ('хүнс', 25, 'category', 'native');
INSERT OR IGNORE INTO search_deletion_keys (deletion_key, term, product_id, field, representation) VALUES ('хүнс', 'хүнс', 25, 'category', 'native');
INSERT OR IGNORE INTO search_deletion_keys (deletion_key, term, product_id, field, representation) VALUES ('үнс', 'хүнс', 25, 'category', 'native');
INSERT OR IGNORE INTO search_deletion_keys (deletion_key, term, product_id, field, representation) VALUES ('хнс', 'хүнс', 25, 'category', 'native');
INSERT OR IGNORE INTO search_deletion_keys (deletion_key, term, product_id, field, representation) VALUES ('хүс', 'хүнс', 25, 'category', 'native');
INSERT OR IGNORE INTO search_deletion_keys (deletion_key, term, product_id, field, representation) VALUES ('хүн', 'хүнс', 25, 'category', 'native');
INSERT OR IGNORE INTO search_terms (term, product_id, field, representation) VALUES ('khuens', 25, 'category', 'strict');
INSERT OR IGNORE INTO search_deletion_keys (deletion_key, term, product_id, field, representation) VALUES ('khuens', 'khuens', 25, 'category', 'strict');
INSERT OR IGNORE INTO search_deletion_keys (deletion_key, term, product_id, field, representation) VALUES ('huens', 'khuens', 25, 'category', 'strict');
INSERT OR IGNORE INTO search_deletion_keys (deletion_key, term, product_id, field, representation) VALUES ('kuens', 'khuens', 25, 'category', 'strict');
INSERT OR IGNORE INTO search_deletion_keys (deletion_key, term, product_id, field, representation) VALUES ('khens', 'khuens', 25, 'category', 'strict');
INSERT OR IGNORE INTO search_deletion_keys (deletion_key, term, product_id, field, representation) VALUES ('khuns', 'khuens', 25, 'category', 'strict');
INSERT OR IGNORE INTO search_deletion_keys (deletion_key, term, product_id, field, representation) VALUES ('khues', 'khuens', 25, 'category', 'strict');
INSERT OR IGNORE INTO search_deletion_keys (deletion_key, term, product_id, field, representation) VALUES ('khuen', 'khuens', 25, 'category', 'strict');
INSERT OR IGNORE INTO search_terms (term, product_id, field, representation) VALUES ('khuns', 25, 'category', 'basic');
INSERT OR IGNORE INTO search_deletion_keys (deletion_key, term, product_id, field, representation) VALUES ('khuns', 'khuns', 25, 'category', 'basic');
INSERT OR IGNORE INTO search_deletion_keys (deletion_key, term, product_id, field, representation) VALUES ('huns', 'khuns', 25, 'category', 'basic');
INSERT OR IGNORE INTO search_deletion_keys (deletion_key, term, product_id, field, representation) VALUES ('kuns', 'khuns', 25, 'category', 'basic');
INSERT OR IGNORE INTO search_deletion_keys (deletion_key, term, product_id, field, representation) VALUES ('khns', 'khuns', 25, 'category', 'basic');
INSERT OR IGNORE INTO search_deletion_keys (deletion_key, term, product_id, field, representation) VALUES ('khus', 'khuns', 25, 'category', 'basic');
INSERT OR IGNORE INTO search_deletion_keys (deletion_key, term, product_id, field, representation) VALUES ('khun', 'khuns', 25, 'category', 'basic');
INSERT INTO products (id, sku, sku_normalized, name, category, tags, price_mnt, strict_key, basic_key, brand, description, available, merchandising_position) VALUES (26, 'HV-Ё-026', 'hvё026', 'Ёроолын цэвэрлэгч', 'Гэр ахуй', 'цэвэр, ёроол', 55750, 'ёроолын цэвэрлэгч гэр ахуй цэвэр ёроол hv ё 026 yoroolyn tseverlegch ger akhuy tsever yorool hv yo 026', 'ёроолын цэвэрлэгч гэр ахуй цэвэр ёроол hv ё 026 ioroolin tseverlegch ger akhui tsever iorool hv io 026', 'Талын Од', 'Гэр ахуй зориулсан синтетик туршилтын бүтээгдэхүүн цэвэр, ёроол', 0, 26);
INSERT INTO product_search (product_id, name, category, tags, sku, strict_key, basic_key) VALUES (26, 'ёроолын цэвэрлэгч yoroolyn tseverlegch', 'гэр ахуй ger akhuy', 'цэвэр ёроол tsever yorool', 'hv ё 026 hv yo 026', 'ёроолын цэвэрлэгч гэр ахуй цэвэр ёроол hv ё 026 yoroolyn tseverlegch ger akhuy tsever yorool hv yo 026', 'ёроолын цэвэрлэгч гэр ахуй цэвэр ёроол hv ё 026 ioroolin tseverlegch ger akhui tsever iorool hv io 026');
INSERT INTO product_search_tiered (product_id, native_key, strict_key, basic_key, sku_key) VALUES (26, 'ёроолын цэвэрлэгч гэр ахуй цэвэр ёроол hv ё 026', 'yoroolyn tseverlegch ger akhuy tsever yorool hv yo 026', 'yoroolyn eoroolyn ceverlegch tseverlegch ger ahui ahuy akhui akhuy cever tsever yorool eorool hv 026', 'hvё026');
INSERT INTO product_search_resilient (product_id, title_native, brand_native, category_native, tags_native, description_native, title_strict, brand_strict, category_strict, tags_strict, description_strict, title_basic, brand_basic, category_basic, tags_basic, description_basic) VALUES (26, 'ёроолын цэвэрлэгч', 'талын од', 'гэр ахуй', 'цэвэр ёроол', 'гэр ахуй зориулсан синтетик туршилтын бүтээгдэхүүн цэвэр ёроол', 'yoroolyn tseverlegch', 'talyn od', 'ger akhuy', 'tsever yorool', 'ger akhuy zoriulsan sintetik turshiltyn bueteegdekhueuen tsever yorool', 'yoroolyn eoroolyn ceverlegch tseverlegch', 'talyn od', 'ger ahui ahuy akhui akhuy', 'cever tsever yorool eorool', 'ger ahui ahuy akhui akhuy zoriulsan sintetik turshiltyn buteegdehuun buteegdehuin buteegdehiun buteegdehiin buteegdekhuun buteegdekhuin buteegdekhiun buteegdekhiin cever tsever yorool eorool');
INSERT OR IGNORE INTO search_terms (term, product_id, field, representation) VALUES ('ёроолын', 26, 'title', 'native');
INSERT OR IGNORE INTO search_deletion_keys (deletion_key, term, product_id, field, representation) VALUES ('ёроолын', 'ёроолын', 26, 'title', 'native');
INSERT OR IGNORE INTO search_deletion_keys (deletion_key, term, product_id, field, representation) VALUES ('роолын', 'ёроолын', 26, 'title', 'native');
INSERT OR IGNORE INTO search_deletion_keys (deletion_key, term, product_id, field, representation) VALUES ('ёоолын', 'ёроолын', 26, 'title', 'native');
INSERT OR IGNORE INTO search_deletion_keys (deletion_key, term, product_id, field, representation) VALUES ('ёролын', 'ёроолын', 26, 'title', 'native');
INSERT OR IGNORE INTO search_deletion_keys (deletion_key, term, product_id, field, representation) VALUES ('ёрооын', 'ёроолын', 26, 'title', 'native');
INSERT OR IGNORE INTO search_deletion_keys (deletion_key, term, product_id, field, representation) VALUES ('ёроолн', 'ёроолын', 26, 'title', 'native');
INSERT OR IGNORE INTO search_deletion_keys (deletion_key, term, product_id, field, representation) VALUES ('ёроолы', 'ёроолын', 26, 'title', 'native');
INSERT OR IGNORE INTO search_terms (term, product_id, field, representation) VALUES ('цэвэрлэгч', 26, 'title', 'native');
INSERT OR IGNORE INTO search_deletion_keys (deletion_key, term, product_id, field, representation) VALUES ('цэвэрлэгч', 'цэвэрлэгч', 26, 'title', 'native');
INSERT OR IGNORE INTO search_deletion_keys (deletion_key, term, product_id, field, representation) VALUES ('эвэрлэгч', 'цэвэрлэгч', 26, 'title', 'native');
INSERT OR IGNORE INTO search_deletion_keys (deletion_key, term, product_id, field, representation) VALUES ('цвэрлэгч', 'цэвэрлэгч', 26, 'title', 'native');
INSERT OR IGNORE INTO search_deletion_keys (deletion_key, term, product_id, field, representation) VALUES ('цээрлэгч', 'цэвэрлэгч', 26, 'title', 'native');
INSERT OR IGNORE INTO search_deletion_keys (deletion_key, term, product_id, field, representation) VALUES ('цэврлэгч', 'цэвэрлэгч', 26, 'title', 'native');
INSERT OR IGNORE INTO search_deletion_keys (deletion_key, term, product_id, field, representation) VALUES ('цэвэлэгч', 'цэвэрлэгч', 26, 'title', 'native');
INSERT OR IGNORE INTO search_deletion_keys (deletion_key, term, product_id, field, representation) VALUES ('цэвэрэгч', 'цэвэрлэгч', 26, 'title', 'native');
INSERT OR IGNORE INTO search_deletion_keys (deletion_key, term, product_id, field, representation) VALUES ('цэвэрлгч', 'цэвэрлэгч', 26, 'title', 'native');
INSERT OR IGNORE INTO search_deletion_keys (deletion_key, term, product_id, field, representation) VALUES ('цэвэрлэч', 'цэвэрлэгч', 26, 'title', 'native');
INSERT OR IGNORE INTO search_deletion_keys (deletion_key, term, product_id, field, representation) VALUES ('цэвэрлэг', 'цэвэрлэгч', 26, 'title', 'native');
INSERT OR IGNORE INTO search_terms (term, product_id, field, representation) VALUES ('yoroolyn', 26, 'title', 'strict');
INSERT OR IGNORE INTO search_deletion_keys (deletion_key, term, product_id, field, representation) VALUES ('yoroolyn', 'yoroolyn', 26, 'title', 'strict');
INSERT OR IGNORE INTO search_deletion_keys (deletion_key, term, product_id, field, representation) VALUES ('oroolyn', 'yoroolyn', 26, 'title', 'strict');
INSERT OR IGNORE INTO search_deletion_keys (deletion_key, term, product_id, field, representation) VALUES ('yroolyn', 'yoroolyn', 26, 'title', 'strict');
INSERT OR IGNORE INTO search_deletion_keys (deletion_key, term, product_id, field, representation) VALUES ('yooolyn', 'yoroolyn', 26, 'title', 'strict');
INSERT OR IGNORE INTO search_deletion_keys (deletion_key, term, product_id, field, representation) VALUES ('yorolyn', 'yoroolyn', 26, 'title', 'strict');
INSERT OR IGNORE INTO search_deletion_keys (deletion_key, term, product_id, field, representation) VALUES ('yorooyn', 'yoroolyn', 26, 'title', 'strict');
INSERT OR IGNORE INTO search_deletion_keys (deletion_key, term, product_id, field, representation) VALUES ('yorooln', 'yoroolyn', 26, 'title', 'strict');
INSERT OR IGNORE INTO search_deletion_keys (deletion_key, term, product_id, field, representation) VALUES ('yorooly', 'yoroolyn', 26, 'title', 'strict');
INSERT OR IGNORE INTO search_terms (term, product_id, field, representation) VALUES ('tseverlegch', 26, 'title', 'strict');
INSERT OR IGNORE INTO search_deletion_keys (deletion_key, term, product_id, field, representation) VALUES ('tseverlegch', 'tseverlegch', 26, 'title', 'strict');
INSERT OR IGNORE INTO search_deletion_keys (deletion_key, term, product_id, field, representation) VALUES ('severlegch', 'tseverlegch', 26, 'title', 'strict');
INSERT OR IGNORE INTO search_deletion_keys (deletion_key, term, product_id, field, representation) VALUES ('teverlegch', 'tseverlegch', 26, 'title', 'strict');
INSERT OR IGNORE INTO search_deletion_keys (deletion_key, term, product_id, field, representation) VALUES ('tsverlegch', 'tseverlegch', 26, 'title', 'strict');
INSERT OR IGNORE INTO search_deletion_keys (deletion_key, term, product_id, field, representation) VALUES ('tseerlegch', 'tseverlegch', 26, 'title', 'strict');
INSERT OR IGNORE INTO search_deletion_keys (deletion_key, term, product_id, field, representation) VALUES ('tsevrlegch', 'tseverlegch', 26, 'title', 'strict');
INSERT OR IGNORE INTO search_deletion_keys (deletion_key, term, product_id, field, representation) VALUES ('tsevelegch', 'tseverlegch', 26, 'title', 'strict');
INSERT OR IGNORE INTO search_deletion_keys (deletion_key, term, product_id, field, representation) VALUES ('tseveregch', 'tseverlegch', 26, 'title', 'strict');
INSERT OR IGNORE INTO search_deletion_keys (deletion_key, term, product_id, field, representation) VALUES ('tseverlgch', 'tseverlegch', 26, 'title', 'strict');
INSERT OR IGNORE INTO search_deletion_keys (deletion_key, term, product_id, field, representation) VALUES ('tseverlech', 'tseverlegch', 26, 'title', 'strict');
INSERT OR IGNORE INTO search_deletion_keys (deletion_key, term, product_id, field, representation) VALUES ('tseverlegh', 'tseverlegch', 26, 'title', 'strict');
INSERT OR IGNORE INTO search_deletion_keys (deletion_key, term, product_id, field, representation) VALUES ('tseverlegc', 'tseverlegch', 26, 'title', 'strict');
INSERT OR IGNORE INTO search_terms (term, product_id, field, representation) VALUES ('ioroolin', 26, 'title', 'basic');
INSERT OR IGNORE INTO search_deletion_keys (deletion_key, term, product_id, field, representation) VALUES ('ioroolin', 'ioroolin', 26, 'title', 'basic');
INSERT OR IGNORE INTO search_deletion_keys (deletion_key, term, product_id, field, representation) VALUES ('oroolin', 'ioroolin', 26, 'title', 'basic');
INSERT OR IGNORE INTO search_deletion_keys (deletion_key, term, product_id, field, representation) VALUES ('iroolin', 'ioroolin', 26, 'title', 'basic');
INSERT OR IGNORE INTO search_deletion_keys (deletion_key, term, product_id, field, representation) VALUES ('iooolin', 'ioroolin', 26, 'title', 'basic');
INSERT OR IGNORE INTO search_deletion_keys (deletion_key, term, product_id, field, representation) VALUES ('iorolin', 'ioroolin', 26, 'title', 'basic');
INSERT OR IGNORE INTO search_deletion_keys (deletion_key, term, product_id, field, representation) VALUES ('iorooin', 'ioroolin', 26, 'title', 'basic');
INSERT OR IGNORE INTO search_deletion_keys (deletion_key, term, product_id, field, representation) VALUES ('iorooln', 'ioroolin', 26, 'title', 'basic');
INSERT OR IGNORE INTO search_deletion_keys (deletion_key, term, product_id, field, representation) VALUES ('iorooli', 'ioroolin', 26, 'title', 'basic');
INSERT OR IGNORE INTO search_terms (term, product_id, field, representation) VALUES ('tseverlegch', 26, 'title', 'basic');
INSERT OR IGNORE INTO search_deletion_keys (deletion_key, term, product_id, field, representation) VALUES ('tseverlegch', 'tseverlegch', 26, 'title', 'basic');
INSERT OR IGNORE INTO search_deletion_keys (deletion_key, term, product_id, field, representation) VALUES ('severlegch', 'tseverlegch', 26, 'title', 'basic');
INSERT OR IGNORE INTO search_deletion_keys (deletion_key, term, product_id, field, representation) VALUES ('teverlegch', 'tseverlegch', 26, 'title', 'basic');
INSERT OR IGNORE INTO search_deletion_keys (deletion_key, term, product_id, field, representation) VALUES ('tsverlegch', 'tseverlegch', 26, 'title', 'basic');
INSERT OR IGNORE INTO search_deletion_keys (deletion_key, term, product_id, field, representation) VALUES ('tseerlegch', 'tseverlegch', 26, 'title', 'basic');
INSERT OR IGNORE INTO search_deletion_keys (deletion_key, term, product_id, field, representation) VALUES ('tsevrlegch', 'tseverlegch', 26, 'title', 'basic');
INSERT OR IGNORE INTO search_deletion_keys (deletion_key, term, product_id, field, representation) VALUES ('tsevelegch', 'tseverlegch', 26, 'title', 'basic');
INSERT OR IGNORE INTO search_deletion_keys (deletion_key, term, product_id, field, representation) VALUES ('tseveregch', 'tseverlegch', 26, 'title', 'basic');
INSERT OR IGNORE INTO search_deletion_keys (deletion_key, term, product_id, field, representation) VALUES ('tseverlgch', 'tseverlegch', 26, 'title', 'basic');
INSERT OR IGNORE INTO search_deletion_keys (deletion_key, term, product_id, field, representation) VALUES ('tseverlech', 'tseverlegch', 26, 'title', 'basic');
INSERT OR IGNORE INTO search_deletion_keys (deletion_key, term, product_id, field, representation) VALUES ('tseverlegh', 'tseverlegch', 26, 'title', 'basic');
INSERT OR IGNORE INTO search_deletion_keys (deletion_key, term, product_id, field, representation) VALUES ('tseverlegc', 'tseverlegch', 26, 'title', 'basic');
INSERT OR IGNORE INTO search_terms (term, product_id, field, representation) VALUES ('талын', 26, 'brand', 'native');
INSERT OR IGNORE INTO search_deletion_keys (deletion_key, term, product_id, field, representation) VALUES ('талын', 'талын', 26, 'brand', 'native');
INSERT OR IGNORE INTO search_deletion_keys (deletion_key, term, product_id, field, representation) VALUES ('алын', 'талын', 26, 'brand', 'native');
INSERT OR IGNORE INTO search_deletion_keys (deletion_key, term, product_id, field, representation) VALUES ('тлын', 'талын', 26, 'brand', 'native');
INSERT OR IGNORE INTO search_deletion_keys (deletion_key, term, product_id, field, representation) VALUES ('таын', 'талын', 26, 'brand', 'native');
INSERT OR IGNORE INTO search_deletion_keys (deletion_key, term, product_id, field, representation) VALUES ('талн', 'талын', 26, 'brand', 'native');
INSERT OR IGNORE INTO search_deletion_keys (deletion_key, term, product_id, field, representation) VALUES ('талы', 'талын', 26, 'brand', 'native');
INSERT OR IGNORE INTO search_terms (term, product_id, field, representation) VALUES ('talyn', 26, 'brand', 'strict');
INSERT OR IGNORE INTO search_deletion_keys (deletion_key, term, product_id, field, representation) VALUES ('talyn', 'talyn', 26, 'brand', 'strict');
INSERT OR IGNORE INTO search_deletion_keys (deletion_key, term, product_id, field, representation) VALUES ('alyn', 'talyn', 26, 'brand', 'strict');
INSERT OR IGNORE INTO search_deletion_keys (deletion_key, term, product_id, field, representation) VALUES ('tlyn', 'talyn', 26, 'brand', 'strict');
INSERT OR IGNORE INTO search_deletion_keys (deletion_key, term, product_id, field, representation) VALUES ('tayn', 'talyn', 26, 'brand', 'strict');
INSERT OR IGNORE INTO search_deletion_keys (deletion_key, term, product_id, field, representation) VALUES ('taln', 'talyn', 26, 'brand', 'strict');
INSERT OR IGNORE INTO search_deletion_keys (deletion_key, term, product_id, field, representation) VALUES ('taly', 'talyn', 26, 'brand', 'strict');
INSERT OR IGNORE INTO search_terms (term, product_id, field, representation) VALUES ('talin', 26, 'brand', 'basic');
INSERT OR IGNORE INTO search_deletion_keys (deletion_key, term, product_id, field, representation) VALUES ('talin', 'talin', 26, 'brand', 'basic');
INSERT OR IGNORE INTO search_deletion_keys (deletion_key, term, product_id, field, representation) VALUES ('alin', 'talin', 26, 'brand', 'basic');
INSERT OR IGNORE INTO search_deletion_keys (deletion_key, term, product_id, field, representation) VALUES ('tlin', 'talin', 26, 'brand', 'basic');
INSERT OR IGNORE INTO search_deletion_keys (deletion_key, term, product_id, field, representation) VALUES ('tain', 'talin', 26, 'brand', 'basic');
INSERT OR IGNORE INTO search_deletion_keys (deletion_key, term, product_id, field, representation) VALUES ('taln', 'talin', 26, 'brand', 'basic');
INSERT OR IGNORE INTO search_deletion_keys (deletion_key, term, product_id, field, representation) VALUES ('tali', 'talin', 26, 'brand', 'basic');
INSERT OR IGNORE INTO search_terms (term, product_id, field, representation) VALUES ('ахуй', 26, 'category', 'native');
INSERT OR IGNORE INTO search_deletion_keys (deletion_key, term, product_id, field, representation) VALUES ('ахуй', 'ахуй', 26, 'category', 'native');
INSERT OR IGNORE INTO search_deletion_keys (deletion_key, term, product_id, field, representation) VALUES ('хуй', 'ахуй', 26, 'category', 'native');
INSERT OR IGNORE INTO search_deletion_keys (deletion_key, term, product_id, field, representation) VALUES ('ауй', 'ахуй', 26, 'category', 'native');
INSERT OR IGNORE INTO search_deletion_keys (deletion_key, term, product_id, field, representation) VALUES ('ахй', 'ахуй', 26, 'category', 'native');
INSERT OR IGNORE INTO search_deletion_keys (deletion_key, term, product_id, field, representation) VALUES ('аху', 'ахуй', 26, 'category', 'native');
INSERT OR IGNORE INTO search_terms (term, product_id, field, representation) VALUES ('akhuy', 26, 'category', 'strict');
INSERT OR IGNORE INTO search_deletion_keys (deletion_key, term, product_id, field, representation) VALUES ('akhuy', 'akhuy', 26, 'category', 'strict');
INSERT OR IGNORE INTO search_deletion_keys (deletion_key, term, product_id, field, representation) VALUES ('khuy', 'akhuy', 26, 'category', 'strict');
INSERT OR IGNORE INTO search_deletion_keys (deletion_key, term, product_id, field, representation) VALUES ('ahuy', 'akhuy', 26, 'category', 'strict');
INSERT OR IGNORE INTO search_deletion_keys (deletion_key, term, product_id, field, representation) VALUES ('akuy', 'akhuy', 26, 'category', 'strict');
INSERT OR IGNORE INTO search_deletion_keys (deletion_key, term, product_id, field, representation) VALUES ('akhy', 'akhuy', 26, 'category', 'strict');
INSERT OR IGNORE INTO search_deletion_keys (deletion_key, term, product_id, field, representation) VALUES ('akhu', 'akhuy', 26, 'category', 'strict');
INSERT OR IGNORE INTO search_terms (term, product_id, field, representation) VALUES ('akhui', 26, 'category', 'basic');
INSERT OR IGNORE INTO search_deletion_keys (deletion_key, term, product_id, field, representation) VALUES ('akhui', 'akhui', 26, 'category', 'basic');
INSERT OR IGNORE INTO search_deletion_keys (deletion_key, term, product_id, field, representation) VALUES ('khui', 'akhui', 26, 'category', 'basic');
INSERT OR IGNORE INTO search_deletion_keys (deletion_key, term, product_id, field, representation) VALUES ('ahui', 'akhui', 26, 'category', 'basic');
INSERT OR IGNORE INTO search_deletion_keys (deletion_key, term, product_id, field, representation) VALUES ('akui', 'akhui', 26, 'category', 'basic');
INSERT OR IGNORE INTO search_deletion_keys (deletion_key, term, product_id, field, representation) VALUES ('akhi', 'akhui', 26, 'category', 'basic');
INSERT OR IGNORE INTO search_deletion_keys (deletion_key, term, product_id, field, representation) VALUES ('akhu', 'akhui', 26, 'category', 'basic');
INSERT INTO products (id, sku, sku_normalized, name, category, tags, price_mnt, strict_key, basic_key, brand, description, available, merchandising_position) VALUES (27, 'HV-Ц-027', 'hvц027', 'Цэвэр усны сав', 'Гэр ахуй', 'ус, цэвэр', 57500, 'цэвэр усны сав гэр ахуй ус цэвэр hv ц 027 tsever usny sav ger akhuy us tsever hv ts 027', 'цэвэр усны сав гэр ахуй ус цэвэр hv ц 027 tsever usni sav ger akhui us tsever hv ts 027', 'Хөх Тэнгэр', 'Гэр ахуй зориулсан синтетик туршилтын бүтээгдэхүүн ус, цэвэр', 1, 27);
INSERT INTO product_search (product_id, name, category, tags, sku, strict_key, basic_key) VALUES (27, 'цэвэр усны сав tsever usny sav', 'гэр ахуй ger akhuy', 'ус цэвэр us tsever', 'hv ц 027 hv ts 027', 'цэвэр усны сав гэр ахуй ус цэвэр hv ц 027 tsever usny sav ger akhuy us tsever hv ts 027', 'цэвэр усны сав гэр ахуй ус цэвэр hv ц 027 tsever usni sav ger akhui us tsever hv ts 027');
INSERT INTO product_search_tiered (product_id, native_key, strict_key, basic_key, sku_key) VALUES (27, 'цэвэр усны сав гэр ахуй ус цэвэр hv ц 027', 'tsever usny sav ger akhuy us tsever hv ts 027', 'cever tsever usny sav ger ahui ahuy akhui akhuy us cever tsever hv 027', 'hvц027');
INSERT INTO product_search_resilient (product_id, title_native, brand_native, category_native, tags_native, description_native, title_strict, brand_strict, category_strict, tags_strict, description_strict, title_basic, brand_basic, category_basic, tags_basic, description_basic) VALUES (27, 'цэвэр усны сав', 'хөх тэнгэр', 'гэр ахуй', 'ус цэвэр', 'гэр ахуй зориулсан синтетик туршилтын бүтээгдэхүүн ус цэвэр', 'tsever usny sav', 'khoekh tenger', 'ger akhuy', 'us tsever', 'ger akhuy zoriulsan sintetik turshiltyn bueteegdekhueuen us tsever', 'cever tsever usny sav', 'hoh hokh huh hukh khoh khokh khuh khukh tenger', 'ger ahui ahuy akhui akhuy', 'us cever tsever', 'ger ahui ahuy akhui akhuy zoriulsan sintetik turshiltyn buteegdehuun buteegdehuin buteegdehiun buteegdehiin buteegdekhuun buteegdekhuin buteegdekhiun buteegdekhiin us cever tsever');
INSERT OR IGNORE INTO search_terms (term, product_id, field, representation) VALUES ('цэвэр', 27, 'title', 'native');
INSERT OR IGNORE INTO search_deletion_keys (deletion_key, term, product_id, field, representation) VALUES ('цэвэр', 'цэвэр', 27, 'title', 'native');
INSERT OR IGNORE INTO search_deletion_keys (deletion_key, term, product_id, field, representation) VALUES ('эвэр', 'цэвэр', 27, 'title', 'native');
INSERT OR IGNORE INTO search_deletion_keys (deletion_key, term, product_id, field, representation) VALUES ('цвэр', 'цэвэр', 27, 'title', 'native');
INSERT OR IGNORE INTO search_deletion_keys (deletion_key, term, product_id, field, representation) VALUES ('цээр', 'цэвэр', 27, 'title', 'native');
INSERT OR IGNORE INTO search_deletion_keys (deletion_key, term, product_id, field, representation) VALUES ('цэвр', 'цэвэр', 27, 'title', 'native');
INSERT OR IGNORE INTO search_deletion_keys (deletion_key, term, product_id, field, representation) VALUES ('цэвэ', 'цэвэр', 27, 'title', 'native');
INSERT OR IGNORE INTO search_terms (term, product_id, field, representation) VALUES ('усны', 27, 'title', 'native');
INSERT OR IGNORE INTO search_deletion_keys (deletion_key, term, product_id, field, representation) VALUES ('усны', 'усны', 27, 'title', 'native');
INSERT OR IGNORE INTO search_deletion_keys (deletion_key, term, product_id, field, representation) VALUES ('сны', 'усны', 27, 'title', 'native');
INSERT OR IGNORE INTO search_deletion_keys (deletion_key, term, product_id, field, representation) VALUES ('уны', 'усны', 27, 'title', 'native');
INSERT OR IGNORE INTO search_deletion_keys (deletion_key, term, product_id, field, representation) VALUES ('усы', 'усны', 27, 'title', 'native');
INSERT OR IGNORE INTO search_deletion_keys (deletion_key, term, product_id, field, representation) VALUES ('усн', 'усны', 27, 'title', 'native');
INSERT OR IGNORE INTO search_terms (term, product_id, field, representation) VALUES ('tsever', 27, 'title', 'strict');
INSERT OR IGNORE INTO search_deletion_keys (deletion_key, term, product_id, field, representation) VALUES ('tsever', 'tsever', 27, 'title', 'strict');
INSERT OR IGNORE INTO search_deletion_keys (deletion_key, term, product_id, field, representation) VALUES ('sever', 'tsever', 27, 'title', 'strict');
INSERT OR IGNORE INTO search_deletion_keys (deletion_key, term, product_id, field, representation) VALUES ('tever', 'tsever', 27, 'title', 'strict');
INSERT OR IGNORE INTO search_deletion_keys (deletion_key, term, product_id, field, representation) VALUES ('tsver', 'tsever', 27, 'title', 'strict');
INSERT OR IGNORE INTO search_deletion_keys (deletion_key, term, product_id, field, representation) VALUES ('tseer', 'tsever', 27, 'title', 'strict');
INSERT OR IGNORE INTO search_deletion_keys (deletion_key, term, product_id, field, representation) VALUES ('tsevr', 'tsever', 27, 'title', 'strict');
INSERT OR IGNORE INTO search_deletion_keys (deletion_key, term, product_id, field, representation) VALUES ('tseve', 'tsever', 27, 'title', 'strict');
INSERT OR IGNORE INTO search_terms (term, product_id, field, representation) VALUES ('usny', 27, 'title', 'strict');
INSERT OR IGNORE INTO search_deletion_keys (deletion_key, term, product_id, field, representation) VALUES ('usny', 'usny', 27, 'title', 'strict');
INSERT OR IGNORE INTO search_deletion_keys (deletion_key, term, product_id, field, representation) VALUES ('sny', 'usny', 27, 'title', 'strict');
INSERT OR IGNORE INTO search_deletion_keys (deletion_key, term, product_id, field, representation) VALUES ('uny', 'usny', 27, 'title', 'strict');
INSERT OR IGNORE INTO search_deletion_keys (deletion_key, term, product_id, field, representation) VALUES ('usy', 'usny', 27, 'title', 'strict');
INSERT OR IGNORE INTO search_deletion_keys (deletion_key, term, product_id, field, representation) VALUES ('usn', 'usny', 27, 'title', 'strict');
INSERT OR IGNORE INTO search_terms (term, product_id, field, representation) VALUES ('tsever', 27, 'title', 'basic');
INSERT OR IGNORE INTO search_deletion_keys (deletion_key, term, product_id, field, representation) VALUES ('tsever', 'tsever', 27, 'title', 'basic');
INSERT OR IGNORE INTO search_deletion_keys (deletion_key, term, product_id, field, representation) VALUES ('sever', 'tsever', 27, 'title', 'basic');
INSERT OR IGNORE INTO search_deletion_keys (deletion_key, term, product_id, field, representation) VALUES ('tever', 'tsever', 27, 'title', 'basic');
INSERT OR IGNORE INTO search_deletion_keys (deletion_key, term, product_id, field, representation) VALUES ('tsver', 'tsever', 27, 'title', 'basic');
INSERT OR IGNORE INTO search_deletion_keys (deletion_key, term, product_id, field, representation) VALUES ('tseer', 'tsever', 27, 'title', 'basic');
INSERT OR IGNORE INTO search_deletion_keys (deletion_key, term, product_id, field, representation) VALUES ('tsevr', 'tsever', 27, 'title', 'basic');
INSERT OR IGNORE INTO search_deletion_keys (deletion_key, term, product_id, field, representation) VALUES ('tseve', 'tsever', 27, 'title', 'basic');
INSERT OR IGNORE INTO search_terms (term, product_id, field, representation) VALUES ('usni', 27, 'title', 'basic');
INSERT OR IGNORE INTO search_deletion_keys (deletion_key, term, product_id, field, representation) VALUES ('usni', 'usni', 27, 'title', 'basic');
INSERT OR IGNORE INTO search_deletion_keys (deletion_key, term, product_id, field, representation) VALUES ('sni', 'usni', 27, 'title', 'basic');
INSERT OR IGNORE INTO search_deletion_keys (deletion_key, term, product_id, field, representation) VALUES ('uni', 'usni', 27, 'title', 'basic');
INSERT OR IGNORE INTO search_deletion_keys (deletion_key, term, product_id, field, representation) VALUES ('usi', 'usni', 27, 'title', 'basic');
INSERT OR IGNORE INTO search_deletion_keys (deletion_key, term, product_id, field, representation) VALUES ('usn', 'usni', 27, 'title', 'basic');
INSERT OR IGNORE INTO search_terms (term, product_id, field, representation) VALUES ('тэнгэр', 27, 'brand', 'native');
INSERT OR IGNORE INTO search_deletion_keys (deletion_key, term, product_id, field, representation) VALUES ('тэнгэр', 'тэнгэр', 27, 'brand', 'native');
INSERT OR IGNORE INTO search_deletion_keys (deletion_key, term, product_id, field, representation) VALUES ('энгэр', 'тэнгэр', 27, 'brand', 'native');
INSERT OR IGNORE INTO search_deletion_keys (deletion_key, term, product_id, field, representation) VALUES ('тнгэр', 'тэнгэр', 27, 'brand', 'native');
INSERT OR IGNORE INTO search_deletion_keys (deletion_key, term, product_id, field, representation) VALUES ('тэгэр', 'тэнгэр', 27, 'brand', 'native');
INSERT OR IGNORE INTO search_deletion_keys (deletion_key, term, product_id, field, representation) VALUES ('тэнэр', 'тэнгэр', 27, 'brand', 'native');
INSERT OR IGNORE INTO search_deletion_keys (deletion_key, term, product_id, field, representation) VALUES ('тэнгр', 'тэнгэр', 27, 'brand', 'native');
INSERT OR IGNORE INTO search_deletion_keys (deletion_key, term, product_id, field, representation) VALUES ('тэнгэ', 'тэнгэр', 27, 'brand', 'native');
INSERT OR IGNORE INTO search_terms (term, product_id, field, representation) VALUES ('khoekh', 27, 'brand', 'strict');
INSERT OR IGNORE INTO search_deletion_keys (deletion_key, term, product_id, field, representation) VALUES ('khoekh', 'khoekh', 27, 'brand', 'strict');
INSERT OR IGNORE INTO search_deletion_keys (deletion_key, term, product_id, field, representation) VALUES ('hoekh', 'khoekh', 27, 'brand', 'strict');
INSERT OR IGNORE INTO search_deletion_keys (deletion_key, term, product_id, field, representation) VALUES ('koekh', 'khoekh', 27, 'brand', 'strict');
INSERT OR IGNORE INTO search_deletion_keys (deletion_key, term, product_id, field, representation) VALUES ('khekh', 'khoekh', 27, 'brand', 'strict');
INSERT OR IGNORE INTO search_deletion_keys (deletion_key, term, product_id, field, representation) VALUES ('khokh', 'khoekh', 27, 'brand', 'strict');
INSERT OR IGNORE INTO search_deletion_keys (deletion_key, term, product_id, field, representation) VALUES ('khoeh', 'khoekh', 27, 'brand', 'strict');
INSERT OR IGNORE INTO search_deletion_keys (deletion_key, term, product_id, field, representation) VALUES ('khoek', 'khoekh', 27, 'brand', 'strict');
INSERT OR IGNORE INTO search_terms (term, product_id, field, representation) VALUES ('tenger', 27, 'brand', 'strict');
INSERT OR IGNORE INTO search_deletion_keys (deletion_key, term, product_id, field, representation) VALUES ('tenger', 'tenger', 27, 'brand', 'strict');
INSERT OR IGNORE INTO search_deletion_keys (deletion_key, term, product_id, field, representation) VALUES ('enger', 'tenger', 27, 'brand', 'strict');
INSERT OR IGNORE INTO search_deletion_keys (deletion_key, term, product_id, field, representation) VALUES ('tnger', 'tenger', 27, 'brand', 'strict');
INSERT OR IGNORE INTO search_deletion_keys (deletion_key, term, product_id, field, representation) VALUES ('teger', 'tenger', 27, 'brand', 'strict');
INSERT OR IGNORE INTO search_deletion_keys (deletion_key, term, product_id, field, representation) VALUES ('tener', 'tenger', 27, 'brand', 'strict');
INSERT OR IGNORE INTO search_deletion_keys (deletion_key, term, product_id, field, representation) VALUES ('tengr', 'tenger', 27, 'brand', 'strict');
INSERT OR IGNORE INTO search_deletion_keys (deletion_key, term, product_id, field, representation) VALUES ('tenge', 'tenger', 27, 'brand', 'strict');
INSERT OR IGNORE INTO search_terms (term, product_id, field, representation) VALUES ('khokh', 27, 'brand', 'basic');
INSERT OR IGNORE INTO search_deletion_keys (deletion_key, term, product_id, field, representation) VALUES ('khokh', 'khokh', 27, 'brand', 'basic');
INSERT OR IGNORE INTO search_deletion_keys (deletion_key, term, product_id, field, representation) VALUES ('hokh', 'khokh', 27, 'brand', 'basic');
INSERT OR IGNORE INTO search_deletion_keys (deletion_key, term, product_id, field, representation) VALUES ('kokh', 'khokh', 27, 'brand', 'basic');
INSERT OR IGNORE INTO search_deletion_keys (deletion_key, term, product_id, field, representation) VALUES ('khkh', 'khokh', 27, 'brand', 'basic');
INSERT OR IGNORE INTO search_deletion_keys (deletion_key, term, product_id, field, representation) VALUES ('khoh', 'khokh', 27, 'brand', 'basic');
INSERT OR IGNORE INTO search_deletion_keys (deletion_key, term, product_id, field, representation) VALUES ('khok', 'khokh', 27, 'brand', 'basic');
INSERT OR IGNORE INTO search_terms (term, product_id, field, representation) VALUES ('tenger', 27, 'brand', 'basic');
INSERT OR IGNORE INTO search_deletion_keys (deletion_key, term, product_id, field, representation) VALUES ('tenger', 'tenger', 27, 'brand', 'basic');
INSERT OR IGNORE INTO search_deletion_keys (deletion_key, term, product_id, field, representation) VALUES ('enger', 'tenger', 27, 'brand', 'basic');
INSERT OR IGNORE INTO search_deletion_keys (deletion_key, term, product_id, field, representation) VALUES ('tnger', 'tenger', 27, 'brand', 'basic');
INSERT OR IGNORE INTO search_deletion_keys (deletion_key, term, product_id, field, representation) VALUES ('teger', 'tenger', 27, 'brand', 'basic');
INSERT OR IGNORE INTO search_deletion_keys (deletion_key, term, product_id, field, representation) VALUES ('tener', 'tenger', 27, 'brand', 'basic');
INSERT OR IGNORE INTO search_deletion_keys (deletion_key, term, product_id, field, representation) VALUES ('tengr', 'tenger', 27, 'brand', 'basic');
INSERT OR IGNORE INTO search_deletion_keys (deletion_key, term, product_id, field, representation) VALUES ('tenge', 'tenger', 27, 'brand', 'basic');
INSERT OR IGNORE INTO search_terms (term, product_id, field, representation) VALUES ('ахуй', 27, 'category', 'native');
INSERT OR IGNORE INTO search_deletion_keys (deletion_key, term, product_id, field, representation) VALUES ('ахуй', 'ахуй', 27, 'category', 'native');
INSERT OR IGNORE INTO search_deletion_keys (deletion_key, term, product_id, field, representation) VALUES ('хуй', 'ахуй', 27, 'category', 'native');
INSERT OR IGNORE INTO search_deletion_keys (deletion_key, term, product_id, field, representation) VALUES ('ауй', 'ахуй', 27, 'category', 'native');
INSERT OR IGNORE INTO search_deletion_keys (deletion_key, term, product_id, field, representation) VALUES ('ахй', 'ахуй', 27, 'category', 'native');
INSERT OR IGNORE INTO search_deletion_keys (deletion_key, term, product_id, field, representation) VALUES ('аху', 'ахуй', 27, 'category', 'native');
INSERT OR IGNORE INTO search_terms (term, product_id, field, representation) VALUES ('akhuy', 27, 'category', 'strict');
INSERT OR IGNORE INTO search_deletion_keys (deletion_key, term, product_id, field, representation) VALUES ('akhuy', 'akhuy', 27, 'category', 'strict');
INSERT OR IGNORE INTO search_deletion_keys (deletion_key, term, product_id, field, representation) VALUES ('khuy', 'akhuy', 27, 'category', 'strict');
INSERT OR IGNORE INTO search_deletion_keys (deletion_key, term, product_id, field, representation) VALUES ('ahuy', 'akhuy', 27, 'category', 'strict');
INSERT OR IGNORE INTO search_deletion_keys (deletion_key, term, product_id, field, representation) VALUES ('akuy', 'akhuy', 27, 'category', 'strict');
INSERT OR IGNORE INTO search_deletion_keys (deletion_key, term, product_id, field, representation) VALUES ('akhy', 'akhuy', 27, 'category', 'strict');
INSERT OR IGNORE INTO search_deletion_keys (deletion_key, term, product_id, field, representation) VALUES ('akhu', 'akhuy', 27, 'category', 'strict');
INSERT OR IGNORE INTO search_terms (term, product_id, field, representation) VALUES ('akhui', 27, 'category', 'basic');
INSERT OR IGNORE INTO search_deletion_keys (deletion_key, term, product_id, field, representation) VALUES ('akhui', 'akhui', 27, 'category', 'basic');
INSERT OR IGNORE INTO search_deletion_keys (deletion_key, term, product_id, field, representation) VALUES ('khui', 'akhui', 27, 'category', 'basic');
INSERT OR IGNORE INTO search_deletion_keys (deletion_key, term, product_id, field, representation) VALUES ('ahui', 'akhui', 27, 'category', 'basic');
INSERT OR IGNORE INTO search_deletion_keys (deletion_key, term, product_id, field, representation) VALUES ('akui', 'akhui', 27, 'category', 'basic');
INSERT OR IGNORE INTO search_deletion_keys (deletion_key, term, product_id, field, representation) VALUES ('akhi', 'akhui', 27, 'category', 'basic');
INSERT OR IGNORE INTO search_deletion_keys (deletion_key, term, product_id, field, representation) VALUES ('akhu', 'akhui', 27, 'category', 'basic');
INSERT INTO products (id, sku, sku_normalized, name, category, tags, price_mnt, strict_key, basic_key, brand, description, available, merchandising_position) VALUES (28, 'HV-Ч-028', 'hvч028', 'Чихэрлэг жимс', 'Хүнс', 'чихэр, жимс', 59250, 'чихэрлэг жимс хүнс чихэр жимс hv ч 028 chikherleg jims khüns chikher jims hv ch 028', 'чихэрлэг жимс хүнс чихэр жимс hv ч 028 chikherleg jims khuns chikher jims hv ch 028', 'Алтан Өргөө', 'Хүнс зориулсан синтетик туршилтын бүтээгдэхүүн чихэр, жимс', 1, 28);
INSERT INTO product_search (product_id, name, category, tags, sku, strict_key, basic_key) VALUES (28, 'чихэрлэг жимс chikherleg jims', 'хүнс khüns', 'чихэр жимс chikher jims', 'hv ч 028 hv ch 028', 'чихэрлэг жимс хүнс чихэр жимс hv ч 028 chikherleg jims khüns chikher jims hv ch 028', 'чихэрлэг жимс хүнс чихэр жимс hv ч 028 chikherleg jims khuns chikher jims hv ch 028');
INSERT INTO product_search_tiered (product_id, native_key, strict_key, basic_key, sku_key) VALUES (28, 'чихэрлэг жимс хүнс чихэр жимс hv ч 028', 'chikherleg jims khuens chikher jims hv ch 028', 'chiherleg chikherleg jims huns hins khuns khins chiher chikher jims hv 028', 'hvч028');
INSERT INTO product_search_resilient (product_id, title_native, brand_native, category_native, tags_native, description_native, title_strict, brand_strict, category_strict, tags_strict, description_strict, title_basic, brand_basic, category_basic, tags_basic, description_basic) VALUES (28, 'чихэрлэг жимс', 'алтан өргөө', 'хүнс', 'чихэр жимс', 'хүнс зориулсан синтетик туршилтын бүтээгдэхүүн чихэр жимс', 'chikherleg jims', 'altan oergoeoe', 'khuens', 'chikher jims', 'khuens zoriulsan sintetik turshiltyn bueteegdekhueuen chikher jims', 'chiherleg chikherleg jims', 'altan orgoo orgou orguo orguu urgoo urgou urguo urguu', 'huns hins khuns khins', 'chiher chikher jims', 'huns hins khuns khins zoriulsan sintetik turshiltyn buteegdehuun buteegdehuin buteegdehiun buteegdehiin buteegdekhuun buteegdekhuin buteegdekhiun buteegdekhiin chiher chikher jims');
INSERT OR IGNORE INTO search_terms (term, product_id, field, representation) VALUES ('чихэрлэг', 28, 'title', 'native');
INSERT OR IGNORE INTO search_deletion_keys (deletion_key, term, product_id, field, representation) VALUES ('чихэрлэг', 'чихэрлэг', 28, 'title', 'native');
INSERT OR IGNORE INTO search_deletion_keys (deletion_key, term, product_id, field, representation) VALUES ('ихэрлэг', 'чихэрлэг', 28, 'title', 'native');
INSERT OR IGNORE INTO search_deletion_keys (deletion_key, term, product_id, field, representation) VALUES ('чхэрлэг', 'чихэрлэг', 28, 'title', 'native');
INSERT OR IGNORE INTO search_deletion_keys (deletion_key, term, product_id, field, representation) VALUES ('чиэрлэг', 'чихэрлэг', 28, 'title', 'native');
INSERT OR IGNORE INTO search_deletion_keys (deletion_key, term, product_id, field, representation) VALUES ('чихрлэг', 'чихэрлэг', 28, 'title', 'native');
INSERT OR IGNORE INTO search_deletion_keys (deletion_key, term, product_id, field, representation) VALUES ('чихэлэг', 'чихэрлэг', 28, 'title', 'native');
INSERT OR IGNORE INTO search_deletion_keys (deletion_key, term, product_id, field, representation) VALUES ('чихэрэг', 'чихэрлэг', 28, 'title', 'native');
INSERT OR IGNORE INTO search_deletion_keys (deletion_key, term, product_id, field, representation) VALUES ('чихэрлг', 'чихэрлэг', 28, 'title', 'native');
INSERT OR IGNORE INTO search_deletion_keys (deletion_key, term, product_id, field, representation) VALUES ('чихэрлэ', 'чихэрлэг', 28, 'title', 'native');
INSERT OR IGNORE INTO search_terms (term, product_id, field, representation) VALUES ('жимс', 28, 'title', 'native');
INSERT OR IGNORE INTO search_deletion_keys (deletion_key, term, product_id, field, representation) VALUES ('жимс', 'жимс', 28, 'title', 'native');
INSERT OR IGNORE INTO search_deletion_keys (deletion_key, term, product_id, field, representation) VALUES ('имс', 'жимс', 28, 'title', 'native');
INSERT OR IGNORE INTO search_deletion_keys (deletion_key, term, product_id, field, representation) VALUES ('жмс', 'жимс', 28, 'title', 'native');
INSERT OR IGNORE INTO search_deletion_keys (deletion_key, term, product_id, field, representation) VALUES ('жис', 'жимс', 28, 'title', 'native');
INSERT OR IGNORE INTO search_deletion_keys (deletion_key, term, product_id, field, representation) VALUES ('жим', 'жимс', 28, 'title', 'native');
INSERT OR IGNORE INTO search_terms (term, product_id, field, representation) VALUES ('chikherleg', 28, 'title', 'strict');
INSERT OR IGNORE INTO search_deletion_keys (deletion_key, term, product_id, field, representation) VALUES ('chikherleg', 'chikherleg', 28, 'title', 'strict');
INSERT OR IGNORE INTO search_deletion_keys (deletion_key, term, product_id, field, representation) VALUES ('hikherleg', 'chikherleg', 28, 'title', 'strict');
INSERT OR IGNORE INTO search_deletion_keys (deletion_key, term, product_id, field, representation) VALUES ('cikherleg', 'chikherleg', 28, 'title', 'strict');
INSERT OR IGNORE INTO search_deletion_keys (deletion_key, term, product_id, field, representation) VALUES ('chkherleg', 'chikherleg', 28, 'title', 'strict');
INSERT OR IGNORE INTO search_deletion_keys (deletion_key, term, product_id, field, representation) VALUES ('chiherleg', 'chikherleg', 28, 'title', 'strict');
INSERT OR IGNORE INTO search_deletion_keys (deletion_key, term, product_id, field, representation) VALUES ('chikerleg', 'chikherleg', 28, 'title', 'strict');
INSERT OR IGNORE INTO search_deletion_keys (deletion_key, term, product_id, field, representation) VALUES ('chikhrleg', 'chikherleg', 28, 'title', 'strict');
INSERT OR IGNORE INTO search_deletion_keys (deletion_key, term, product_id, field, representation) VALUES ('chikheleg', 'chikherleg', 28, 'title', 'strict');
INSERT OR IGNORE INTO search_deletion_keys (deletion_key, term, product_id, field, representation) VALUES ('chikhereg', 'chikherleg', 28, 'title', 'strict');
INSERT OR IGNORE INTO search_deletion_keys (deletion_key, term, product_id, field, representation) VALUES ('chikherlg', 'chikherleg', 28, 'title', 'strict');
INSERT OR IGNORE INTO search_deletion_keys (deletion_key, term, product_id, field, representation) VALUES ('chikherle', 'chikherleg', 28, 'title', 'strict');
INSERT OR IGNORE INTO search_terms (term, product_id, field, representation) VALUES ('jims', 28, 'title', 'strict');
INSERT OR IGNORE INTO search_deletion_keys (deletion_key, term, product_id, field, representation) VALUES ('jims', 'jims', 28, 'title', 'strict');
INSERT OR IGNORE INTO search_deletion_keys (deletion_key, term, product_id, field, representation) VALUES ('ims', 'jims', 28, 'title', 'strict');
INSERT OR IGNORE INTO search_deletion_keys (deletion_key, term, product_id, field, representation) VALUES ('jms', 'jims', 28, 'title', 'strict');
INSERT OR IGNORE INTO search_deletion_keys (deletion_key, term, product_id, field, representation) VALUES ('jis', 'jims', 28, 'title', 'strict');
INSERT OR IGNORE INTO search_deletion_keys (deletion_key, term, product_id, field, representation) VALUES ('jim', 'jims', 28, 'title', 'strict');
INSERT OR IGNORE INTO search_terms (term, product_id, field, representation) VALUES ('chikherleg', 28, 'title', 'basic');
INSERT OR IGNORE INTO search_deletion_keys (deletion_key, term, product_id, field, representation) VALUES ('chikherleg', 'chikherleg', 28, 'title', 'basic');
INSERT OR IGNORE INTO search_deletion_keys (deletion_key, term, product_id, field, representation) VALUES ('hikherleg', 'chikherleg', 28, 'title', 'basic');
INSERT OR IGNORE INTO search_deletion_keys (deletion_key, term, product_id, field, representation) VALUES ('cikherleg', 'chikherleg', 28, 'title', 'basic');
INSERT OR IGNORE INTO search_deletion_keys (deletion_key, term, product_id, field, representation) VALUES ('chkherleg', 'chikherleg', 28, 'title', 'basic');
INSERT OR IGNORE INTO search_deletion_keys (deletion_key, term, product_id, field, representation) VALUES ('chiherleg', 'chikherleg', 28, 'title', 'basic');
INSERT OR IGNORE INTO search_deletion_keys (deletion_key, term, product_id, field, representation) VALUES ('chikerleg', 'chikherleg', 28, 'title', 'basic');
INSERT OR IGNORE INTO search_deletion_keys (deletion_key, term, product_id, field, representation) VALUES ('chikhrleg', 'chikherleg', 28, 'title', 'basic');
INSERT OR IGNORE INTO search_deletion_keys (deletion_key, term, product_id, field, representation) VALUES ('chikheleg', 'chikherleg', 28, 'title', 'basic');
INSERT OR IGNORE INTO search_deletion_keys (deletion_key, term, product_id, field, representation) VALUES ('chikhereg', 'chikherleg', 28, 'title', 'basic');
INSERT OR IGNORE INTO search_deletion_keys (deletion_key, term, product_id, field, representation) VALUES ('chikherlg', 'chikherleg', 28, 'title', 'basic');
INSERT OR IGNORE INTO search_deletion_keys (deletion_key, term, product_id, field, representation) VALUES ('chikherle', 'chikherleg', 28, 'title', 'basic');
INSERT OR IGNORE INTO search_terms (term, product_id, field, representation) VALUES ('jims', 28, 'title', 'basic');
INSERT OR IGNORE INTO search_deletion_keys (deletion_key, term, product_id, field, representation) VALUES ('jims', 'jims', 28, 'title', 'basic');
INSERT OR IGNORE INTO search_deletion_keys (deletion_key, term, product_id, field, representation) VALUES ('ims', 'jims', 28, 'title', 'basic');
INSERT OR IGNORE INTO search_deletion_keys (deletion_key, term, product_id, field, representation) VALUES ('jms', 'jims', 28, 'title', 'basic');
INSERT OR IGNORE INTO search_deletion_keys (deletion_key, term, product_id, field, representation) VALUES ('jis', 'jims', 28, 'title', 'basic');
INSERT OR IGNORE INTO search_deletion_keys (deletion_key, term, product_id, field, representation) VALUES ('jim', 'jims', 28, 'title', 'basic');
INSERT OR IGNORE INTO search_terms (term, product_id, field, representation) VALUES ('алтан', 28, 'brand', 'native');
INSERT OR IGNORE INTO search_deletion_keys (deletion_key, term, product_id, field, representation) VALUES ('алтан', 'алтан', 28, 'brand', 'native');
INSERT OR IGNORE INTO search_deletion_keys (deletion_key, term, product_id, field, representation) VALUES ('лтан', 'алтан', 28, 'brand', 'native');
INSERT OR IGNORE INTO search_deletion_keys (deletion_key, term, product_id, field, representation) VALUES ('атан', 'алтан', 28, 'brand', 'native');
INSERT OR IGNORE INTO search_deletion_keys (deletion_key, term, product_id, field, representation) VALUES ('алан', 'алтан', 28, 'brand', 'native');
INSERT OR IGNORE INTO search_deletion_keys (deletion_key, term, product_id, field, representation) VALUES ('алтн', 'алтан', 28, 'brand', 'native');
INSERT OR IGNORE INTO search_deletion_keys (deletion_key, term, product_id, field, representation) VALUES ('алта', 'алтан', 28, 'brand', 'native');
INSERT OR IGNORE INTO search_terms (term, product_id, field, representation) VALUES ('өргөө', 28, 'brand', 'native');
INSERT OR IGNORE INTO search_deletion_keys (deletion_key, term, product_id, field, representation) VALUES ('өргөө', 'өргөө', 28, 'brand', 'native');
INSERT OR IGNORE INTO search_deletion_keys (deletion_key, term, product_id, field, representation) VALUES ('ргөө', 'өргөө', 28, 'brand', 'native');
INSERT OR IGNORE INTO search_deletion_keys (deletion_key, term, product_id, field, representation) VALUES ('өгөө', 'өргөө', 28, 'brand', 'native');
INSERT OR IGNORE INTO search_deletion_keys (deletion_key, term, product_id, field, representation) VALUES ('өрөө', 'өргөө', 28, 'brand', 'native');
INSERT OR IGNORE INTO search_deletion_keys (deletion_key, term, product_id, field, representation) VALUES ('өргө', 'өргөө', 28, 'brand', 'native');
INSERT OR IGNORE INTO search_terms (term, product_id, field, representation) VALUES ('altan', 28, 'brand', 'strict');
INSERT OR IGNORE INTO search_deletion_keys (deletion_key, term, product_id, field, representation) VALUES ('altan', 'altan', 28, 'brand', 'strict');
INSERT OR IGNORE INTO search_deletion_keys (deletion_key, term, product_id, field, representation) VALUES ('ltan', 'altan', 28, 'brand', 'strict');
INSERT OR IGNORE INTO search_deletion_keys (deletion_key, term, product_id, field, representation) VALUES ('atan', 'altan', 28, 'brand', 'strict');
INSERT OR IGNORE INTO search_deletion_keys (deletion_key, term, product_id, field, representation) VALUES ('alan', 'altan', 28, 'brand', 'strict');
INSERT OR IGNORE INTO search_deletion_keys (deletion_key, term, product_id, field, representation) VALUES ('altn', 'altan', 28, 'brand', 'strict');
INSERT OR IGNORE INTO search_deletion_keys (deletion_key, term, product_id, field, representation) VALUES ('alta', 'altan', 28, 'brand', 'strict');
INSERT OR IGNORE INTO search_terms (term, product_id, field, representation) VALUES ('oergoeoe', 28, 'brand', 'strict');
INSERT OR IGNORE INTO search_deletion_keys (deletion_key, term, product_id, field, representation) VALUES ('oergoeoe', 'oergoeoe', 28, 'brand', 'strict');
INSERT OR IGNORE INTO search_deletion_keys (deletion_key, term, product_id, field, representation) VALUES ('ergoeoe', 'oergoeoe', 28, 'brand', 'strict');
INSERT OR IGNORE INTO search_deletion_keys (deletion_key, term, product_id, field, representation) VALUES ('orgoeoe', 'oergoeoe', 28, 'brand', 'strict');
INSERT OR IGNORE INTO search_deletion_keys (deletion_key, term, product_id, field, representation) VALUES ('oegoeoe', 'oergoeoe', 28, 'brand', 'strict');
INSERT OR IGNORE INTO search_deletion_keys (deletion_key, term, product_id, field, representation) VALUES ('oeroeoe', 'oergoeoe', 28, 'brand', 'strict');
INSERT OR IGNORE INTO search_deletion_keys (deletion_key, term, product_id, field, representation) VALUES ('oergeoe', 'oergoeoe', 28, 'brand', 'strict');
INSERT OR IGNORE INTO search_deletion_keys (deletion_key, term, product_id, field, representation) VALUES ('oergooe', 'oergoeoe', 28, 'brand', 'strict');
INSERT OR IGNORE INTO search_deletion_keys (deletion_key, term, product_id, field, representation) VALUES ('oergoee', 'oergoeoe', 28, 'brand', 'strict');
INSERT OR IGNORE INTO search_deletion_keys (deletion_key, term, product_id, field, representation) VALUES ('oergoeo', 'oergoeoe', 28, 'brand', 'strict');
INSERT OR IGNORE INTO search_terms (term, product_id, field, representation) VALUES ('altan', 28, 'brand', 'basic');
INSERT OR IGNORE INTO search_deletion_keys (deletion_key, term, product_id, field, representation) VALUES ('altan', 'altan', 28, 'brand', 'basic');
INSERT OR IGNORE INTO search_deletion_keys (deletion_key, term, product_id, field, representation) VALUES ('ltan', 'altan', 28, 'brand', 'basic');
INSERT OR IGNORE INTO search_deletion_keys (deletion_key, term, product_id, field, representation) VALUES ('atan', 'altan', 28, 'brand', 'basic');
INSERT OR IGNORE INTO search_deletion_keys (deletion_key, term, product_id, field, representation) VALUES ('alan', 'altan', 28, 'brand', 'basic');
INSERT OR IGNORE INTO search_deletion_keys (deletion_key, term, product_id, field, representation) VALUES ('altn', 'altan', 28, 'brand', 'basic');
INSERT OR IGNORE INTO search_deletion_keys (deletion_key, term, product_id, field, representation) VALUES ('alta', 'altan', 28, 'brand', 'basic');
INSERT OR IGNORE INTO search_terms (term, product_id, field, representation) VALUES ('orgoo', 28, 'brand', 'basic');
INSERT OR IGNORE INTO search_deletion_keys (deletion_key, term, product_id, field, representation) VALUES ('orgoo', 'orgoo', 28, 'brand', 'basic');
INSERT OR IGNORE INTO search_deletion_keys (deletion_key, term, product_id, field, representation) VALUES ('rgoo', 'orgoo', 28, 'brand', 'basic');
INSERT OR IGNORE INTO search_deletion_keys (deletion_key, term, product_id, field, representation) VALUES ('ogoo', 'orgoo', 28, 'brand', 'basic');
INSERT OR IGNORE INTO search_deletion_keys (deletion_key, term, product_id, field, representation) VALUES ('oroo', 'orgoo', 28, 'brand', 'basic');
INSERT OR IGNORE INTO search_deletion_keys (deletion_key, term, product_id, field, representation) VALUES ('orgo', 'orgoo', 28, 'brand', 'basic');
INSERT OR IGNORE INTO search_terms (term, product_id, field, representation) VALUES ('хүнс', 28, 'category', 'native');
INSERT OR IGNORE INTO search_deletion_keys (deletion_key, term, product_id, field, representation) VALUES ('хүнс', 'хүнс', 28, 'category', 'native');
INSERT OR IGNORE INTO search_deletion_keys (deletion_key, term, product_id, field, representation) VALUES ('үнс', 'хүнс', 28, 'category', 'native');
INSERT OR IGNORE INTO search_deletion_keys (deletion_key, term, product_id, field, representation) VALUES ('хнс', 'хүнс', 28, 'category', 'native');
INSERT OR IGNORE INTO search_deletion_keys (deletion_key, term, product_id, field, representation) VALUES ('хүс', 'хүнс', 28, 'category', 'native');
INSERT OR IGNORE INTO search_deletion_keys (deletion_key, term, product_id, field, representation) VALUES ('хүн', 'хүнс', 28, 'category', 'native');
INSERT OR IGNORE INTO search_terms (term, product_id, field, representation) VALUES ('khuens', 28, 'category', 'strict');
INSERT OR IGNORE INTO search_deletion_keys (deletion_key, term, product_id, field, representation) VALUES ('khuens', 'khuens', 28, 'category', 'strict');
INSERT OR IGNORE INTO search_deletion_keys (deletion_key, term, product_id, field, representation) VALUES ('huens', 'khuens', 28, 'category', 'strict');
INSERT OR IGNORE INTO search_deletion_keys (deletion_key, term, product_id, field, representation) VALUES ('kuens', 'khuens', 28, 'category', 'strict');
INSERT OR IGNORE INTO search_deletion_keys (deletion_key, term, product_id, field, representation) VALUES ('khens', 'khuens', 28, 'category', 'strict');
INSERT OR IGNORE INTO search_deletion_keys (deletion_key, term, product_id, field, representation) VALUES ('khuns', 'khuens', 28, 'category', 'strict');
INSERT OR IGNORE INTO search_deletion_keys (deletion_key, term, product_id, field, representation) VALUES ('khues', 'khuens', 28, 'category', 'strict');
INSERT OR IGNORE INTO search_deletion_keys (deletion_key, term, product_id, field, representation) VALUES ('khuen', 'khuens', 28, 'category', 'strict');
INSERT OR IGNORE INTO search_terms (term, product_id, field, representation) VALUES ('khuns', 28, 'category', 'basic');
INSERT OR IGNORE INTO search_deletion_keys (deletion_key, term, product_id, field, representation) VALUES ('khuns', 'khuns', 28, 'category', 'basic');
INSERT OR IGNORE INTO search_deletion_keys (deletion_key, term, product_id, field, representation) VALUES ('huns', 'khuns', 28, 'category', 'basic');
INSERT OR IGNORE INTO search_deletion_keys (deletion_key, term, product_id, field, representation) VALUES ('kuns', 'khuns', 28, 'category', 'basic');
INSERT OR IGNORE INTO search_deletion_keys (deletion_key, term, product_id, field, representation) VALUES ('khns', 'khuns', 28, 'category', 'basic');
INSERT OR IGNORE INTO search_deletion_keys (deletion_key, term, product_id, field, representation) VALUES ('khus', 'khuns', 28, 'category', 'basic');
INSERT OR IGNORE INTO search_deletion_keys (deletion_key, term, product_id, field, representation) VALUES ('khun', 'khuns', 28, 'category', 'basic');
INSERT INTO products (id, sku, sku_normalized, name, category, tags, price_mnt, strict_key, basic_key, brand, description, available, merchandising_position) VALUES (29, 'HV-Ш-029', 'hvш029', 'Шарсан кофе', 'Хүнс', 'кофе, шарсан', 61000, 'шарсан кофе хүнс кофе шарсан hv ш 029 sharsan kofe khüns kofe sharsan hv sh 029', 'шарсан кофе хүнс кофе шарсан hv ш 029 sharsan kofe khuns kofe sharsan hv sh 029', 'Цагаан Сар', 'Хүнс зориулсан синтетик туршилтын бүтээгдэхүүн кофе, шарсан', 1, 29);
INSERT INTO product_search (product_id, name, category, tags, sku, strict_key, basic_key) VALUES (29, 'шарсан кофе sharsan kofe', 'хүнс khüns', 'кофе шарсан kofe sharsan', 'hv ш 029 hv sh 029', 'шарсан кофе хүнс кофе шарсан hv ш 029 sharsan kofe khüns kofe sharsan hv sh 029', 'шарсан кофе хүнс кофе шарсан hv ш 029 sharsan kofe khuns kofe sharsan hv sh 029');
INSERT INTO product_search_tiered (product_id, native_key, strict_key, basic_key, sku_key) VALUES (29, 'шарсан кофе хүнс кофе шарсан hv ш 029', 'sharsan kofe khuens kofe sharsan hv sh 029', 'sharsan kofe huns hins khuns khins kofe sharsan hv 029', 'hvш029');
INSERT INTO product_search_resilient (product_id, title_native, brand_native, category_native, tags_native, description_native, title_strict, brand_strict, category_strict, tags_strict, description_strict, title_basic, brand_basic, category_basic, tags_basic, description_basic) VALUES (29, 'шарсан кофе', 'цагаан сар', 'хүнс', 'кофе шарсан', 'хүнс зориулсан синтетик туршилтын бүтээгдэхүүн кофе шарсан', 'sharsan kofe', 'tsagaan sar', 'khuens', 'kofe sharsan', 'khuens zoriulsan sintetik turshiltyn bueteegdekhueuen kofe sharsan', 'sharsan kofe', 'cagaan tsagaan sar', 'huns hins khuns khins', 'kofe sharsan', 'huns hins khuns khins zoriulsan sintetik turshiltyn buteegdehuun buteegdehuin buteegdehiun buteegdehiin buteegdekhuun buteegdekhuin buteegdekhiun buteegdekhiin kofe sharsan');
INSERT OR IGNORE INTO search_terms (term, product_id, field, representation) VALUES ('шарсан', 29, 'title', 'native');
INSERT OR IGNORE INTO search_deletion_keys (deletion_key, term, product_id, field, representation) VALUES ('шарсан', 'шарсан', 29, 'title', 'native');
INSERT OR IGNORE INTO search_deletion_keys (deletion_key, term, product_id, field, representation) VALUES ('арсан', 'шарсан', 29, 'title', 'native');
INSERT OR IGNORE INTO search_deletion_keys (deletion_key, term, product_id, field, representation) VALUES ('шрсан', 'шарсан', 29, 'title', 'native');
INSERT OR IGNORE INTO search_deletion_keys (deletion_key, term, product_id, field, representation) VALUES ('шасан', 'шарсан', 29, 'title', 'native');
INSERT OR IGNORE INTO search_deletion_keys (deletion_key, term, product_id, field, representation) VALUES ('шаран', 'шарсан', 29, 'title', 'native');
INSERT OR IGNORE INTO search_deletion_keys (deletion_key, term, product_id, field, representation) VALUES ('шарсн', 'шарсан', 29, 'title', 'native');
INSERT OR IGNORE INTO search_deletion_keys (deletion_key, term, product_id, field, representation) VALUES ('шарса', 'шарсан', 29, 'title', 'native');
INSERT OR IGNORE INTO search_terms (term, product_id, field, representation) VALUES ('кофе', 29, 'title', 'native');
INSERT OR IGNORE INTO search_deletion_keys (deletion_key, term, product_id, field, representation) VALUES ('кофе', 'кофе', 29, 'title', 'native');
INSERT OR IGNORE INTO search_deletion_keys (deletion_key, term, product_id, field, representation) VALUES ('офе', 'кофе', 29, 'title', 'native');
INSERT OR IGNORE INTO search_deletion_keys (deletion_key, term, product_id, field, representation) VALUES ('кфе', 'кофе', 29, 'title', 'native');
INSERT OR IGNORE INTO search_deletion_keys (deletion_key, term, product_id, field, representation) VALUES ('кое', 'кофе', 29, 'title', 'native');
INSERT OR IGNORE INTO search_deletion_keys (deletion_key, term, product_id, field, representation) VALUES ('коф', 'кофе', 29, 'title', 'native');
INSERT OR IGNORE INTO search_terms (term, product_id, field, representation) VALUES ('sharsan', 29, 'title', 'strict');
INSERT OR IGNORE INTO search_deletion_keys (deletion_key, term, product_id, field, representation) VALUES ('sharsan', 'sharsan', 29, 'title', 'strict');
INSERT OR IGNORE INTO search_deletion_keys (deletion_key, term, product_id, field, representation) VALUES ('harsan', 'sharsan', 29, 'title', 'strict');
INSERT OR IGNORE INTO search_deletion_keys (deletion_key, term, product_id, field, representation) VALUES ('sarsan', 'sharsan', 29, 'title', 'strict');
INSERT OR IGNORE INTO search_deletion_keys (deletion_key, term, product_id, field, representation) VALUES ('shrsan', 'sharsan', 29, 'title', 'strict');
INSERT OR IGNORE INTO search_deletion_keys (deletion_key, term, product_id, field, representation) VALUES ('shasan', 'sharsan', 29, 'title', 'strict');
INSERT OR IGNORE INTO search_deletion_keys (deletion_key, term, product_id, field, representation) VALUES ('sharan', 'sharsan', 29, 'title', 'strict');
INSERT OR IGNORE INTO search_deletion_keys (deletion_key, term, product_id, field, representation) VALUES ('sharsn', 'sharsan', 29, 'title', 'strict');
INSERT OR IGNORE INTO search_deletion_keys (deletion_key, term, product_id, field, representation) VALUES ('sharsa', 'sharsan', 29, 'title', 'strict');
INSERT OR IGNORE INTO search_terms (term, product_id, field, representation) VALUES ('kofe', 29, 'title', 'strict');
INSERT OR IGNORE INTO search_deletion_keys (deletion_key, term, product_id, field, representation) VALUES ('kofe', 'kofe', 29, 'title', 'strict');
INSERT OR IGNORE INTO search_deletion_keys (deletion_key, term, product_id, field, representation) VALUES ('ofe', 'kofe', 29, 'title', 'strict');
INSERT OR IGNORE INTO search_deletion_keys (deletion_key, term, product_id, field, representation) VALUES ('kfe', 'kofe', 29, 'title', 'strict');
INSERT OR IGNORE INTO search_deletion_keys (deletion_key, term, product_id, field, representation) VALUES ('koe', 'kofe', 29, 'title', 'strict');
INSERT OR IGNORE INTO search_deletion_keys (deletion_key, term, product_id, field, representation) VALUES ('kof', 'kofe', 29, 'title', 'strict');
INSERT OR IGNORE INTO search_terms (term, product_id, field, representation) VALUES ('sharsan', 29, 'title', 'basic');
INSERT OR IGNORE INTO search_deletion_keys (deletion_key, term, product_id, field, representation) VALUES ('sharsan', 'sharsan', 29, 'title', 'basic');
INSERT OR IGNORE INTO search_deletion_keys (deletion_key, term, product_id, field, representation) VALUES ('harsan', 'sharsan', 29, 'title', 'basic');
INSERT OR IGNORE INTO search_deletion_keys (deletion_key, term, product_id, field, representation) VALUES ('sarsan', 'sharsan', 29, 'title', 'basic');
INSERT OR IGNORE INTO search_deletion_keys (deletion_key, term, product_id, field, representation) VALUES ('shrsan', 'sharsan', 29, 'title', 'basic');
INSERT OR IGNORE INTO search_deletion_keys (deletion_key, term, product_id, field, representation) VALUES ('shasan', 'sharsan', 29, 'title', 'basic');
INSERT OR IGNORE INTO search_deletion_keys (deletion_key, term, product_id, field, representation) VALUES ('sharan', 'sharsan', 29, 'title', 'basic');
INSERT OR IGNORE INTO search_deletion_keys (deletion_key, term, product_id, field, representation) VALUES ('sharsn', 'sharsan', 29, 'title', 'basic');
INSERT OR IGNORE INTO search_deletion_keys (deletion_key, term, product_id, field, representation) VALUES ('sharsa', 'sharsan', 29, 'title', 'basic');
INSERT OR IGNORE INTO search_terms (term, product_id, field, representation) VALUES ('kofe', 29, 'title', 'basic');
INSERT OR IGNORE INTO search_deletion_keys (deletion_key, term, product_id, field, representation) VALUES ('kofe', 'kofe', 29, 'title', 'basic');
INSERT OR IGNORE INTO search_deletion_keys (deletion_key, term, product_id, field, representation) VALUES ('ofe', 'kofe', 29, 'title', 'basic');
INSERT OR IGNORE INTO search_deletion_keys (deletion_key, term, product_id, field, representation) VALUES ('kfe', 'kofe', 29, 'title', 'basic');
INSERT OR IGNORE INTO search_deletion_keys (deletion_key, term, product_id, field, representation) VALUES ('koe', 'kofe', 29, 'title', 'basic');
INSERT OR IGNORE INTO search_deletion_keys (deletion_key, term, product_id, field, representation) VALUES ('kof', 'kofe', 29, 'title', 'basic');
INSERT OR IGNORE INTO search_terms (term, product_id, field, representation) VALUES ('цагаан', 29, 'brand', 'native');
INSERT OR IGNORE INTO search_deletion_keys (deletion_key, term, product_id, field, representation) VALUES ('цагаан', 'цагаан', 29, 'brand', 'native');
INSERT OR IGNORE INTO search_deletion_keys (deletion_key, term, product_id, field, representation) VALUES ('агаан', 'цагаан', 29, 'brand', 'native');
INSERT OR IGNORE INTO search_deletion_keys (deletion_key, term, product_id, field, representation) VALUES ('цгаан', 'цагаан', 29, 'brand', 'native');
INSERT OR IGNORE INTO search_deletion_keys (deletion_key, term, product_id, field, representation) VALUES ('цааан', 'цагаан', 29, 'brand', 'native');
INSERT OR IGNORE INTO search_deletion_keys (deletion_key, term, product_id, field, representation) VALUES ('цаган', 'цагаан', 29, 'brand', 'native');
INSERT OR IGNORE INTO search_deletion_keys (deletion_key, term, product_id, field, representation) VALUES ('цагаа', 'цагаан', 29, 'brand', 'native');
INSERT OR IGNORE INTO search_terms (term, product_id, field, representation) VALUES ('tsagaan', 29, 'brand', 'strict');
INSERT OR IGNORE INTO search_deletion_keys (deletion_key, term, product_id, field, representation) VALUES ('tsagaan', 'tsagaan', 29, 'brand', 'strict');
INSERT OR IGNORE INTO search_deletion_keys (deletion_key, term, product_id, field, representation) VALUES ('sagaan', 'tsagaan', 29, 'brand', 'strict');
INSERT OR IGNORE INTO search_deletion_keys (deletion_key, term, product_id, field, representation) VALUES ('tagaan', 'tsagaan', 29, 'brand', 'strict');
INSERT OR IGNORE INTO search_deletion_keys (deletion_key, term, product_id, field, representation) VALUES ('tsgaan', 'tsagaan', 29, 'brand', 'strict');
INSERT OR IGNORE INTO search_deletion_keys (deletion_key, term, product_id, field, representation) VALUES ('tsaaan', 'tsagaan', 29, 'brand', 'strict');
INSERT OR IGNORE INTO search_deletion_keys (deletion_key, term, product_id, field, representation) VALUES ('tsagan', 'tsagaan', 29, 'brand', 'strict');
INSERT OR IGNORE INTO search_deletion_keys (deletion_key, term, product_id, field, representation) VALUES ('tsagaa', 'tsagaan', 29, 'brand', 'strict');
INSERT OR IGNORE INTO search_terms (term, product_id, field, representation) VALUES ('tsagaan', 29, 'brand', 'basic');
INSERT OR IGNORE INTO search_deletion_keys (deletion_key, term, product_id, field, representation) VALUES ('tsagaan', 'tsagaan', 29, 'brand', 'basic');
INSERT OR IGNORE INTO search_deletion_keys (deletion_key, term, product_id, field, representation) VALUES ('sagaan', 'tsagaan', 29, 'brand', 'basic');
INSERT OR IGNORE INTO search_deletion_keys (deletion_key, term, product_id, field, representation) VALUES ('tagaan', 'tsagaan', 29, 'brand', 'basic');
INSERT OR IGNORE INTO search_deletion_keys (deletion_key, term, product_id, field, representation) VALUES ('tsgaan', 'tsagaan', 29, 'brand', 'basic');
INSERT OR IGNORE INTO search_deletion_keys (deletion_key, term, product_id, field, representation) VALUES ('tsaaan', 'tsagaan', 29, 'brand', 'basic');
INSERT OR IGNORE INTO search_deletion_keys (deletion_key, term, product_id, field, representation) VALUES ('tsagan', 'tsagaan', 29, 'brand', 'basic');
INSERT OR IGNORE INTO search_deletion_keys (deletion_key, term, product_id, field, representation) VALUES ('tsagaa', 'tsagaan', 29, 'brand', 'basic');
INSERT OR IGNORE INTO search_terms (term, product_id, field, representation) VALUES ('хүнс', 29, 'category', 'native');
INSERT OR IGNORE INTO search_deletion_keys (deletion_key, term, product_id, field, representation) VALUES ('хүнс', 'хүнс', 29, 'category', 'native');
INSERT OR IGNORE INTO search_deletion_keys (deletion_key, term, product_id, field, representation) VALUES ('үнс', 'хүнс', 29, 'category', 'native');
INSERT OR IGNORE INTO search_deletion_keys (deletion_key, term, product_id, field, representation) VALUES ('хнс', 'хүнс', 29, 'category', 'native');
INSERT OR IGNORE INTO search_deletion_keys (deletion_key, term, product_id, field, representation) VALUES ('хүс', 'хүнс', 29, 'category', 'native');
INSERT OR IGNORE INTO search_deletion_keys (deletion_key, term, product_id, field, representation) VALUES ('хүн', 'хүнс', 29, 'category', 'native');
INSERT OR IGNORE INTO search_terms (term, product_id, field, representation) VALUES ('khuens', 29, 'category', 'strict');
INSERT OR IGNORE INTO search_deletion_keys (deletion_key, term, product_id, field, representation) VALUES ('khuens', 'khuens', 29, 'category', 'strict');
INSERT OR IGNORE INTO search_deletion_keys (deletion_key, term, product_id, field, representation) VALUES ('huens', 'khuens', 29, 'category', 'strict');
INSERT OR IGNORE INTO search_deletion_keys (deletion_key, term, product_id, field, representation) VALUES ('kuens', 'khuens', 29, 'category', 'strict');
INSERT OR IGNORE INTO search_deletion_keys (deletion_key, term, product_id, field, representation) VALUES ('khens', 'khuens', 29, 'category', 'strict');
INSERT OR IGNORE INTO search_deletion_keys (deletion_key, term, product_id, field, representation) VALUES ('khuns', 'khuens', 29, 'category', 'strict');
INSERT OR IGNORE INTO search_deletion_keys (deletion_key, term, product_id, field, representation) VALUES ('khues', 'khuens', 29, 'category', 'strict');
INSERT OR IGNORE INTO search_deletion_keys (deletion_key, term, product_id, field, representation) VALUES ('khuen', 'khuens', 29, 'category', 'strict');
INSERT OR IGNORE INTO search_terms (term, product_id, field, representation) VALUES ('khuns', 29, 'category', 'basic');
INSERT OR IGNORE INTO search_deletion_keys (deletion_key, term, product_id, field, representation) VALUES ('khuns', 'khuns', 29, 'category', 'basic');
INSERT OR IGNORE INTO search_deletion_keys (deletion_key, term, product_id, field, representation) VALUES ('huns', 'khuns', 29, 'category', 'basic');
INSERT OR IGNORE INTO search_deletion_keys (deletion_key, term, product_id, field, representation) VALUES ('kuns', 'khuns', 29, 'category', 'basic');
INSERT OR IGNORE INTO search_deletion_keys (deletion_key, term, product_id, field, representation) VALUES ('khns', 'khuns', 29, 'category', 'basic');
INSERT OR IGNORE INTO search_deletion_keys (deletion_key, term, product_id, field, representation) VALUES ('khus', 'khuns', 29, 'category', 'basic');
INSERT OR IGNORE INTO search_deletion_keys (deletion_key, term, product_id, field, representation) VALUES ('khun', 'khuns', 29, 'category', 'basic');
INSERT INTO products (id, sku, sku_normalized, name, category, tags, price_mnt, strict_key, basic_key, brand, description, available, merchandising_position) VALUES (30, 'HV-Ж-030', 'hvж030', 'Жимсний цай', 'Хүнс', 'жимс, цай', 62750, 'жимсний цай хүнс жимс цай hv ж 030 jimsniy tsay khüns jims tsay hv j 030', 'жимсний цай хүнс жимс цай hv ж 030 jimsnii tsai khuns jims tsai hv j 030', 'Нүүдэл', 'Хүнс зориулсан синтетик туршилтын бүтээгдэхүүн жимс, цай', 1, 30);
INSERT INTO product_search (product_id, name, category, tags, sku, strict_key, basic_key) VALUES (30, 'жимсний цай jimsniy tsay', 'хүнс khüns', 'жимс цай jims tsay', 'hv ж 030 hv j 030', 'жимсний цай хүнс жимс цай hv ж 030 jimsniy tsay khüns jims tsay hv j 030', 'жимсний цай хүнс жимс цай hv ж 030 jimsnii tsai khuns jims tsai hv j 030');
INSERT INTO product_search_tiered (product_id, native_key, strict_key, basic_key, sku_key) VALUES (30, 'жимсний цай хүнс жимс цай hv ж 030', 'jimsniy tsay khuens jims tsay hv j 030', 'jimsnii jimsniy cai cay tsai tsay huns hins khuns khins jims cai cay tsai tsay hv 030', 'hvж030');
INSERT INTO product_search_resilient (product_id, title_native, brand_native, category_native, tags_native, description_native, title_strict, brand_strict, category_strict, tags_strict, description_strict, title_basic, brand_basic, category_basic, tags_basic, description_basic) VALUES (30, 'жимсний цай', 'нүүдэл', 'хүнс', 'жимс цай', 'хүнс зориулсан синтетик туршилтын бүтээгдэхүүн жимс цай', 'jimsniy tsay', 'nueuedel', 'khuens', 'jims tsay', 'khuens zoriulsan sintetik turshiltyn bueteegdekhueuen jims tsay', 'jimsnii jimsniy cai cay tsai tsay', 'nuudel nuidel niudel niidel', 'huns hins khuns khins', 'jims cai cay tsai tsay', 'huns hins khuns khins zoriulsan sintetik turshiltyn buteegdehuun buteegdehuin buteegdehiun buteegdehiin buteegdekhuun buteegdekhuin buteegdekhiun buteegdekhiin jims cai cay tsai tsay');
INSERT OR IGNORE INTO search_terms (term, product_id, field, representation) VALUES ('жимсний', 30, 'title', 'native');
INSERT OR IGNORE INTO search_deletion_keys (deletion_key, term, product_id, field, representation) VALUES ('жимсний', 'жимсний', 30, 'title', 'native');
INSERT OR IGNORE INTO search_deletion_keys (deletion_key, term, product_id, field, representation) VALUES ('имсний', 'жимсний', 30, 'title', 'native');
INSERT OR IGNORE INTO search_deletion_keys (deletion_key, term, product_id, field, representation) VALUES ('жмсний', 'жимсний', 30, 'title', 'native');
INSERT OR IGNORE INTO search_deletion_keys (deletion_key, term, product_id, field, representation) VALUES ('жисний', 'жимсний', 30, 'title', 'native');
INSERT OR IGNORE INTO search_deletion_keys (deletion_key, term, product_id, field, representation) VALUES ('жимний', 'жимсний', 30, 'title', 'native');
INSERT OR IGNORE INTO search_deletion_keys (deletion_key, term, product_id, field, representation) VALUES ('жимсий', 'жимсний', 30, 'title', 'native');
INSERT OR IGNORE INTO search_deletion_keys (deletion_key, term, product_id, field, representation) VALUES ('жимснй', 'жимсний', 30, 'title', 'native');
INSERT OR IGNORE INTO search_deletion_keys (deletion_key, term, product_id, field, representation) VALUES ('жимсни', 'жимсний', 30, 'title', 'native');
INSERT OR IGNORE INTO search_terms (term, product_id, field, representation) VALUES ('jimsniy', 30, 'title', 'strict');
INSERT OR IGNORE INTO search_deletion_keys (deletion_key, term, product_id, field, representation) VALUES ('jimsniy', 'jimsniy', 30, 'title', 'strict');
INSERT OR IGNORE INTO search_deletion_keys (deletion_key, term, product_id, field, representation) VALUES ('imsniy', 'jimsniy', 30, 'title', 'strict');
INSERT OR IGNORE INTO search_deletion_keys (deletion_key, term, product_id, field, representation) VALUES ('jmsniy', 'jimsniy', 30, 'title', 'strict');
INSERT OR IGNORE INTO search_deletion_keys (deletion_key, term, product_id, field, representation) VALUES ('jisniy', 'jimsniy', 30, 'title', 'strict');
INSERT OR IGNORE INTO search_deletion_keys (deletion_key, term, product_id, field, representation) VALUES ('jimniy', 'jimsniy', 30, 'title', 'strict');
INSERT OR IGNORE INTO search_deletion_keys (deletion_key, term, product_id, field, representation) VALUES ('jimsiy', 'jimsniy', 30, 'title', 'strict');
INSERT OR IGNORE INTO search_deletion_keys (deletion_key, term, product_id, field, representation) VALUES ('jimsny', 'jimsniy', 30, 'title', 'strict');
INSERT OR IGNORE INTO search_deletion_keys (deletion_key, term, product_id, field, representation) VALUES ('jimsni', 'jimsniy', 30, 'title', 'strict');
INSERT OR IGNORE INTO search_terms (term, product_id, field, representation) VALUES ('tsay', 30, 'title', 'strict');
INSERT OR IGNORE INTO search_deletion_keys (deletion_key, term, product_id, field, representation) VALUES ('tsay', 'tsay', 30, 'title', 'strict');
INSERT OR IGNORE INTO search_deletion_keys (deletion_key, term, product_id, field, representation) VALUES ('say', 'tsay', 30, 'title', 'strict');
INSERT OR IGNORE INTO search_deletion_keys (deletion_key, term, product_id, field, representation) VALUES ('tay', 'tsay', 30, 'title', 'strict');
INSERT OR IGNORE INTO search_deletion_keys (deletion_key, term, product_id, field, representation) VALUES ('tsy', 'tsay', 30, 'title', 'strict');
INSERT OR IGNORE INTO search_deletion_keys (deletion_key, term, product_id, field, representation) VALUES ('tsa', 'tsay', 30, 'title', 'strict');
INSERT OR IGNORE INTO search_terms (term, product_id, field, representation) VALUES ('jimsnii', 30, 'title', 'basic');
INSERT OR IGNORE INTO search_deletion_keys (deletion_key, term, product_id, field, representation) VALUES ('jimsnii', 'jimsnii', 30, 'title', 'basic');
INSERT OR IGNORE INTO search_deletion_keys (deletion_key, term, product_id, field, representation) VALUES ('imsnii', 'jimsnii', 30, 'title', 'basic');
INSERT OR IGNORE INTO search_deletion_keys (deletion_key, term, product_id, field, representation) VALUES ('jmsnii', 'jimsnii', 30, 'title', 'basic');
INSERT OR IGNORE INTO search_deletion_keys (deletion_key, term, product_id, field, representation) VALUES ('jisnii', 'jimsnii', 30, 'title', 'basic');
INSERT OR IGNORE INTO search_deletion_keys (deletion_key, term, product_id, field, representation) VALUES ('jimnii', 'jimsnii', 30, 'title', 'basic');
INSERT OR IGNORE INTO search_deletion_keys (deletion_key, term, product_id, field, representation) VALUES ('jimsii', 'jimsnii', 30, 'title', 'basic');
INSERT OR IGNORE INTO search_deletion_keys (deletion_key, term, product_id, field, representation) VALUES ('jimsni', 'jimsnii', 30, 'title', 'basic');
INSERT OR IGNORE INTO search_terms (term, product_id, field, representation) VALUES ('tsai', 30, 'title', 'basic');
INSERT OR IGNORE INTO search_deletion_keys (deletion_key, term, product_id, field, representation) VALUES ('tsai', 'tsai', 30, 'title', 'basic');
INSERT OR IGNORE INTO search_deletion_keys (deletion_key, term, product_id, field, representation) VALUES ('sai', 'tsai', 30, 'title', 'basic');
INSERT OR IGNORE INTO search_deletion_keys (deletion_key, term, product_id, field, representation) VALUES ('tai', 'tsai', 30, 'title', 'basic');
INSERT OR IGNORE INTO search_deletion_keys (deletion_key, term, product_id, field, representation) VALUES ('tsi', 'tsai', 30, 'title', 'basic');
INSERT OR IGNORE INTO search_deletion_keys (deletion_key, term, product_id, field, representation) VALUES ('tsa', 'tsai', 30, 'title', 'basic');
INSERT OR IGNORE INTO search_terms (term, product_id, field, representation) VALUES ('нүүдэл', 30, 'brand', 'native');
INSERT OR IGNORE INTO search_deletion_keys (deletion_key, term, product_id, field, representation) VALUES ('нүүдэл', 'нүүдэл', 30, 'brand', 'native');
INSERT OR IGNORE INTO search_deletion_keys (deletion_key, term, product_id, field, representation) VALUES ('үүдэл', 'нүүдэл', 30, 'brand', 'native');
INSERT OR IGNORE INTO search_deletion_keys (deletion_key, term, product_id, field, representation) VALUES ('нүдэл', 'нүүдэл', 30, 'brand', 'native');
INSERT OR IGNORE INTO search_deletion_keys (deletion_key, term, product_id, field, representation) VALUES ('нүүэл', 'нүүдэл', 30, 'brand', 'native');
INSERT OR IGNORE INTO search_deletion_keys (deletion_key, term, product_id, field, representation) VALUES ('нүүдл', 'нүүдэл', 30, 'brand', 'native');
INSERT OR IGNORE INTO search_deletion_keys (deletion_key, term, product_id, field, representation) VALUES ('нүүдэ', 'нүүдэл', 30, 'brand', 'native');
INSERT OR IGNORE INTO search_terms (term, product_id, field, representation) VALUES ('nueuedel', 30, 'brand', 'strict');
INSERT OR IGNORE INTO search_deletion_keys (deletion_key, term, product_id, field, representation) VALUES ('nueuedel', 'nueuedel', 30, 'brand', 'strict');
INSERT OR IGNORE INTO search_deletion_keys (deletion_key, term, product_id, field, representation) VALUES ('ueuedel', 'nueuedel', 30, 'brand', 'strict');
INSERT OR IGNORE INTO search_deletion_keys (deletion_key, term, product_id, field, representation) VALUES ('neuedel', 'nueuedel', 30, 'brand', 'strict');
INSERT OR IGNORE INTO search_deletion_keys (deletion_key, term, product_id, field, representation) VALUES ('nuuedel', 'nueuedel', 30, 'brand', 'strict');
INSERT OR IGNORE INTO search_deletion_keys (deletion_key, term, product_id, field, representation) VALUES ('nueedel', 'nueuedel', 30, 'brand', 'strict');
INSERT OR IGNORE INTO search_deletion_keys (deletion_key, term, product_id, field, representation) VALUES ('nueudel', 'nueuedel', 30, 'brand', 'strict');
INSERT OR IGNORE INTO search_deletion_keys (deletion_key, term, product_id, field, representation) VALUES ('nueueel', 'nueuedel', 30, 'brand', 'strict');
INSERT OR IGNORE INTO search_deletion_keys (deletion_key, term, product_id, field, representation) VALUES ('nueuedl', 'nueuedel', 30, 'brand', 'strict');
INSERT OR IGNORE INTO search_deletion_keys (deletion_key, term, product_id, field, representation) VALUES ('nueuede', 'nueuedel', 30, 'brand', 'strict');
INSERT OR IGNORE INTO search_terms (term, product_id, field, representation) VALUES ('nuudel', 30, 'brand', 'basic');
INSERT OR IGNORE INTO search_deletion_keys (deletion_key, term, product_id, field, representation) VALUES ('nuudel', 'nuudel', 30, 'brand', 'basic');
INSERT OR IGNORE INTO search_deletion_keys (deletion_key, term, product_id, field, representation) VALUES ('uudel', 'nuudel', 30, 'brand', 'basic');
INSERT OR IGNORE INTO search_deletion_keys (deletion_key, term, product_id, field, representation) VALUES ('nudel', 'nuudel', 30, 'brand', 'basic');
INSERT OR IGNORE INTO search_deletion_keys (deletion_key, term, product_id, field, representation) VALUES ('nuuel', 'nuudel', 30, 'brand', 'basic');
INSERT OR IGNORE INTO search_deletion_keys (deletion_key, term, product_id, field, representation) VALUES ('nuudl', 'nuudel', 30, 'brand', 'basic');
INSERT OR IGNORE INTO search_deletion_keys (deletion_key, term, product_id, field, representation) VALUES ('nuude', 'nuudel', 30, 'brand', 'basic');
INSERT OR IGNORE INTO search_terms (term, product_id, field, representation) VALUES ('хүнс', 30, 'category', 'native');
INSERT OR IGNORE INTO search_deletion_keys (deletion_key, term, product_id, field, representation) VALUES ('хүнс', 'хүнс', 30, 'category', 'native');
INSERT OR IGNORE INTO search_deletion_keys (deletion_key, term, product_id, field, representation) VALUES ('үнс', 'хүнс', 30, 'category', 'native');
INSERT OR IGNORE INTO search_deletion_keys (deletion_key, term, product_id, field, representation) VALUES ('хнс', 'хүнс', 30, 'category', 'native');
INSERT OR IGNORE INTO search_deletion_keys (deletion_key, term, product_id, field, representation) VALUES ('хүс', 'хүнс', 30, 'category', 'native');
INSERT OR IGNORE INTO search_deletion_keys (deletion_key, term, product_id, field, representation) VALUES ('хүн', 'хүнс', 30, 'category', 'native');
INSERT OR IGNORE INTO search_terms (term, product_id, field, representation) VALUES ('khuens', 30, 'category', 'strict');
INSERT OR IGNORE INTO search_deletion_keys (deletion_key, term, product_id, field, representation) VALUES ('khuens', 'khuens', 30, 'category', 'strict');
INSERT OR IGNORE INTO search_deletion_keys (deletion_key, term, product_id, field, representation) VALUES ('huens', 'khuens', 30, 'category', 'strict');
INSERT OR IGNORE INTO search_deletion_keys (deletion_key, term, product_id, field, representation) VALUES ('kuens', 'khuens', 30, 'category', 'strict');
INSERT OR IGNORE INTO search_deletion_keys (deletion_key, term, product_id, field, representation) VALUES ('khens', 'khuens', 30, 'category', 'strict');
INSERT OR IGNORE INTO search_deletion_keys (deletion_key, term, product_id, field, representation) VALUES ('khuns', 'khuens', 30, 'category', 'strict');
INSERT OR IGNORE INTO search_deletion_keys (deletion_key, term, product_id, field, representation) VALUES ('khues', 'khuens', 30, 'category', 'strict');
INSERT OR IGNORE INTO search_deletion_keys (deletion_key, term, product_id, field, representation) VALUES ('khuen', 'khuens', 30, 'category', 'strict');
INSERT OR IGNORE INTO search_terms (term, product_id, field, representation) VALUES ('khuns', 30, 'category', 'basic');
INSERT OR IGNORE INTO search_deletion_keys (deletion_key, term, product_id, field, representation) VALUES ('khuns', 'khuns', 30, 'category', 'basic');
INSERT OR IGNORE INTO search_deletion_keys (deletion_key, term, product_id, field, representation) VALUES ('huns', 'khuns', 30, 'category', 'basic');
INSERT OR IGNORE INTO search_deletion_keys (deletion_key, term, product_id, field, representation) VALUES ('kuns', 'khuns', 30, 'category', 'basic');
INSERT OR IGNORE INTO search_deletion_keys (deletion_key, term, product_id, field, representation) VALUES ('khns', 'khuns', 30, 'category', 'basic');
INSERT OR IGNORE INTO search_deletion_keys (deletion_key, term, product_id, field, representation) VALUES ('khus', 'khuns', 30, 'category', 'basic');
INSERT OR IGNORE INTO search_deletion_keys (deletion_key, term, product_id, field, representation) VALUES ('khun', 'khuns', 30, 'category', 'basic');
INSERT INTO products (id, sku, sku_normalized, name, category, tags, price_mnt, strict_key, basic_key, brand, description, available, merchandising_position) VALUES (31, 'HV-Я-031', 'hvя031', 'Яргай загас', 'Хүнс', 'загас, яргай', 64500, 'яргай загас хүнс загас яргай hv я 031 yargay zagas khüns zagas yargay hv ya 031', 'яргай загас хүнс загас яргай hv я 031 iargai zagas khuns zagas iargai hv ia 031', 'Талын Од', 'Хүнс зориулсан синтетик туршилтын бүтээгдэхүүн загас, яргай', 1, 31);
INSERT INTO product_search (product_id, name, category, tags, sku, strict_key, basic_key) VALUES (31, 'яргай загас yargay zagas', 'хүнс khüns', 'загас яргай zagas yargay', 'hv я 031 hv ya 031', 'яргай загас хүнс загас яргай hv я 031 yargay zagas khüns zagas yargay hv ya 031', 'яргай загас хүнс загас яргай hv я 031 iargai zagas khuns zagas iargai hv ia 031');
INSERT INTO product_search_tiered (product_id, native_key, strict_key, basic_key, sku_key) VALUES (31, 'яргай загас хүнс загас яргай hv я 031', 'yargay zagas khuens zagas yargay hv ya 031', 'yargai yargay zagas huns hins khuns khins zagas yargai yargay hv 031', 'hvя031');
INSERT INTO product_search_resilient (product_id, title_native, brand_native, category_native, tags_native, description_native, title_strict, brand_strict, category_strict, tags_strict, description_strict, title_basic, brand_basic, category_basic, tags_basic, description_basic) VALUES (31, 'яргай загас', 'талын од', 'хүнс', 'загас яргай', 'хүнс зориулсан синтетик туршилтын бүтээгдэхүүн загас яргай', 'yargay zagas', 'talyn od', 'khuens', 'zagas yargay', 'khuens zoriulsan sintetik turshiltyn bueteegdekhueuen zagas yargay', 'yargai yargay zagas', 'talyn od', 'huns hins khuns khins', 'zagas yargai yargay', 'huns hins khuns khins zoriulsan sintetik turshiltyn buteegdehuun buteegdehuin buteegdehiun buteegdehiin buteegdekhuun buteegdekhuin buteegdekhiun buteegdekhiin zagas yargai yargay');
INSERT OR IGNORE INTO search_terms (term, product_id, field, representation) VALUES ('яргай', 31, 'title', 'native');
INSERT OR IGNORE INTO search_deletion_keys (deletion_key, term, product_id, field, representation) VALUES ('яргай', 'яргай', 31, 'title', 'native');
INSERT OR IGNORE INTO search_deletion_keys (deletion_key, term, product_id, field, representation) VALUES ('ргай', 'яргай', 31, 'title', 'native');
INSERT OR IGNORE INTO search_deletion_keys (deletion_key, term, product_id, field, representation) VALUES ('ягай', 'яргай', 31, 'title', 'native');
INSERT OR IGNORE INTO search_deletion_keys (deletion_key, term, product_id, field, representation) VALUES ('ярай', 'яргай', 31, 'title', 'native');
INSERT OR IGNORE INTO search_deletion_keys (deletion_key, term, product_id, field, representation) VALUES ('яргй', 'яргай', 31, 'title', 'native');
INSERT OR IGNORE INTO search_deletion_keys (deletion_key, term, product_id, field, representation) VALUES ('ярга', 'яргай', 31, 'title', 'native');
INSERT OR IGNORE INTO search_terms (term, product_id, field, representation) VALUES ('загас', 31, 'title', 'native');
INSERT OR IGNORE INTO search_deletion_keys (deletion_key, term, product_id, field, representation) VALUES ('загас', 'загас', 31, 'title', 'native');
INSERT OR IGNORE INTO search_deletion_keys (deletion_key, term, product_id, field, representation) VALUES ('агас', 'загас', 31, 'title', 'native');
INSERT OR IGNORE INTO search_deletion_keys (deletion_key, term, product_id, field, representation) VALUES ('згас', 'загас', 31, 'title', 'native');
INSERT OR IGNORE INTO search_deletion_keys (deletion_key, term, product_id, field, representation) VALUES ('заас', 'загас', 31, 'title', 'native');
INSERT OR IGNORE INTO search_deletion_keys (deletion_key, term, product_id, field, representation) VALUES ('загс', 'загас', 31, 'title', 'native');
INSERT OR IGNORE INTO search_deletion_keys (deletion_key, term, product_id, field, representation) VALUES ('зага', 'загас', 31, 'title', 'native');
INSERT OR IGNORE INTO search_terms (term, product_id, field, representation) VALUES ('yargay', 31, 'title', 'strict');
INSERT OR IGNORE INTO search_deletion_keys (deletion_key, term, product_id, field, representation) VALUES ('yargay', 'yargay', 31, 'title', 'strict');
INSERT OR IGNORE INTO search_deletion_keys (deletion_key, term, product_id, field, representation) VALUES ('argay', 'yargay', 31, 'title', 'strict');
INSERT OR IGNORE INTO search_deletion_keys (deletion_key, term, product_id, field, representation) VALUES ('yrgay', 'yargay', 31, 'title', 'strict');
INSERT OR IGNORE INTO search_deletion_keys (deletion_key, term, product_id, field, representation) VALUES ('yagay', 'yargay', 31, 'title', 'strict');
INSERT OR IGNORE INTO search_deletion_keys (deletion_key, term, product_id, field, representation) VALUES ('yaray', 'yargay', 31, 'title', 'strict');
INSERT OR IGNORE INTO search_deletion_keys (deletion_key, term, product_id, field, representation) VALUES ('yargy', 'yargay', 31, 'title', 'strict');
INSERT OR IGNORE INTO search_deletion_keys (deletion_key, term, product_id, field, representation) VALUES ('yarga', 'yargay', 31, 'title', 'strict');
INSERT OR IGNORE INTO search_terms (term, product_id, field, representation) VALUES ('zagas', 31, 'title', 'strict');
INSERT OR IGNORE INTO search_deletion_keys (deletion_key, term, product_id, field, representation) VALUES ('zagas', 'zagas', 31, 'title', 'strict');
INSERT OR IGNORE INTO search_deletion_keys (deletion_key, term, product_id, field, representation) VALUES ('agas', 'zagas', 31, 'title', 'strict');
INSERT OR IGNORE INTO search_deletion_keys (deletion_key, term, product_id, field, representation) VALUES ('zgas', 'zagas', 31, 'title', 'strict');
INSERT OR IGNORE INTO search_deletion_keys (deletion_key, term, product_id, field, representation) VALUES ('zaas', 'zagas', 31, 'title', 'strict');
INSERT OR IGNORE INTO search_deletion_keys (deletion_key, term, product_id, field, representation) VALUES ('zags', 'zagas', 31, 'title', 'strict');
INSERT OR IGNORE INTO search_deletion_keys (deletion_key, term, product_id, field, representation) VALUES ('zaga', 'zagas', 31, 'title', 'strict');
INSERT OR IGNORE INTO search_terms (term, product_id, field, representation) VALUES ('iargai', 31, 'title', 'basic');
INSERT OR IGNORE INTO search_deletion_keys (deletion_key, term, product_id, field, representation) VALUES ('iargai', 'iargai', 31, 'title', 'basic');
INSERT OR IGNORE INTO search_deletion_keys (deletion_key, term, product_id, field, representation) VALUES ('argai', 'iargai', 31, 'title', 'basic');
INSERT OR IGNORE INTO search_deletion_keys (deletion_key, term, product_id, field, representation) VALUES ('irgai', 'iargai', 31, 'title', 'basic');
INSERT OR IGNORE INTO search_deletion_keys (deletion_key, term, product_id, field, representation) VALUES ('iagai', 'iargai', 31, 'title', 'basic');
INSERT OR IGNORE INTO search_deletion_keys (deletion_key, term, product_id, field, representation) VALUES ('iarai', 'iargai', 31, 'title', 'basic');
INSERT OR IGNORE INTO search_deletion_keys (deletion_key, term, product_id, field, representation) VALUES ('iargi', 'iargai', 31, 'title', 'basic');
INSERT OR IGNORE INTO search_deletion_keys (deletion_key, term, product_id, field, representation) VALUES ('iarga', 'iargai', 31, 'title', 'basic');
INSERT OR IGNORE INTO search_terms (term, product_id, field, representation) VALUES ('zagas', 31, 'title', 'basic');
INSERT OR IGNORE INTO search_deletion_keys (deletion_key, term, product_id, field, representation) VALUES ('zagas', 'zagas', 31, 'title', 'basic');
INSERT OR IGNORE INTO search_deletion_keys (deletion_key, term, product_id, field, representation) VALUES ('agas', 'zagas', 31, 'title', 'basic');
INSERT OR IGNORE INTO search_deletion_keys (deletion_key, term, product_id, field, representation) VALUES ('zgas', 'zagas', 31, 'title', 'basic');
INSERT OR IGNORE INTO search_deletion_keys (deletion_key, term, product_id, field, representation) VALUES ('zaas', 'zagas', 31, 'title', 'basic');
INSERT OR IGNORE INTO search_deletion_keys (deletion_key, term, product_id, field, representation) VALUES ('zags', 'zagas', 31, 'title', 'basic');
INSERT OR IGNORE INTO search_deletion_keys (deletion_key, term, product_id, field, representation) VALUES ('zaga', 'zagas', 31, 'title', 'basic');
INSERT OR IGNORE INTO search_terms (term, product_id, field, representation) VALUES ('талын', 31, 'brand', 'native');
INSERT OR IGNORE INTO search_deletion_keys (deletion_key, term, product_id, field, representation) VALUES ('талын', 'талын', 31, 'brand', 'native');
INSERT OR IGNORE INTO search_deletion_keys (deletion_key, term, product_id, field, representation) VALUES ('алын', 'талын', 31, 'brand', 'native');
INSERT OR IGNORE INTO search_deletion_keys (deletion_key, term, product_id, field, representation) VALUES ('тлын', 'талын', 31, 'brand', 'native');
INSERT OR IGNORE INTO search_deletion_keys (deletion_key, term, product_id, field, representation) VALUES ('таын', 'талын', 31, 'brand', 'native');
INSERT OR IGNORE INTO search_deletion_keys (deletion_key, term, product_id, field, representation) VALUES ('талн', 'талын', 31, 'brand', 'native');
INSERT OR IGNORE INTO search_deletion_keys (deletion_key, term, product_id, field, representation) VALUES ('талы', 'талын', 31, 'brand', 'native');
INSERT OR IGNORE INTO search_terms (term, product_id, field, representation) VALUES ('talyn', 31, 'brand', 'strict');
INSERT OR IGNORE INTO search_deletion_keys (deletion_key, term, product_id, field, representation) VALUES ('talyn', 'talyn', 31, 'brand', 'strict');
INSERT OR IGNORE INTO search_deletion_keys (deletion_key, term, product_id, field, representation) VALUES ('alyn', 'talyn', 31, 'brand', 'strict');
INSERT OR IGNORE INTO search_deletion_keys (deletion_key, term, product_id, field, representation) VALUES ('tlyn', 'talyn', 31, 'brand', 'strict');
INSERT OR IGNORE INTO search_deletion_keys (deletion_key, term, product_id, field, representation) VALUES ('tayn', 'talyn', 31, 'brand', 'strict');
INSERT OR IGNORE INTO search_deletion_keys (deletion_key, term, product_id, field, representation) VALUES ('taln', 'talyn', 31, 'brand', 'strict');
INSERT OR IGNORE INTO search_deletion_keys (deletion_key, term, product_id, field, representation) VALUES ('taly', 'talyn', 31, 'brand', 'strict');
INSERT OR IGNORE INTO search_terms (term, product_id, field, representation) VALUES ('talin', 31, 'brand', 'basic');
INSERT OR IGNORE INTO search_deletion_keys (deletion_key, term, product_id, field, representation) VALUES ('talin', 'talin', 31, 'brand', 'basic');
INSERT OR IGNORE INTO search_deletion_keys (deletion_key, term, product_id, field, representation) VALUES ('alin', 'talin', 31, 'brand', 'basic');
INSERT OR IGNORE INTO search_deletion_keys (deletion_key, term, product_id, field, representation) VALUES ('tlin', 'talin', 31, 'brand', 'basic');
INSERT OR IGNORE INTO search_deletion_keys (deletion_key, term, product_id, field, representation) VALUES ('tain', 'talin', 31, 'brand', 'basic');
INSERT OR IGNORE INTO search_deletion_keys (deletion_key, term, product_id, field, representation) VALUES ('taln', 'talin', 31, 'brand', 'basic');
INSERT OR IGNORE INTO search_deletion_keys (deletion_key, term, product_id, field, representation) VALUES ('tali', 'talin', 31, 'brand', 'basic');
INSERT OR IGNORE INTO search_terms (term, product_id, field, representation) VALUES ('хүнс', 31, 'category', 'native');
INSERT OR IGNORE INTO search_deletion_keys (deletion_key, term, product_id, field, representation) VALUES ('хүнс', 'хүнс', 31, 'category', 'native');
INSERT OR IGNORE INTO search_deletion_keys (deletion_key, term, product_id, field, representation) VALUES ('үнс', 'хүнс', 31, 'category', 'native');
INSERT OR IGNORE INTO search_deletion_keys (deletion_key, term, product_id, field, representation) VALUES ('хнс', 'хүнс', 31, 'category', 'native');
INSERT OR IGNORE INTO search_deletion_keys (deletion_key, term, product_id, field, representation) VALUES ('хүс', 'хүнс', 31, 'category', 'native');
INSERT OR IGNORE INTO search_deletion_keys (deletion_key, term, product_id, field, representation) VALUES ('хүн', 'хүнс', 31, 'category', 'native');
INSERT OR IGNORE INTO search_terms (term, product_id, field, representation) VALUES ('khuens', 31, 'category', 'strict');
INSERT OR IGNORE INTO search_deletion_keys (deletion_key, term, product_id, field, representation) VALUES ('khuens', 'khuens', 31, 'category', 'strict');
INSERT OR IGNORE INTO search_deletion_keys (deletion_key, term, product_id, field, representation) VALUES ('huens', 'khuens', 31, 'category', 'strict');
INSERT OR IGNORE INTO search_deletion_keys (deletion_key, term, product_id, field, representation) VALUES ('kuens', 'khuens', 31, 'category', 'strict');
INSERT OR IGNORE INTO search_deletion_keys (deletion_key, term, product_id, field, representation) VALUES ('khens', 'khuens', 31, 'category', 'strict');
INSERT OR IGNORE INTO search_deletion_keys (deletion_key, term, product_id, field, representation) VALUES ('khuns', 'khuens', 31, 'category', 'strict');
INSERT OR IGNORE INTO search_deletion_keys (deletion_key, term, product_id, field, representation) VALUES ('khues', 'khuens', 31, 'category', 'strict');
INSERT OR IGNORE INTO search_deletion_keys (deletion_key, term, product_id, field, representation) VALUES ('khuen', 'khuens', 31, 'category', 'strict');
INSERT OR IGNORE INTO search_terms (term, product_id, field, representation) VALUES ('khuns', 31, 'category', 'basic');
INSERT OR IGNORE INTO search_deletion_keys (deletion_key, term, product_id, field, representation) VALUES ('khuns', 'khuns', 31, 'category', 'basic');
INSERT OR IGNORE INTO search_deletion_keys (deletion_key, term, product_id, field, representation) VALUES ('huns', 'khuns', 31, 'category', 'basic');
INSERT OR IGNORE INTO search_deletion_keys (deletion_key, term, product_id, field, representation) VALUES ('kuns', 'khuns', 31, 'category', 'basic');
INSERT OR IGNORE INTO search_deletion_keys (deletion_key, term, product_id, field, representation) VALUES ('khns', 'khuns', 31, 'category', 'basic');
INSERT OR IGNORE INTO search_deletion_keys (deletion_key, term, product_id, field, representation) VALUES ('khus', 'khuns', 31, 'category', 'basic');
INSERT OR IGNORE INTO search_deletion_keys (deletion_key, term, product_id, field, representation) VALUES ('khun', 'khuns', 31, 'category', 'basic');
INSERT INTO products (id, sku, sku_normalized, name, category, tags, price_mnt, strict_key, basic_key, brand, description, available, merchandising_position) VALUES (32, 'HV-Ю-032', 'hvю032', 'Юүлүүр гал тогоо', 'Гэр ахуй', 'гал тогоо, юүлүүр', 66250, 'юүлүүр гал тогоо гэр ахуй гал тогоо юүлүүр hv ю 032 yuülüür gal togoo ger akhuy gal togoo yuülüür hv yu 032', 'юүлүүр гал тогоо гэр ахуй гал тогоо юүлүүр hv ю 032 iuuluur gal togoo ger akhui gal togoo iuuluur hv iu 032', 'Хөх Тэнгэр', 'Гэр ахуй зориулсан синтетик туршилтын бүтээгдэхүүн гал тогоо, юүлүүр', 1, 32);
INSERT INTO product_search (product_id, name, category, tags, sku, strict_key, basic_key) VALUES (32, 'юүлүүр гал тогоо yuülüür gal togoo', 'гэр ахуй ger akhuy', 'гал тогоо юүлүүр gal togoo yuülüür', 'hv ю 032 hv yu 032', 'юүлүүр гал тогоо гэр ахуй гал тогоо юүлүүр hv ю 032 yuülüür gal togoo ger akhuy gal togoo yuülüür hv yu 032', 'юүлүүр гал тогоо гэр ахуй гал тогоо юүлүүр hv ю 032 iuuluur gal togoo ger akhui gal togoo iuuluur hv iu 032');
INSERT INTO product_search_tiered (product_id, native_key, strict_key, basic_key, sku_key) VALUES (32, 'юүлүүр гал тогоо гэр ахуй гал тогоо юүлүүр hv ю 032', 'yuuelueuer gal togoo ger akhuy gal togoo yuuelueuer hv yu 032', 'yuuluur yuuluir yuuliur yuuliir yuiluur yuiluir yuiliur yuiliir gal togoo ger ahui ahuy akhui akhuy gal togoo yuuluur yuuluir yuuliur yuuliir yuiluur yuiluir yuiliur yuiliir hv 032', 'hvю032');
INSERT INTO product_search_resilient (product_id, title_native, brand_native, category_native, tags_native, description_native, title_strict, brand_strict, category_strict, tags_strict, description_strict, title_basic, brand_basic, category_basic, tags_basic, description_basic) VALUES (32, 'юүлүүр гал тогоо', 'хөх тэнгэр', 'гэр ахуй', 'гал тогоо юүлүүр', 'гэр ахуй зориулсан синтетик туршилтын бүтээгдэхүүн гал тогоо юүлүүр', 'yuuelueuer gal togoo', 'khoekh tenger', 'ger akhuy', 'gal togoo yuuelueuer', 'ger akhuy zoriulsan sintetik turshiltyn bueteegdekhueuen gal togoo yuuelueuer', 'yuuluur yuuluir yuuliur yuuliir yuiluur yuiluir yuiliur yuiliir gal togoo', 'hoh hokh huh hukh khoh khokh khuh khukh tenger', 'ger ahui ahuy akhui akhuy', 'gal togoo yuuluur yuuluir yuuliur yuuliir yuiluur yuiluir yuiliur yuiliir', 'ger ahui ahuy akhui akhuy zoriulsan sintetik turshiltyn buteegdehuun buteegdehuin buteegdehiun buteegdehiin buteegdekhuun buteegdekhuin buteegdekhiun buteegdekhiin gal togoo yuuluur yuuluir yuuliur yuuliir yuiluur yuiluir yuiliur yuiliir');
INSERT OR IGNORE INTO search_terms (term, product_id, field, representation) VALUES ('юүлүүр', 32, 'title', 'native');
INSERT OR IGNORE INTO search_deletion_keys (deletion_key, term, product_id, field, representation) VALUES ('юүлүүр', 'юүлүүр', 32, 'title', 'native');
INSERT OR IGNORE INTO search_deletion_keys (deletion_key, term, product_id, field, representation) VALUES ('үлүүр', 'юүлүүр', 32, 'title', 'native');
INSERT OR IGNORE INTO search_deletion_keys (deletion_key, term, product_id, field, representation) VALUES ('юлүүр', 'юүлүүр', 32, 'title', 'native');
INSERT OR IGNORE INTO search_deletion_keys (deletion_key, term, product_id, field, representation) VALUES ('юүүүр', 'юүлүүр', 32, 'title', 'native');
INSERT OR IGNORE INTO search_deletion_keys (deletion_key, term, product_id, field, representation) VALUES ('юүлүр', 'юүлүүр', 32, 'title', 'native');
INSERT OR IGNORE INTO search_deletion_keys (deletion_key, term, product_id, field, representation) VALUES ('юүлүү', 'юүлүүр', 32, 'title', 'native');
INSERT OR IGNORE INTO search_terms (term, product_id, field, representation) VALUES ('тогоо', 32, 'title', 'native');
INSERT OR IGNORE INTO search_deletion_keys (deletion_key, term, product_id, field, representation) VALUES ('тогоо', 'тогоо', 32, 'title', 'native');
INSERT OR IGNORE INTO search_deletion_keys (deletion_key, term, product_id, field, representation) VALUES ('огоо', 'тогоо', 32, 'title', 'native');
INSERT OR IGNORE INTO search_deletion_keys (deletion_key, term, product_id, field, representation) VALUES ('тгоо', 'тогоо', 32, 'title', 'native');
INSERT OR IGNORE INTO search_deletion_keys (deletion_key, term, product_id, field, representation) VALUES ('тооо', 'тогоо', 32, 'title', 'native');
INSERT OR IGNORE INTO search_deletion_keys (deletion_key, term, product_id, field, representation) VALUES ('того', 'тогоо', 32, 'title', 'native');
INSERT OR IGNORE INTO search_terms (term, product_id, field, representation) VALUES ('yuuelueuer', 32, 'title', 'strict');
INSERT OR IGNORE INTO search_deletion_keys (deletion_key, term, product_id, field, representation) VALUES ('yuuelueuer', 'yuuelueuer', 32, 'title', 'strict');
INSERT OR IGNORE INTO search_deletion_keys (deletion_key, term, product_id, field, representation) VALUES ('uuelueuer', 'yuuelueuer', 32, 'title', 'strict');
INSERT OR IGNORE INTO search_deletion_keys (deletion_key, term, product_id, field, representation) VALUES ('yuelueuer', 'yuuelueuer', 32, 'title', 'strict');
INSERT OR IGNORE INTO search_deletion_keys (deletion_key, term, product_id, field, representation) VALUES ('yuulueuer', 'yuuelueuer', 32, 'title', 'strict');
INSERT OR IGNORE INTO search_deletion_keys (deletion_key, term, product_id, field, representation) VALUES ('yuueueuer', 'yuuelueuer', 32, 'title', 'strict');
INSERT OR IGNORE INTO search_deletion_keys (deletion_key, term, product_id, field, representation) VALUES ('yuueleuer', 'yuuelueuer', 32, 'title', 'strict');
INSERT OR IGNORE INTO search_deletion_keys (deletion_key, term, product_id, field, representation) VALUES ('yuueluuer', 'yuuelueuer', 32, 'title', 'strict');
INSERT OR IGNORE INTO search_deletion_keys (deletion_key, term, product_id, field, representation) VALUES ('yuuelueer', 'yuuelueuer', 32, 'title', 'strict');
INSERT OR IGNORE INTO search_deletion_keys (deletion_key, term, product_id, field, representation) VALUES ('yuuelueur', 'yuuelueuer', 32, 'title', 'strict');
INSERT OR IGNORE INTO search_deletion_keys (deletion_key, term, product_id, field, representation) VALUES ('yuuelueue', 'yuuelueuer', 32, 'title', 'strict');
INSERT OR IGNORE INTO search_terms (term, product_id, field, representation) VALUES ('togoo', 32, 'title', 'strict');
INSERT OR IGNORE INTO search_deletion_keys (deletion_key, term, product_id, field, representation) VALUES ('togoo', 'togoo', 32, 'title', 'strict');
INSERT OR IGNORE INTO search_deletion_keys (deletion_key, term, product_id, field, representation) VALUES ('ogoo', 'togoo', 32, 'title', 'strict');
INSERT OR IGNORE INTO search_deletion_keys (deletion_key, term, product_id, field, representation) VALUES ('tgoo', 'togoo', 32, 'title', 'strict');
INSERT OR IGNORE INTO search_deletion_keys (deletion_key, term, product_id, field, representation) VALUES ('tooo', 'togoo', 32, 'title', 'strict');
INSERT OR IGNORE INTO search_deletion_keys (deletion_key, term, product_id, field, representation) VALUES ('togo', 'togoo', 32, 'title', 'strict');
INSERT OR IGNORE INTO search_terms (term, product_id, field, representation) VALUES ('iuuluur', 32, 'title', 'basic');
INSERT OR IGNORE INTO search_deletion_keys (deletion_key, term, product_id, field, representation) VALUES ('iuuluur', 'iuuluur', 32, 'title', 'basic');
INSERT OR IGNORE INTO search_deletion_keys (deletion_key, term, product_id, field, representation) VALUES ('uuluur', 'iuuluur', 32, 'title', 'basic');
INSERT OR IGNORE INTO search_deletion_keys (deletion_key, term, product_id, field, representation) VALUES ('iuluur', 'iuuluur', 32, 'title', 'basic');
INSERT OR IGNORE INTO search_deletion_keys (deletion_key, term, product_id, field, representation) VALUES ('iuuuur', 'iuuluur', 32, 'title', 'basic');
INSERT OR IGNORE INTO search_deletion_keys (deletion_key, term, product_id, field, representation) VALUES ('iuulur', 'iuuluur', 32, 'title', 'basic');
INSERT OR IGNORE INTO search_deletion_keys (deletion_key, term, product_id, field, representation) VALUES ('iuuluu', 'iuuluur', 32, 'title', 'basic');
INSERT OR IGNORE INTO search_terms (term, product_id, field, representation) VALUES ('togoo', 32, 'title', 'basic');
INSERT OR IGNORE INTO search_deletion_keys (deletion_key, term, product_id, field, representation) VALUES ('togoo', 'togoo', 32, 'title', 'basic');
INSERT OR IGNORE INTO search_deletion_keys (deletion_key, term, product_id, field, representation) VALUES ('ogoo', 'togoo', 32, 'title', 'basic');
INSERT OR IGNORE INTO search_deletion_keys (deletion_key, term, product_id, field, representation) VALUES ('tgoo', 'togoo', 32, 'title', 'basic');
INSERT OR IGNORE INTO search_deletion_keys (deletion_key, term, product_id, field, representation) VALUES ('tooo', 'togoo', 32, 'title', 'basic');
INSERT OR IGNORE INTO search_deletion_keys (deletion_key, term, product_id, field, representation) VALUES ('togo', 'togoo', 32, 'title', 'basic');
INSERT OR IGNORE INTO search_terms (term, product_id, field, representation) VALUES ('тэнгэр', 32, 'brand', 'native');
INSERT OR IGNORE INTO search_deletion_keys (deletion_key, term, product_id, field, representation) VALUES ('тэнгэр', 'тэнгэр', 32, 'brand', 'native');
INSERT OR IGNORE INTO search_deletion_keys (deletion_key, term, product_id, field, representation) VALUES ('энгэр', 'тэнгэр', 32, 'brand', 'native');
INSERT OR IGNORE INTO search_deletion_keys (deletion_key, term, product_id, field, representation) VALUES ('тнгэр', 'тэнгэр', 32, 'brand', 'native');
INSERT OR IGNORE INTO search_deletion_keys (deletion_key, term, product_id, field, representation) VALUES ('тэгэр', 'тэнгэр', 32, 'brand', 'native');
INSERT OR IGNORE INTO search_deletion_keys (deletion_key, term, product_id, field, representation) VALUES ('тэнэр', 'тэнгэр', 32, 'brand', 'native');
INSERT OR IGNORE INTO search_deletion_keys (deletion_key, term, product_id, field, representation) VALUES ('тэнгр', 'тэнгэр', 32, 'brand', 'native');
INSERT OR IGNORE INTO search_deletion_keys (deletion_key, term, product_id, field, representation) VALUES ('тэнгэ', 'тэнгэр', 32, 'brand', 'native');
INSERT OR IGNORE INTO search_terms (term, product_id, field, representation) VALUES ('khoekh', 32, 'brand', 'strict');
INSERT OR IGNORE INTO search_deletion_keys (deletion_key, term, product_id, field, representation) VALUES ('khoekh', 'khoekh', 32, 'brand', 'strict');
INSERT OR IGNORE INTO search_deletion_keys (deletion_key, term, product_id, field, representation) VALUES ('hoekh', 'khoekh', 32, 'brand', 'strict');
INSERT OR IGNORE INTO search_deletion_keys (deletion_key, term, product_id, field, representation) VALUES ('koekh', 'khoekh', 32, 'brand', 'strict');
INSERT OR IGNORE INTO search_deletion_keys (deletion_key, term, product_id, field, representation) VALUES ('khekh', 'khoekh', 32, 'brand', 'strict');
INSERT OR IGNORE INTO search_deletion_keys (deletion_key, term, product_id, field, representation) VALUES ('khokh', 'khoekh', 32, 'brand', 'strict');
INSERT OR IGNORE INTO search_deletion_keys (deletion_key, term, product_id, field, representation) VALUES ('khoeh', 'khoekh', 32, 'brand', 'strict');
INSERT OR IGNORE INTO search_deletion_keys (deletion_key, term, product_id, field, representation) VALUES ('khoek', 'khoekh', 32, 'brand', 'strict');
INSERT OR IGNORE INTO search_terms (term, product_id, field, representation) VALUES ('tenger', 32, 'brand', 'strict');
INSERT OR IGNORE INTO search_deletion_keys (deletion_key, term, product_id, field, representation) VALUES ('tenger', 'tenger', 32, 'brand', 'strict');
INSERT OR IGNORE INTO search_deletion_keys (deletion_key, term, product_id, field, representation) VALUES ('enger', 'tenger', 32, 'brand', 'strict');
INSERT OR IGNORE INTO search_deletion_keys (deletion_key, term, product_id, field, representation) VALUES ('tnger', 'tenger', 32, 'brand', 'strict');
INSERT OR IGNORE INTO search_deletion_keys (deletion_key, term, product_id, field, representation) VALUES ('teger', 'tenger', 32, 'brand', 'strict');
INSERT OR IGNORE INTO search_deletion_keys (deletion_key, term, product_id, field, representation) VALUES ('tener', 'tenger', 32, 'brand', 'strict');
INSERT OR IGNORE INTO search_deletion_keys (deletion_key, term, product_id, field, representation) VALUES ('tengr', 'tenger', 32, 'brand', 'strict');
INSERT OR IGNORE INTO search_deletion_keys (deletion_key, term, product_id, field, representation) VALUES ('tenge', 'tenger', 32, 'brand', 'strict');
INSERT OR IGNORE INTO search_terms (term, product_id, field, representation) VALUES ('khokh', 32, 'brand', 'basic');
INSERT OR IGNORE INTO search_deletion_keys (deletion_key, term, product_id, field, representation) VALUES ('khokh', 'khokh', 32, 'brand', 'basic');
INSERT OR IGNORE INTO search_deletion_keys (deletion_key, term, product_id, field, representation) VALUES ('hokh', 'khokh', 32, 'brand', 'basic');
INSERT OR IGNORE INTO search_deletion_keys (deletion_key, term, product_id, field, representation) VALUES ('kokh', 'khokh', 32, 'brand', 'basic');
INSERT OR IGNORE INTO search_deletion_keys (deletion_key, term, product_id, field, representation) VALUES ('khkh', 'khokh', 32, 'brand', 'basic');
INSERT OR IGNORE INTO search_deletion_keys (deletion_key, term, product_id, field, representation) VALUES ('khoh', 'khokh', 32, 'brand', 'basic');
INSERT OR IGNORE INTO search_deletion_keys (deletion_key, term, product_id, field, representation) VALUES ('khok', 'khokh', 32, 'brand', 'basic');
INSERT OR IGNORE INTO search_terms (term, product_id, field, representation) VALUES ('tenger', 32, 'brand', 'basic');
INSERT OR IGNORE INTO search_deletion_keys (deletion_key, term, product_id, field, representation) VALUES ('tenger', 'tenger', 32, 'brand', 'basic');
INSERT OR IGNORE INTO search_deletion_keys (deletion_key, term, product_id, field, representation) VALUES ('enger', 'tenger', 32, 'brand', 'basic');
INSERT OR IGNORE INTO search_deletion_keys (deletion_key, term, product_id, field, representation) VALUES ('tnger', 'tenger', 32, 'brand', 'basic');
INSERT OR IGNORE INTO search_deletion_keys (deletion_key, term, product_id, field, representation) VALUES ('teger', 'tenger', 32, 'brand', 'basic');
INSERT OR IGNORE INTO search_deletion_keys (deletion_key, term, product_id, field, representation) VALUES ('tener', 'tenger', 32, 'brand', 'basic');
INSERT OR IGNORE INTO search_deletion_keys (deletion_key, term, product_id, field, representation) VALUES ('tengr', 'tenger', 32, 'brand', 'basic');
INSERT OR IGNORE INTO search_deletion_keys (deletion_key, term, product_id, field, representation) VALUES ('tenge', 'tenger', 32, 'brand', 'basic');
INSERT OR IGNORE INTO search_terms (term, product_id, field, representation) VALUES ('ахуй', 32, 'category', 'native');
INSERT OR IGNORE INTO search_deletion_keys (deletion_key, term, product_id, field, representation) VALUES ('ахуй', 'ахуй', 32, 'category', 'native');
INSERT OR IGNORE INTO search_deletion_keys (deletion_key, term, product_id, field, representation) VALUES ('хуй', 'ахуй', 32, 'category', 'native');
INSERT OR IGNORE INTO search_deletion_keys (deletion_key, term, product_id, field, representation) VALUES ('ауй', 'ахуй', 32, 'category', 'native');
INSERT OR IGNORE INTO search_deletion_keys (deletion_key, term, product_id, field, representation) VALUES ('ахй', 'ахуй', 32, 'category', 'native');
INSERT OR IGNORE INTO search_deletion_keys (deletion_key, term, product_id, field, representation) VALUES ('аху', 'ахуй', 32, 'category', 'native');
INSERT OR IGNORE INTO search_terms (term, product_id, field, representation) VALUES ('akhuy', 32, 'category', 'strict');
INSERT OR IGNORE INTO search_deletion_keys (deletion_key, term, product_id, field, representation) VALUES ('akhuy', 'akhuy', 32, 'category', 'strict');
INSERT OR IGNORE INTO search_deletion_keys (deletion_key, term, product_id, field, representation) VALUES ('khuy', 'akhuy', 32, 'category', 'strict');
INSERT OR IGNORE INTO search_deletion_keys (deletion_key, term, product_id, field, representation) VALUES ('ahuy', 'akhuy', 32, 'category', 'strict');
INSERT OR IGNORE INTO search_deletion_keys (deletion_key, term, product_id, field, representation) VALUES ('akuy', 'akhuy', 32, 'category', 'strict');
INSERT OR IGNORE INTO search_deletion_keys (deletion_key, term, product_id, field, representation) VALUES ('akhy', 'akhuy', 32, 'category', 'strict');
INSERT OR IGNORE INTO search_deletion_keys (deletion_key, term, product_id, field, representation) VALUES ('akhu', 'akhuy', 32, 'category', 'strict');
INSERT OR IGNORE INTO search_terms (term, product_id, field, representation) VALUES ('akhui', 32, 'category', 'basic');
INSERT OR IGNORE INTO search_deletion_keys (deletion_key, term, product_id, field, representation) VALUES ('akhui', 'akhui', 32, 'category', 'basic');
INSERT OR IGNORE INTO search_deletion_keys (deletion_key, term, product_id, field, representation) VALUES ('khui', 'akhui', 32, 'category', 'basic');
INSERT OR IGNORE INTO search_deletion_keys (deletion_key, term, product_id, field, representation) VALUES ('ahui', 'akhui', 32, 'category', 'basic');
INSERT OR IGNORE INTO search_deletion_keys (deletion_key, term, product_id, field, representation) VALUES ('akui', 'akhui', 32, 'category', 'basic');
INSERT OR IGNORE INTO search_deletion_keys (deletion_key, term, product_id, field, representation) VALUES ('akhi', 'akhui', 32, 'category', 'basic');
INSERT OR IGNORE INTO search_deletion_keys (deletion_key, term, product_id, field, representation) VALUES ('akhu', 'akhui', 32, 'category', 'basic');
INSERT INTO products (id, sku, sku_normalized, name, category, tags, price_mnt, strict_key, basic_key, brand, description, available, merchandising_position) VALUES (33, 'HV-Ө-033', 'hvө033', 'Ноосон-цамц', 'Хувцас', 'ноос, цамц', 68000, 'ноосон цамц хувцас ноос цамц hv ө 033 nooson tsamts khuvtsas noos tsamts hv ö 033', 'ноосон цамц хувцас ноос цамц hv ө 033 nooson tsamts khuvtsas noos tsamts hv o 033', 'Алтан Өргөө', 'Хувцас зориулсан синтетик туршилтын бүтээгдэхүүн ноос, цамц', 0, 33);
INSERT INTO product_search (product_id, name, category, tags, sku, strict_key, basic_key) VALUES (33, 'ноосон цамц nooson tsamts', 'хувцас khuvtsas', 'ноос цамц noos tsamts', 'hv ө 033 hv ö 033', 'ноосон цамц хувцас ноос цамц hv ө 033 nooson tsamts khuvtsas noos tsamts hv ö 033', 'ноосон цамц хувцас ноос цамц hv ө 033 nooson tsamts khuvtsas noos tsamts hv o 033');
INSERT INTO product_search_tiered (product_id, native_key, strict_key, basic_key, sku_key) VALUES (33, 'ноосон цамц хувцас ноос цамц hv ө 033', 'nooson tsamts khuvtsas noos tsamts hv oe 033', 'nooson camc camts tsamc tsamts huvcas huvtsas khuvcas khuvtsas noos camc camts tsamc tsamts hv 033', 'hvө033');
INSERT INTO product_search_resilient (product_id, title_native, brand_native, category_native, tags_native, description_native, title_strict, brand_strict, category_strict, tags_strict, description_strict, title_basic, brand_basic, category_basic, tags_basic, description_basic) VALUES (33, 'ноосон цамц', 'алтан өргөө', 'хувцас', 'ноос цамц', 'хувцас зориулсан синтетик туршилтын бүтээгдэхүүн ноос цамц', 'nooson tsamts', 'altan oergoeoe', 'khuvtsas', 'noos tsamts', 'khuvtsas zoriulsan sintetik turshiltyn bueteegdekhueuen noos tsamts', 'nooson camc camts tsamc tsamts', 'altan orgoo orgou orguo orguu urgoo urgou urguo urguu', 'huvcas huvtsas khuvcas khuvtsas', 'noos camc camts tsamc tsamts', 'huvcas huvtsas khuvcas khuvtsas zoriulsan sintetik turshiltyn buteegdehuun buteegdehuin buteegdehiun buteegdehiin buteegdekhuun buteegdekhuin buteegdekhiun buteegdekhiin noos camc camts tsamc tsamts');
INSERT OR IGNORE INTO search_terms (term, product_id, field, representation) VALUES ('ноосон', 33, 'title', 'native');
INSERT OR IGNORE INTO search_deletion_keys (deletion_key, term, product_id, field, representation) VALUES ('ноосон', 'ноосон', 33, 'title', 'native');
INSERT OR IGNORE INTO search_deletion_keys (deletion_key, term, product_id, field, representation) VALUES ('оосон', 'ноосон', 33, 'title', 'native');
INSERT OR IGNORE INTO search_deletion_keys (deletion_key, term, product_id, field, representation) VALUES ('носон', 'ноосон', 33, 'title', 'native');
INSERT OR IGNORE INTO search_deletion_keys (deletion_key, term, product_id, field, representation) VALUES ('нооон', 'ноосон', 33, 'title', 'native');
INSERT OR IGNORE INTO search_deletion_keys (deletion_key, term, product_id, field, representation) VALUES ('ноосн', 'ноосон', 33, 'title', 'native');
INSERT OR IGNORE INTO search_deletion_keys (deletion_key, term, product_id, field, representation) VALUES ('ноосо', 'ноосон', 33, 'title', 'native');
INSERT OR IGNORE INTO search_terms (term, product_id, field, representation) VALUES ('цамц', 33, 'title', 'native');
INSERT OR IGNORE INTO search_deletion_keys (deletion_key, term, product_id, field, representation) VALUES ('цамц', 'цамц', 33, 'title', 'native');
INSERT OR IGNORE INTO search_deletion_keys (deletion_key, term, product_id, field, representation) VALUES ('амц', 'цамц', 33, 'title', 'native');
INSERT OR IGNORE INTO search_deletion_keys (deletion_key, term, product_id, field, representation) VALUES ('цмц', 'цамц', 33, 'title', 'native');
INSERT OR IGNORE INTO search_deletion_keys (deletion_key, term, product_id, field, representation) VALUES ('цац', 'цамц', 33, 'title', 'native');
INSERT OR IGNORE INTO search_deletion_keys (deletion_key, term, product_id, field, representation) VALUES ('цам', 'цамц', 33, 'title', 'native');
INSERT OR IGNORE INTO search_terms (term, product_id, field, representation) VALUES ('nooson', 33, 'title', 'strict');
INSERT OR IGNORE INTO search_deletion_keys (deletion_key, term, product_id, field, representation) VALUES ('nooson', 'nooson', 33, 'title', 'strict');
INSERT OR IGNORE INTO search_deletion_keys (deletion_key, term, product_id, field, representation) VALUES ('ooson', 'nooson', 33, 'title', 'strict');
INSERT OR IGNORE INTO search_deletion_keys (deletion_key, term, product_id, field, representation) VALUES ('noson', 'nooson', 33, 'title', 'strict');
INSERT OR IGNORE INTO search_deletion_keys (deletion_key, term, product_id, field, representation) VALUES ('nooon', 'nooson', 33, 'title', 'strict');
INSERT OR IGNORE INTO search_deletion_keys (deletion_key, term, product_id, field, representation) VALUES ('noosn', 'nooson', 33, 'title', 'strict');
INSERT OR IGNORE INTO search_deletion_keys (deletion_key, term, product_id, field, representation) VALUES ('nooso', 'nooson', 33, 'title', 'strict');
INSERT OR IGNORE INTO search_terms (term, product_id, field, representation) VALUES ('tsamts', 33, 'title', 'strict');
INSERT OR IGNORE INTO search_deletion_keys (deletion_key, term, product_id, field, representation) VALUES ('tsamts', 'tsamts', 33, 'title', 'strict');
INSERT OR IGNORE INTO search_deletion_keys (deletion_key, term, product_id, field, representation) VALUES ('samts', 'tsamts', 33, 'title', 'strict');
INSERT OR IGNORE INTO search_deletion_keys (deletion_key, term, product_id, field, representation) VALUES ('tamts', 'tsamts', 33, 'title', 'strict');
INSERT OR IGNORE INTO search_deletion_keys (deletion_key, term, product_id, field, representation) VALUES ('tsmts', 'tsamts', 33, 'title', 'strict');
INSERT OR IGNORE INTO search_deletion_keys (deletion_key, term, product_id, field, representation) VALUES ('tsats', 'tsamts', 33, 'title', 'strict');
INSERT OR IGNORE INTO search_deletion_keys (deletion_key, term, product_id, field, representation) VALUES ('tsams', 'tsamts', 33, 'title', 'strict');
INSERT OR IGNORE INTO search_deletion_keys (deletion_key, term, product_id, field, representation) VALUES ('tsamt', 'tsamts', 33, 'title', 'strict');
INSERT OR IGNORE INTO search_terms (term, product_id, field, representation) VALUES ('nooson', 33, 'title', 'basic');
INSERT OR IGNORE INTO search_deletion_keys (deletion_key, term, product_id, field, representation) VALUES ('nooson', 'nooson', 33, 'title', 'basic');
INSERT OR IGNORE INTO search_deletion_keys (deletion_key, term, product_id, field, representation) VALUES ('ooson', 'nooson', 33, 'title', 'basic');
INSERT OR IGNORE INTO search_deletion_keys (deletion_key, term, product_id, field, representation) VALUES ('noson', 'nooson', 33, 'title', 'basic');
INSERT OR IGNORE INTO search_deletion_keys (deletion_key, term, product_id, field, representation) VALUES ('nooon', 'nooson', 33, 'title', 'basic');
INSERT OR IGNORE INTO search_deletion_keys (deletion_key, term, product_id, field, representation) VALUES ('noosn', 'nooson', 33, 'title', 'basic');
INSERT OR IGNORE INTO search_deletion_keys (deletion_key, term, product_id, field, representation) VALUES ('nooso', 'nooson', 33, 'title', 'basic');
INSERT OR IGNORE INTO search_terms (term, product_id, field, representation) VALUES ('tsamts', 33, 'title', 'basic');
INSERT OR IGNORE INTO search_deletion_keys (deletion_key, term, product_id, field, representation) VALUES ('tsamts', 'tsamts', 33, 'title', 'basic');
INSERT OR IGNORE INTO search_deletion_keys (deletion_key, term, product_id, field, representation) VALUES ('samts', 'tsamts', 33, 'title', 'basic');
INSERT OR IGNORE INTO search_deletion_keys (deletion_key, term, product_id, field, representation) VALUES ('tamts', 'tsamts', 33, 'title', 'basic');
INSERT OR IGNORE INTO search_deletion_keys (deletion_key, term, product_id, field, representation) VALUES ('tsmts', 'tsamts', 33, 'title', 'basic');
INSERT OR IGNORE INTO search_deletion_keys (deletion_key, term, product_id, field, representation) VALUES ('tsats', 'tsamts', 33, 'title', 'basic');
INSERT OR IGNORE INTO search_deletion_keys (deletion_key, term, product_id, field, representation) VALUES ('tsams', 'tsamts', 33, 'title', 'basic');
INSERT OR IGNORE INTO search_deletion_keys (deletion_key, term, product_id, field, representation) VALUES ('tsamt', 'tsamts', 33, 'title', 'basic');
INSERT OR IGNORE INTO search_terms (term, product_id, field, representation) VALUES ('алтан', 33, 'brand', 'native');
INSERT OR IGNORE INTO search_deletion_keys (deletion_key, term, product_id, field, representation) VALUES ('алтан', 'алтан', 33, 'brand', 'native');
INSERT OR IGNORE INTO search_deletion_keys (deletion_key, term, product_id, field, representation) VALUES ('лтан', 'алтан', 33, 'brand', 'native');
INSERT OR IGNORE INTO search_deletion_keys (deletion_key, term, product_id, field, representation) VALUES ('атан', 'алтан', 33, 'brand', 'native');
INSERT OR IGNORE INTO search_deletion_keys (deletion_key, term, product_id, field, representation) VALUES ('алан', 'алтан', 33, 'brand', 'native');
INSERT OR IGNORE INTO search_deletion_keys (deletion_key, term, product_id, field, representation) VALUES ('алтн', 'алтан', 33, 'brand', 'native');
INSERT OR IGNORE INTO search_deletion_keys (deletion_key, term, product_id, field, representation) VALUES ('алта', 'алтан', 33, 'brand', 'native');
INSERT OR IGNORE INTO search_terms (term, product_id, field, representation) VALUES ('өргөө', 33, 'brand', 'native');
INSERT OR IGNORE INTO search_deletion_keys (deletion_key, term, product_id, field, representation) VALUES ('өргөө', 'өргөө', 33, 'brand', 'native');
INSERT OR IGNORE INTO search_deletion_keys (deletion_key, term, product_id, field, representation) VALUES ('ргөө', 'өргөө', 33, 'brand', 'native');
INSERT OR IGNORE INTO search_deletion_keys (deletion_key, term, product_id, field, representation) VALUES ('өгөө', 'өргөө', 33, 'brand', 'native');
INSERT OR IGNORE INTO search_deletion_keys (deletion_key, term, product_id, field, representation) VALUES ('өрөө', 'өргөө', 33, 'brand', 'native');
INSERT OR IGNORE INTO search_deletion_keys (deletion_key, term, product_id, field, representation) VALUES ('өргө', 'өргөө', 33, 'brand', 'native');
INSERT OR IGNORE INTO search_terms (term, product_id, field, representation) VALUES ('altan', 33, 'brand', 'strict');
INSERT OR IGNORE INTO search_deletion_keys (deletion_key, term, product_id, field, representation) VALUES ('altan', 'altan', 33, 'brand', 'strict');
INSERT OR IGNORE INTO search_deletion_keys (deletion_key, term, product_id, field, representation) VALUES ('ltan', 'altan', 33, 'brand', 'strict');
INSERT OR IGNORE INTO search_deletion_keys (deletion_key, term, product_id, field, representation) VALUES ('atan', 'altan', 33, 'brand', 'strict');
INSERT OR IGNORE INTO search_deletion_keys (deletion_key, term, product_id, field, representation) VALUES ('alan', 'altan', 33, 'brand', 'strict');
INSERT OR IGNORE INTO search_deletion_keys (deletion_key, term, product_id, field, representation) VALUES ('altn', 'altan', 33, 'brand', 'strict');
INSERT OR IGNORE INTO search_deletion_keys (deletion_key, term, product_id, field, representation) VALUES ('alta', 'altan', 33, 'brand', 'strict');
INSERT OR IGNORE INTO search_terms (term, product_id, field, representation) VALUES ('oergoeoe', 33, 'brand', 'strict');
INSERT OR IGNORE INTO search_deletion_keys (deletion_key, term, product_id, field, representation) VALUES ('oergoeoe', 'oergoeoe', 33, 'brand', 'strict');
INSERT OR IGNORE INTO search_deletion_keys (deletion_key, term, product_id, field, representation) VALUES ('ergoeoe', 'oergoeoe', 33, 'brand', 'strict');
INSERT OR IGNORE INTO search_deletion_keys (deletion_key, term, product_id, field, representation) VALUES ('orgoeoe', 'oergoeoe', 33, 'brand', 'strict');
INSERT OR IGNORE INTO search_deletion_keys (deletion_key, term, product_id, field, representation) VALUES ('oegoeoe', 'oergoeoe', 33, 'brand', 'strict');
INSERT OR IGNORE INTO search_deletion_keys (deletion_key, term, product_id, field, representation) VALUES ('oeroeoe', 'oergoeoe', 33, 'brand', 'strict');
INSERT OR IGNORE INTO search_deletion_keys (deletion_key, term, product_id, field, representation) VALUES ('oergeoe', 'oergoeoe', 33, 'brand', 'strict');
INSERT OR IGNORE INTO search_deletion_keys (deletion_key, term, product_id, field, representation) VALUES ('oergooe', 'oergoeoe', 33, 'brand', 'strict');
INSERT OR IGNORE INTO search_deletion_keys (deletion_key, term, product_id, field, representation) VALUES ('oergoee', 'oergoeoe', 33, 'brand', 'strict');
INSERT OR IGNORE INTO search_deletion_keys (deletion_key, term, product_id, field, representation) VALUES ('oergoeo', 'oergoeoe', 33, 'brand', 'strict');
INSERT OR IGNORE INTO search_terms (term, product_id, field, representation) VALUES ('altan', 33, 'brand', 'basic');
INSERT OR IGNORE INTO search_deletion_keys (deletion_key, term, product_id, field, representation) VALUES ('altan', 'altan', 33, 'brand', 'basic');
INSERT OR IGNORE INTO search_deletion_keys (deletion_key, term, product_id, field, representation) VALUES ('ltan', 'altan', 33, 'brand', 'basic');
INSERT OR IGNORE INTO search_deletion_keys (deletion_key, term, product_id, field, representation) VALUES ('atan', 'altan', 33, 'brand', 'basic');
INSERT OR IGNORE INTO search_deletion_keys (deletion_key, term, product_id, field, representation) VALUES ('alan', 'altan', 33, 'brand', 'basic');
INSERT OR IGNORE INTO search_deletion_keys (deletion_key, term, product_id, field, representation) VALUES ('altn', 'altan', 33, 'brand', 'basic');
INSERT OR IGNORE INTO search_deletion_keys (deletion_key, term, product_id, field, representation) VALUES ('alta', 'altan', 33, 'brand', 'basic');
INSERT OR IGNORE INTO search_terms (term, product_id, field, representation) VALUES ('orgoo', 33, 'brand', 'basic');
INSERT OR IGNORE INTO search_deletion_keys (deletion_key, term, product_id, field, representation) VALUES ('orgoo', 'orgoo', 33, 'brand', 'basic');
INSERT OR IGNORE INTO search_deletion_keys (deletion_key, term, product_id, field, representation) VALUES ('rgoo', 'orgoo', 33, 'brand', 'basic');
INSERT OR IGNORE INTO search_deletion_keys (deletion_key, term, product_id, field, representation) VALUES ('ogoo', 'orgoo', 33, 'brand', 'basic');
INSERT OR IGNORE INTO search_deletion_keys (deletion_key, term, product_id, field, representation) VALUES ('oroo', 'orgoo', 33, 'brand', 'basic');
INSERT OR IGNORE INTO search_deletion_keys (deletion_key, term, product_id, field, representation) VALUES ('orgo', 'orgoo', 33, 'brand', 'basic');
INSERT OR IGNORE INTO search_terms (term, product_id, field, representation) VALUES ('хувцас', 33, 'category', 'native');
INSERT OR IGNORE INTO search_deletion_keys (deletion_key, term, product_id, field, representation) VALUES ('хувцас', 'хувцас', 33, 'category', 'native');
INSERT OR IGNORE INTO search_deletion_keys (deletion_key, term, product_id, field, representation) VALUES ('увцас', 'хувцас', 33, 'category', 'native');
INSERT OR IGNORE INTO search_deletion_keys (deletion_key, term, product_id, field, representation) VALUES ('хвцас', 'хувцас', 33, 'category', 'native');
INSERT OR IGNORE INTO search_deletion_keys (deletion_key, term, product_id, field, representation) VALUES ('хуцас', 'хувцас', 33, 'category', 'native');
INSERT OR IGNORE INTO search_deletion_keys (deletion_key, term, product_id, field, representation) VALUES ('хувас', 'хувцас', 33, 'category', 'native');
INSERT OR IGNORE INTO search_deletion_keys (deletion_key, term, product_id, field, representation) VALUES ('хувцс', 'хувцас', 33, 'category', 'native');
INSERT OR IGNORE INTO search_deletion_keys (deletion_key, term, product_id, field, representation) VALUES ('хувца', 'хувцас', 33, 'category', 'native');
INSERT OR IGNORE INTO search_terms (term, product_id, field, representation) VALUES ('khuvtsas', 33, 'category', 'strict');
INSERT OR IGNORE INTO search_deletion_keys (deletion_key, term, product_id, field, representation) VALUES ('khuvtsas', 'khuvtsas', 33, 'category', 'strict');
INSERT OR IGNORE INTO search_deletion_keys (deletion_key, term, product_id, field, representation) VALUES ('huvtsas', 'khuvtsas', 33, 'category', 'strict');
INSERT OR IGNORE INTO search_deletion_keys (deletion_key, term, product_id, field, representation) VALUES ('kuvtsas', 'khuvtsas', 33, 'category', 'strict');
INSERT OR IGNORE INTO search_deletion_keys (deletion_key, term, product_id, field, representation) VALUES ('khvtsas', 'khuvtsas', 33, 'category', 'strict');
INSERT OR IGNORE INTO search_deletion_keys (deletion_key, term, product_id, field, representation) VALUES ('khutsas', 'khuvtsas', 33, 'category', 'strict');
INSERT OR IGNORE INTO search_deletion_keys (deletion_key, term, product_id, field, representation) VALUES ('khuvsas', 'khuvtsas', 33, 'category', 'strict');
INSERT OR IGNORE INTO search_deletion_keys (deletion_key, term, product_id, field, representation) VALUES ('khuvtas', 'khuvtsas', 33, 'category', 'strict');
INSERT OR IGNORE INTO search_deletion_keys (deletion_key, term, product_id, field, representation) VALUES ('khuvtss', 'khuvtsas', 33, 'category', 'strict');
INSERT OR IGNORE INTO search_deletion_keys (deletion_key, term, product_id, field, representation) VALUES ('khuvtsa', 'khuvtsas', 33, 'category', 'strict');
INSERT OR IGNORE INTO search_terms (term, product_id, field, representation) VALUES ('khuvtsas', 33, 'category', 'basic');
INSERT OR IGNORE INTO search_deletion_keys (deletion_key, term, product_id, field, representation) VALUES ('khuvtsas', 'khuvtsas', 33, 'category', 'basic');
INSERT OR IGNORE INTO search_deletion_keys (deletion_key, term, product_id, field, representation) VALUES ('huvtsas', 'khuvtsas', 33, 'category', 'basic');
INSERT OR IGNORE INTO search_deletion_keys (deletion_key, term, product_id, field, representation) VALUES ('kuvtsas', 'khuvtsas', 33, 'category', 'basic');
INSERT OR IGNORE INTO search_deletion_keys (deletion_key, term, product_id, field, representation) VALUES ('khvtsas', 'khuvtsas', 33, 'category', 'basic');
INSERT OR IGNORE INTO search_deletion_keys (deletion_key, term, product_id, field, representation) VALUES ('khutsas', 'khuvtsas', 33, 'category', 'basic');
INSERT OR IGNORE INTO search_deletion_keys (deletion_key, term, product_id, field, representation) VALUES ('khuvsas', 'khuvtsas', 33, 'category', 'basic');
INSERT OR IGNORE INTO search_deletion_keys (deletion_key, term, product_id, field, representation) VALUES ('khuvtas', 'khuvtsas', 33, 'category', 'basic');
INSERT OR IGNORE INTO search_deletion_keys (deletion_key, term, product_id, field, representation) VALUES ('khuvtss', 'khuvtsas', 33, 'category', 'basic');
INSERT OR IGNORE INTO search_deletion_keys (deletion_key, term, product_id, field, representation) VALUES ('khuvtsa', 'khuvtsas', 33, 'category', 'basic');
INSERT INTO products (id, sku, sku_normalized, name, category, tags, price_mnt, strict_key, basic_key, brand, description, available, merchandising_position) VALUES (34, 'HV-Ө-034', 'hvө034', 'Өргөн мөртэй цүнх', 'Цүнх', 'өргөн, мөр', 69750, 'өргөн мөртэй цүнх цүнх өргөн мөр hv ө 034 örgön mörtey tsünkh tsünkh örgön mör hv ö 034', 'өргөн мөртэй цүнх цүнх өргөн мөр hv ө 034 orgon mortei tsunkh tsunkh orgon mor hv o 034', 'Цагаан Сар', 'Цүнх зориулсан синтетик туршилтын бүтээгдэхүүн өргөн, мөр', 1, 34);
INSERT INTO product_search (product_id, name, category, tags, sku, strict_key, basic_key) VALUES (34, 'өргөн мөртэй цүнх örgön mörtey tsünkh', 'цүнх tsünkh', 'өргөн мөр örgön mör', 'hv ө 034 hv ö 034', 'өргөн мөртэй цүнх цүнх өргөн мөр hv ө 034 örgön mörtey tsünkh tsünkh örgön mör hv ö 034', 'өргөн мөртэй цүнх цүнх өргөн мөр hv ө 034 orgon mortei tsunkh tsunkh orgon mor hv o 034');
INSERT INTO product_search_tiered (product_id, native_key, strict_key, basic_key, sku_key) VALUES (34, 'өргөн мөртэй цүнх цүнх өргөн мөр hv ө 034', 'oergoen moertey tsuenkh tsuenkh oergoen moer hv oe 034', 'orgon orgun urgon urgun mortei mortey murtei murtey cunh cunkh cinh cinkh tsunh tsunkh tsinh tsinkh cunh cunkh cinh cinkh tsunh tsunkh tsinh tsinkh orgon orgun urgon urgun mor mur hv 034', 'hvө034');
INSERT INTO product_search_resilient (product_id, title_native, brand_native, category_native, tags_native, description_native, title_strict, brand_strict, category_strict, tags_strict, description_strict, title_basic, brand_basic, category_basic, tags_basic, description_basic) VALUES (34, 'өргөн мөртэй цүнх', 'цагаан сар', 'цүнх', 'өргөн мөр', 'цүнх зориулсан синтетик туршилтын бүтээгдэхүүн өргөн мөр', 'oergoen moertey tsuenkh', 'tsagaan sar', 'tsuenkh', 'oergoen moer', 'tsuenkh zoriulsan sintetik turshiltyn bueteegdekhueuen oergoen moer', 'orgon orgun urgon urgun mortei mortey murtei murtey cunh cunkh cinh cinkh tsunh tsunkh tsinh tsinkh', 'cagaan tsagaan sar', 'cunh cunkh cinh cinkh tsunh tsunkh tsinh tsinkh', 'orgon orgun urgon urgun mor mur', 'cunh cunkh cinh cinkh tsunh tsunkh tsinh tsinkh zoriulsan sintetik turshiltyn buteegdehuun buteegdehuin buteegdehiun buteegdehiin buteegdekhuun buteegdekhuin buteegdekhiun buteegdekhiin orgon orgun urgon urgun mor mur');
INSERT OR IGNORE INTO search_terms (term, product_id, field, representation) VALUES ('өргөн', 34, 'title', 'native');
INSERT OR IGNORE INTO search_deletion_keys (deletion_key, term, product_id, field, representation) VALUES ('өргөн', 'өргөн', 34, 'title', 'native');
INSERT OR IGNORE INTO search_deletion_keys (deletion_key, term, product_id, field, representation) VALUES ('ргөн', 'өргөн', 34, 'title', 'native');
INSERT OR IGNORE INTO search_deletion_keys (deletion_key, term, product_id, field, representation) VALUES ('өгөн', 'өргөн', 34, 'title', 'native');
INSERT OR IGNORE INTO search_deletion_keys (deletion_key, term, product_id, field, representation) VALUES ('өрөн', 'өргөн', 34, 'title', 'native');
INSERT OR IGNORE INTO search_deletion_keys (deletion_key, term, product_id, field, representation) VALUES ('өргн', 'өргөн', 34, 'title', 'native');
INSERT OR IGNORE INTO search_deletion_keys (deletion_key, term, product_id, field, representation) VALUES ('өргө', 'өргөн', 34, 'title', 'native');
INSERT OR IGNORE INTO search_terms (term, product_id, field, representation) VALUES ('мөртэй', 34, 'title', 'native');
INSERT OR IGNORE INTO search_deletion_keys (deletion_key, term, product_id, field, representation) VALUES ('мөртэй', 'мөртэй', 34, 'title', 'native');
INSERT OR IGNORE INTO search_deletion_keys (deletion_key, term, product_id, field, representation) VALUES ('өртэй', 'мөртэй', 34, 'title', 'native');
INSERT OR IGNORE INTO search_deletion_keys (deletion_key, term, product_id, field, representation) VALUES ('мртэй', 'мөртэй', 34, 'title', 'native');
INSERT OR IGNORE INTO search_deletion_keys (deletion_key, term, product_id, field, representation) VALUES ('мөтэй', 'мөртэй', 34, 'title', 'native');
INSERT OR IGNORE INTO search_deletion_keys (deletion_key, term, product_id, field, representation) VALUES ('мөрэй', 'мөртэй', 34, 'title', 'native');
INSERT OR IGNORE INTO search_deletion_keys (deletion_key, term, product_id, field, representation) VALUES ('мөртй', 'мөртэй', 34, 'title', 'native');
INSERT OR IGNORE INTO search_deletion_keys (deletion_key, term, product_id, field, representation) VALUES ('мөртэ', 'мөртэй', 34, 'title', 'native');
INSERT OR IGNORE INTO search_terms (term, product_id, field, representation) VALUES ('цүнх', 34, 'title', 'native');
INSERT OR IGNORE INTO search_deletion_keys (deletion_key, term, product_id, field, representation) VALUES ('цүнх', 'цүнх', 34, 'title', 'native');
INSERT OR IGNORE INTO search_deletion_keys (deletion_key, term, product_id, field, representation) VALUES ('үнх', 'цүнх', 34, 'title', 'native');
INSERT OR IGNORE INTO search_deletion_keys (deletion_key, term, product_id, field, representation) VALUES ('цнх', 'цүнх', 34, 'title', 'native');
INSERT OR IGNORE INTO search_deletion_keys (deletion_key, term, product_id, field, representation) VALUES ('цүх', 'цүнх', 34, 'title', 'native');
INSERT OR IGNORE INTO search_deletion_keys (deletion_key, term, product_id, field, representation) VALUES ('цүн', 'цүнх', 34, 'title', 'native');
INSERT OR IGNORE INTO search_terms (term, product_id, field, representation) VALUES ('oergoen', 34, 'title', 'strict');
INSERT OR IGNORE INTO search_deletion_keys (deletion_key, term, product_id, field, representation) VALUES ('oergoen', 'oergoen', 34, 'title', 'strict');
INSERT OR IGNORE INTO search_deletion_keys (deletion_key, term, product_id, field, representation) VALUES ('ergoen', 'oergoen', 34, 'title', 'strict');
INSERT OR IGNORE INTO search_deletion_keys (deletion_key, term, product_id, field, representation) VALUES ('orgoen', 'oergoen', 34, 'title', 'strict');
INSERT OR IGNORE INTO search_deletion_keys (deletion_key, term, product_id, field, representation) VALUES ('oegoen', 'oergoen', 34, 'title', 'strict');
INSERT OR IGNORE INTO search_deletion_keys (deletion_key, term, product_id, field, representation) VALUES ('oeroen', 'oergoen', 34, 'title', 'strict');
INSERT OR IGNORE INTO search_deletion_keys (deletion_key, term, product_id, field, representation) VALUES ('oergen', 'oergoen', 34, 'title', 'strict');
INSERT OR IGNORE INTO search_deletion_keys (deletion_key, term, product_id, field, representation) VALUES ('oergon', 'oergoen', 34, 'title', 'strict');
INSERT OR IGNORE INTO search_deletion_keys (deletion_key, term, product_id, field, representation) VALUES ('oergoe', 'oergoen', 34, 'title', 'strict');
INSERT OR IGNORE INTO search_terms (term, product_id, field, representation) VALUES ('moertey', 34, 'title', 'strict');
INSERT OR IGNORE INTO search_deletion_keys (deletion_key, term, product_id, field, representation) VALUES ('moertey', 'moertey', 34, 'title', 'strict');
INSERT OR IGNORE INTO search_deletion_keys (deletion_key, term, product_id, field, representation) VALUES ('oertey', 'moertey', 34, 'title', 'strict');
INSERT OR IGNORE INTO search_deletion_keys (deletion_key, term, product_id, field, representation) VALUES ('mertey', 'moertey', 34, 'title', 'strict');
INSERT OR IGNORE INTO search_deletion_keys (deletion_key, term, product_id, field, representation) VALUES ('mortey', 'moertey', 34, 'title', 'strict');
INSERT OR IGNORE INTO search_deletion_keys (deletion_key, term, product_id, field, representation) VALUES ('moetey', 'moertey', 34, 'title', 'strict');
INSERT OR IGNORE INTO search_deletion_keys (deletion_key, term, product_id, field, representation) VALUES ('moerey', 'moertey', 34, 'title', 'strict');
INSERT OR IGNORE INTO search_deletion_keys (deletion_key, term, product_id, field, representation) VALUES ('moerty', 'moertey', 34, 'title', 'strict');
INSERT OR IGNORE INTO search_deletion_keys (deletion_key, term, product_id, field, representation) VALUES ('moerte', 'moertey', 34, 'title', 'strict');
INSERT OR IGNORE INTO search_terms (term, product_id, field, representation) VALUES ('tsuenkh', 34, 'title', 'strict');
INSERT OR IGNORE INTO search_deletion_keys (deletion_key, term, product_id, field, representation) VALUES ('tsuenkh', 'tsuenkh', 34, 'title', 'strict');
INSERT OR IGNORE INTO search_deletion_keys (deletion_key, term, product_id, field, representation) VALUES ('suenkh', 'tsuenkh', 34, 'title', 'strict');
INSERT OR IGNORE INTO search_deletion_keys (deletion_key, term, product_id, field, representation) VALUES ('tuenkh', 'tsuenkh', 34, 'title', 'strict');
INSERT OR IGNORE INTO search_deletion_keys (deletion_key, term, product_id, field, representation) VALUES ('tsenkh', 'tsuenkh', 34, 'title', 'strict');
INSERT OR IGNORE INTO search_deletion_keys (deletion_key, term, product_id, field, representation) VALUES ('tsunkh', 'tsuenkh', 34, 'title', 'strict');
INSERT OR IGNORE INTO search_deletion_keys (deletion_key, term, product_id, field, representation) VALUES ('tsuekh', 'tsuenkh', 34, 'title', 'strict');
INSERT OR IGNORE INTO search_deletion_keys (deletion_key, term, product_id, field, representation) VALUES ('tsuenh', 'tsuenkh', 34, 'title', 'strict');
INSERT OR IGNORE INTO search_deletion_keys (deletion_key, term, product_id, field, representation) VALUES ('tsuenk', 'tsuenkh', 34, 'title', 'strict');
INSERT OR IGNORE INTO search_terms (term, product_id, field, representation) VALUES ('orgon', 34, 'title', 'basic');
INSERT OR IGNORE INTO search_deletion_keys (deletion_key, term, product_id, field, representation) VALUES ('orgon', 'orgon', 34, 'title', 'basic');
INSERT OR IGNORE INTO search_deletion_keys (deletion_key, term, product_id, field, representation) VALUES ('rgon', 'orgon', 34, 'title', 'basic');
INSERT OR IGNORE INTO search_deletion_keys (deletion_key, term, product_id, field, representation) VALUES ('ogon', 'orgon', 34, 'title', 'basic');
INSERT OR IGNORE INTO search_deletion_keys (deletion_key, term, product_id, field, representation) VALUES ('oron', 'orgon', 34, 'title', 'basic');
INSERT OR IGNORE INTO search_deletion_keys (deletion_key, term, product_id, field, representation) VALUES ('orgn', 'orgon', 34, 'title', 'basic');
INSERT OR IGNORE INTO search_deletion_keys (deletion_key, term, product_id, field, representation) VALUES ('orgo', 'orgon', 34, 'title', 'basic');
INSERT OR IGNORE INTO search_terms (term, product_id, field, representation) VALUES ('mortei', 34, 'title', 'basic');
INSERT OR IGNORE INTO search_deletion_keys (deletion_key, term, product_id, field, representation) VALUES ('mortei', 'mortei', 34, 'title', 'basic');
INSERT OR IGNORE INTO search_deletion_keys (deletion_key, term, product_id, field, representation) VALUES ('ortei', 'mortei', 34, 'title', 'basic');
INSERT OR IGNORE INTO search_deletion_keys (deletion_key, term, product_id, field, representation) VALUES ('mrtei', 'mortei', 34, 'title', 'basic');
INSERT OR IGNORE INTO search_deletion_keys (deletion_key, term, product_id, field, representation) VALUES ('motei', 'mortei', 34, 'title', 'basic');
INSERT OR IGNORE INTO search_deletion_keys (deletion_key, term, product_id, field, representation) VALUES ('morei', 'mortei', 34, 'title', 'basic');
INSERT OR IGNORE INTO search_deletion_keys (deletion_key, term, product_id, field, representation) VALUES ('morti', 'mortei', 34, 'title', 'basic');
INSERT OR IGNORE INTO search_deletion_keys (deletion_key, term, product_id, field, representation) VALUES ('morte', 'mortei', 34, 'title', 'basic');
INSERT OR IGNORE INTO search_terms (term, product_id, field, representation) VALUES ('tsunkh', 34, 'title', 'basic');
INSERT OR IGNORE INTO search_deletion_keys (deletion_key, term, product_id, field, representation) VALUES ('tsunkh', 'tsunkh', 34, 'title', 'basic');
INSERT OR IGNORE INTO search_deletion_keys (deletion_key, term, product_id, field, representation) VALUES ('sunkh', 'tsunkh', 34, 'title', 'basic');
INSERT OR IGNORE INTO search_deletion_keys (deletion_key, term, product_id, field, representation) VALUES ('tunkh', 'tsunkh', 34, 'title', 'basic');
INSERT OR IGNORE INTO search_deletion_keys (deletion_key, term, product_id, field, representation) VALUES ('tsnkh', 'tsunkh', 34, 'title', 'basic');
INSERT OR IGNORE INTO search_deletion_keys (deletion_key, term, product_id, field, representation) VALUES ('tsukh', 'tsunkh', 34, 'title', 'basic');
INSERT OR IGNORE INTO search_deletion_keys (deletion_key, term, product_id, field, representation) VALUES ('tsunh', 'tsunkh', 34, 'title', 'basic');
INSERT OR IGNORE INTO search_deletion_keys (deletion_key, term, product_id, field, representation) VALUES ('tsunk', 'tsunkh', 34, 'title', 'basic');
INSERT OR IGNORE INTO search_terms (term, product_id, field, representation) VALUES ('цагаан', 34, 'brand', 'native');
INSERT OR IGNORE INTO search_deletion_keys (deletion_key, term, product_id, field, representation) VALUES ('цагаан', 'цагаан', 34, 'brand', 'native');
INSERT OR IGNORE INTO search_deletion_keys (deletion_key, term, product_id, field, representation) VALUES ('агаан', 'цагаан', 34, 'brand', 'native');
INSERT OR IGNORE INTO search_deletion_keys (deletion_key, term, product_id, field, representation) VALUES ('цгаан', 'цагаан', 34, 'brand', 'native');
INSERT OR IGNORE INTO search_deletion_keys (deletion_key, term, product_id, field, representation) VALUES ('цааан', 'цагаан', 34, 'brand', 'native');
INSERT OR IGNORE INTO search_deletion_keys (deletion_key, term, product_id, field, representation) VALUES ('цаган', 'цагаан', 34, 'brand', 'native');
INSERT OR IGNORE INTO search_deletion_keys (deletion_key, term, product_id, field, representation) VALUES ('цагаа', 'цагаан', 34, 'brand', 'native');
INSERT OR IGNORE INTO search_terms (term, product_id, field, representation) VALUES ('tsagaan', 34, 'brand', 'strict');
INSERT OR IGNORE INTO search_deletion_keys (deletion_key, term, product_id, field, representation) VALUES ('tsagaan', 'tsagaan', 34, 'brand', 'strict');
INSERT OR IGNORE INTO search_deletion_keys (deletion_key, term, product_id, field, representation) VALUES ('sagaan', 'tsagaan', 34, 'brand', 'strict');
INSERT OR IGNORE INTO search_deletion_keys (deletion_key, term, product_id, field, representation) VALUES ('tagaan', 'tsagaan', 34, 'brand', 'strict');
INSERT OR IGNORE INTO search_deletion_keys (deletion_key, term, product_id, field, representation) VALUES ('tsgaan', 'tsagaan', 34, 'brand', 'strict');
INSERT OR IGNORE INTO search_deletion_keys (deletion_key, term, product_id, field, representation) VALUES ('tsaaan', 'tsagaan', 34, 'brand', 'strict');
INSERT OR IGNORE INTO search_deletion_keys (deletion_key, term, product_id, field, representation) VALUES ('tsagan', 'tsagaan', 34, 'brand', 'strict');
INSERT OR IGNORE INTO search_deletion_keys (deletion_key, term, product_id, field, representation) VALUES ('tsagaa', 'tsagaan', 34, 'brand', 'strict');
INSERT OR IGNORE INTO search_terms (term, product_id, field, representation) VALUES ('tsagaan', 34, 'brand', 'basic');
INSERT OR IGNORE INTO search_deletion_keys (deletion_key, term, product_id, field, representation) VALUES ('tsagaan', 'tsagaan', 34, 'brand', 'basic');
INSERT OR IGNORE INTO search_deletion_keys (deletion_key, term, product_id, field, representation) VALUES ('sagaan', 'tsagaan', 34, 'brand', 'basic');
INSERT OR IGNORE INTO search_deletion_keys (deletion_key, term, product_id, field, representation) VALUES ('tagaan', 'tsagaan', 34, 'brand', 'basic');
INSERT OR IGNORE INTO search_deletion_keys (deletion_key, term, product_id, field, representation) VALUES ('tsgaan', 'tsagaan', 34, 'brand', 'basic');
INSERT OR IGNORE INTO search_deletion_keys (deletion_key, term, product_id, field, representation) VALUES ('tsaaan', 'tsagaan', 34, 'brand', 'basic');
INSERT OR IGNORE INTO search_deletion_keys (deletion_key, term, product_id, field, representation) VALUES ('tsagan', 'tsagaan', 34, 'brand', 'basic');
INSERT OR IGNORE INTO search_deletion_keys (deletion_key, term, product_id, field, representation) VALUES ('tsagaa', 'tsagaan', 34, 'brand', 'basic');
INSERT OR IGNORE INTO search_terms (term, product_id, field, representation) VALUES ('цүнх', 34, 'category', 'native');
INSERT OR IGNORE INTO search_deletion_keys (deletion_key, term, product_id, field, representation) VALUES ('цүнх', 'цүнх', 34, 'category', 'native');
INSERT OR IGNORE INTO search_deletion_keys (deletion_key, term, product_id, field, representation) VALUES ('үнх', 'цүнх', 34, 'category', 'native');
INSERT OR IGNORE INTO search_deletion_keys (deletion_key, term, product_id, field, representation) VALUES ('цнх', 'цүнх', 34, 'category', 'native');
INSERT OR IGNORE INTO search_deletion_keys (deletion_key, term, product_id, field, representation) VALUES ('цүх', 'цүнх', 34, 'category', 'native');
INSERT OR IGNORE INTO search_deletion_keys (deletion_key, term, product_id, field, representation) VALUES ('цүн', 'цүнх', 34, 'category', 'native');
INSERT OR IGNORE INTO search_terms (term, product_id, field, representation) VALUES ('tsuenkh', 34, 'category', 'strict');
INSERT OR IGNORE INTO search_deletion_keys (deletion_key, term, product_id, field, representation) VALUES ('tsuenkh', 'tsuenkh', 34, 'category', 'strict');
INSERT OR IGNORE INTO search_deletion_keys (deletion_key, term, product_id, field, representation) VALUES ('suenkh', 'tsuenkh', 34, 'category', 'strict');
INSERT OR IGNORE INTO search_deletion_keys (deletion_key, term, product_id, field, representation) VALUES ('tuenkh', 'tsuenkh', 34, 'category', 'strict');
INSERT OR IGNORE INTO search_deletion_keys (deletion_key, term, product_id, field, representation) VALUES ('tsenkh', 'tsuenkh', 34, 'category', 'strict');
INSERT OR IGNORE INTO search_deletion_keys (deletion_key, term, product_id, field, representation) VALUES ('tsunkh', 'tsuenkh', 34, 'category', 'strict');
INSERT OR IGNORE INTO search_deletion_keys (deletion_key, term, product_id, field, representation) VALUES ('tsuekh', 'tsuenkh', 34, 'category', 'strict');
INSERT OR IGNORE INTO search_deletion_keys (deletion_key, term, product_id, field, representation) VALUES ('tsuenh', 'tsuenkh', 34, 'category', 'strict');
INSERT OR IGNORE INTO search_deletion_keys (deletion_key, term, product_id, field, representation) VALUES ('tsuenk', 'tsuenkh', 34, 'category', 'strict');
INSERT OR IGNORE INTO search_terms (term, product_id, field, representation) VALUES ('tsunkh', 34, 'category', 'basic');
INSERT OR IGNORE INTO search_deletion_keys (deletion_key, term, product_id, field, representation) VALUES ('tsunkh', 'tsunkh', 34, 'category', 'basic');
INSERT OR IGNORE INTO search_deletion_keys (deletion_key, term, product_id, field, representation) VALUES ('sunkh', 'tsunkh', 34, 'category', 'basic');
INSERT OR IGNORE INTO search_deletion_keys (deletion_key, term, product_id, field, representation) VALUES ('tunkh', 'tsunkh', 34, 'category', 'basic');
INSERT OR IGNORE INTO search_deletion_keys (deletion_key, term, product_id, field, representation) VALUES ('tsnkh', 'tsunkh', 34, 'category', 'basic');
INSERT OR IGNORE INTO search_deletion_keys (deletion_key, term, product_id, field, representation) VALUES ('tsukh', 'tsunkh', 34, 'category', 'basic');
INSERT OR IGNORE INTO search_deletion_keys (deletion_key, term, product_id, field, representation) VALUES ('tsunh', 'tsunkh', 34, 'category', 'basic');
INSERT OR IGNORE INTO search_deletion_keys (deletion_key, term, product_id, field, representation) VALUES ('tsunk', 'tsunkh', 34, 'category', 'basic');
INSERT INTO products (id, sku, sku_normalized, name, category, tags, price_mnt, strict_key, basic_key, brand, description, available, merchandising_position) VALUES (35, 'HV-Ү-035', 'hvү035', 'Үзэгний сав', 'Бичиг хэрэг', 'үзэг, сав', 71500, 'үзэгний сав бичиг хэрэг үзэг сав hv ү 035 üzegniy sav bichig khereg üzeg sav hv ü 035', 'үзэгний сав бичиг хэрэг үзэг сав hv ү 035 uzegnii sav bichig khereg uzeg sav hv u 035', 'Нүүдэл', 'Бичиг хэрэг зориулсан синтетик туршилтын бүтээгдэхүүн үзэг, сав', 1, 35);
INSERT INTO product_search (product_id, name, category, tags, sku, strict_key, basic_key) VALUES (35, 'үзэгний сав üzegniy sav', 'бичиг хэрэг bichig khereg', 'үзэг сав üzeg sav', 'hv ү 035 hv ü 035', 'үзэгний сав бичиг хэрэг үзэг сав hv ү 035 üzegniy sav bichig khereg üzeg sav hv ü 035', 'үзэгний сав бичиг хэрэг үзэг сав hv ү 035 uzegnii sav bichig khereg uzeg sav hv u 035');
INSERT INTO product_search_tiered (product_id, native_key, strict_key, basic_key, sku_key) VALUES (35, 'үзэгний сав бичиг хэрэг үзэг сав hv ү 035', 'uezegniy sav bichig khereg uezeg sav hv ue 035', 'uzegnii uzegniy izegnii izegniy sav bichig hereg khereg uzeg izeg sav hv 035', 'hvү035');
INSERT INTO product_search_resilient (product_id, title_native, brand_native, category_native, tags_native, description_native, title_strict, brand_strict, category_strict, tags_strict, description_strict, title_basic, brand_basic, category_basic, tags_basic, description_basic) VALUES (35, 'үзэгний сав', 'нүүдэл', 'бичиг хэрэг', 'үзэг сав', 'бичиг хэрэг зориулсан синтетик туршилтын бүтээгдэхүүн үзэг сав', 'uezegniy sav', 'nueuedel', 'bichig khereg', 'uezeg sav', 'bichig khereg zoriulsan sintetik turshiltyn bueteegdekhueuen uezeg sav', 'uzegnii uzegniy izegnii izegniy sav', 'nuudel nuidel niudel niidel', 'bichig hereg khereg', 'uzeg izeg sav', 'bichig hereg khereg zoriulsan sintetik turshiltyn buteegdehuun buteegdehuin buteegdehiun buteegdehiin buteegdekhuun buteegdekhuin buteegdekhiun buteegdekhiin uzeg izeg sav');
INSERT OR IGNORE INTO search_terms (term, product_id, field, representation) VALUES ('үзэгний', 35, 'title', 'native');
INSERT OR IGNORE INTO search_deletion_keys (deletion_key, term, product_id, field, representation) VALUES ('үзэгний', 'үзэгний', 35, 'title', 'native');
INSERT OR IGNORE INTO search_deletion_keys (deletion_key, term, product_id, field, representation) VALUES ('зэгний', 'үзэгний', 35, 'title', 'native');
INSERT OR IGNORE INTO search_deletion_keys (deletion_key, term, product_id, field, representation) VALUES ('үэгний', 'үзэгний', 35, 'title', 'native');
INSERT OR IGNORE INTO search_deletion_keys (deletion_key, term, product_id, field, representation) VALUES ('үзгний', 'үзэгний', 35, 'title', 'native');
INSERT OR IGNORE INTO search_deletion_keys (deletion_key, term, product_id, field, representation) VALUES ('үзэний', 'үзэгний', 35, 'title', 'native');
INSERT OR IGNORE INTO search_deletion_keys (deletion_key, term, product_id, field, representation) VALUES ('үзэгий', 'үзэгний', 35, 'title', 'native');
INSERT OR IGNORE INTO search_deletion_keys (deletion_key, term, product_id, field, representation) VALUES ('үзэгнй', 'үзэгний', 35, 'title', 'native');
INSERT OR IGNORE INTO search_deletion_keys (deletion_key, term, product_id, field, representation) VALUES ('үзэгни', 'үзэгний', 35, 'title', 'native');
INSERT OR IGNORE INTO search_terms (term, product_id, field, representation) VALUES ('uezegniy', 35, 'title', 'strict');
INSERT OR IGNORE INTO search_deletion_keys (deletion_key, term, product_id, field, representation) VALUES ('uezegniy', 'uezegniy', 35, 'title', 'strict');
INSERT OR IGNORE INTO search_deletion_keys (deletion_key, term, product_id, field, representation) VALUES ('ezegniy', 'uezegniy', 35, 'title', 'strict');
INSERT OR IGNORE INTO search_deletion_keys (deletion_key, term, product_id, field, representation) VALUES ('uzegniy', 'uezegniy', 35, 'title', 'strict');
INSERT OR IGNORE INTO search_deletion_keys (deletion_key, term, product_id, field, representation) VALUES ('ueegniy', 'uezegniy', 35, 'title', 'strict');
INSERT OR IGNORE INTO search_deletion_keys (deletion_key, term, product_id, field, representation) VALUES ('uezgniy', 'uezegniy', 35, 'title', 'strict');
INSERT OR IGNORE INTO search_deletion_keys (deletion_key, term, product_id, field, representation) VALUES ('uezeniy', 'uezegniy', 35, 'title', 'strict');
INSERT OR IGNORE INTO search_deletion_keys (deletion_key, term, product_id, field, representation) VALUES ('uezegiy', 'uezegniy', 35, 'title', 'strict');
INSERT OR IGNORE INTO search_deletion_keys (deletion_key, term, product_id, field, representation) VALUES ('uezegny', 'uezegniy', 35, 'title', 'strict');
INSERT OR IGNORE INTO search_deletion_keys (deletion_key, term, product_id, field, representation) VALUES ('uezegni', 'uezegniy', 35, 'title', 'strict');
INSERT OR IGNORE INTO search_terms (term, product_id, field, representation) VALUES ('uzegnii', 35, 'title', 'basic');
INSERT OR IGNORE INTO search_deletion_keys (deletion_key, term, product_id, field, representation) VALUES ('uzegnii', 'uzegnii', 35, 'title', 'basic');
INSERT OR IGNORE INTO search_deletion_keys (deletion_key, term, product_id, field, representation) VALUES ('zegnii', 'uzegnii', 35, 'title', 'basic');
INSERT OR IGNORE INTO search_deletion_keys (deletion_key, term, product_id, field, representation) VALUES ('uegnii', 'uzegnii', 35, 'title', 'basic');
INSERT OR IGNORE INTO search_deletion_keys (deletion_key, term, product_id, field, representation) VALUES ('uzgnii', 'uzegnii', 35, 'title', 'basic');
INSERT OR IGNORE INTO search_deletion_keys (deletion_key, term, product_id, field, representation) VALUES ('uzenii', 'uzegnii', 35, 'title', 'basic');
INSERT OR IGNORE INTO search_deletion_keys (deletion_key, term, product_id, field, representation) VALUES ('uzegii', 'uzegnii', 35, 'title', 'basic');
INSERT OR IGNORE INTO search_deletion_keys (deletion_key, term, product_id, field, representation) VALUES ('uzegni', 'uzegnii', 35, 'title', 'basic');
INSERT OR IGNORE INTO search_terms (term, product_id, field, representation) VALUES ('нүүдэл', 35, 'brand', 'native');
INSERT OR IGNORE INTO search_deletion_keys (deletion_key, term, product_id, field, representation) VALUES ('нүүдэл', 'нүүдэл', 35, 'brand', 'native');
INSERT OR IGNORE INTO search_deletion_keys (deletion_key, term, product_id, field, representation) VALUES ('үүдэл', 'нүүдэл', 35, 'brand', 'native');
INSERT OR IGNORE INTO search_deletion_keys (deletion_key, term, product_id, field, representation) VALUES ('нүдэл', 'нүүдэл', 35, 'brand', 'native');
INSERT OR IGNORE INTO search_deletion_keys (deletion_key, term, product_id, field, representation) VALUES ('нүүэл', 'нүүдэл', 35, 'brand', 'native');
INSERT OR IGNORE INTO search_deletion_keys (deletion_key, term, product_id, field, representation) VALUES ('нүүдл', 'нүүдэл', 35, 'brand', 'native');
INSERT OR IGNORE INTO search_deletion_keys (deletion_key, term, product_id, field, representation) VALUES ('нүүдэ', 'нүүдэл', 35, 'brand', 'native');
INSERT OR IGNORE INTO search_terms (term, product_id, field, representation) VALUES ('nueuedel', 35, 'brand', 'strict');
INSERT OR IGNORE INTO search_deletion_keys (deletion_key, term, product_id, field, representation) VALUES ('nueuedel', 'nueuedel', 35, 'brand', 'strict');
INSERT OR IGNORE INTO search_deletion_keys (deletion_key, term, product_id, field, representation) VALUES ('ueuedel', 'nueuedel', 35, 'brand', 'strict');
INSERT OR IGNORE INTO search_deletion_keys (deletion_key, term, product_id, field, representation) VALUES ('neuedel', 'nueuedel', 35, 'brand', 'strict');
INSERT OR IGNORE INTO search_deletion_keys (deletion_key, term, product_id, field, representation) VALUES ('nuuedel', 'nueuedel', 35, 'brand', 'strict');
INSERT OR IGNORE INTO search_deletion_keys (deletion_key, term, product_id, field, representation) VALUES ('nueedel', 'nueuedel', 35, 'brand', 'strict');
INSERT OR IGNORE INTO search_deletion_keys (deletion_key, term, product_id, field, representation) VALUES ('nueudel', 'nueuedel', 35, 'brand', 'strict');
INSERT OR IGNORE INTO search_deletion_keys (deletion_key, term, product_id, field, representation) VALUES ('nueueel', 'nueuedel', 35, 'brand', 'strict');
INSERT OR IGNORE INTO search_deletion_keys (deletion_key, term, product_id, field, representation) VALUES ('nueuedl', 'nueuedel', 35, 'brand', 'strict');
INSERT OR IGNORE INTO search_deletion_keys (deletion_key, term, product_id, field, representation) VALUES ('nueuede', 'nueuedel', 35, 'brand', 'strict');
INSERT OR IGNORE INTO search_terms (term, product_id, field, representation) VALUES ('nuudel', 35, 'brand', 'basic');
INSERT OR IGNORE INTO search_deletion_keys (deletion_key, term, product_id, field, representation) VALUES ('nuudel', 'nuudel', 35, 'brand', 'basic');
INSERT OR IGNORE INTO search_deletion_keys (deletion_key, term, product_id, field, representation) VALUES ('uudel', 'nuudel', 35, 'brand', 'basic');
INSERT OR IGNORE INTO search_deletion_keys (deletion_key, term, product_id, field, representation) VALUES ('nudel', 'nuudel', 35, 'brand', 'basic');
INSERT OR IGNORE INTO search_deletion_keys (deletion_key, term, product_id, field, representation) VALUES ('nuuel', 'nuudel', 35, 'brand', 'basic');
INSERT OR IGNORE INTO search_deletion_keys (deletion_key, term, product_id, field, representation) VALUES ('nuudl', 'nuudel', 35, 'brand', 'basic');
INSERT OR IGNORE INTO search_deletion_keys (deletion_key, term, product_id, field, representation) VALUES ('nuude', 'nuudel', 35, 'brand', 'basic');
INSERT OR IGNORE INTO search_terms (term, product_id, field, representation) VALUES ('бичиг', 35, 'category', 'native');
INSERT OR IGNORE INTO search_deletion_keys (deletion_key, term, product_id, field, representation) VALUES ('бичиг', 'бичиг', 35, 'category', 'native');
INSERT OR IGNORE INTO search_deletion_keys (deletion_key, term, product_id, field, representation) VALUES ('ичиг', 'бичиг', 35, 'category', 'native');
INSERT OR IGNORE INTO search_deletion_keys (deletion_key, term, product_id, field, representation) VALUES ('бчиг', 'бичиг', 35, 'category', 'native');
INSERT OR IGNORE INTO search_deletion_keys (deletion_key, term, product_id, field, representation) VALUES ('бииг', 'бичиг', 35, 'category', 'native');
INSERT OR IGNORE INTO search_deletion_keys (deletion_key, term, product_id, field, representation) VALUES ('бичг', 'бичиг', 35, 'category', 'native');
INSERT OR IGNORE INTO search_deletion_keys (deletion_key, term, product_id, field, representation) VALUES ('бичи', 'бичиг', 35, 'category', 'native');
INSERT OR IGNORE INTO search_terms (term, product_id, field, representation) VALUES ('хэрэг', 35, 'category', 'native');
INSERT OR IGNORE INTO search_deletion_keys (deletion_key, term, product_id, field, representation) VALUES ('хэрэг', 'хэрэг', 35, 'category', 'native');
INSERT OR IGNORE INTO search_deletion_keys (deletion_key, term, product_id, field, representation) VALUES ('эрэг', 'хэрэг', 35, 'category', 'native');
INSERT OR IGNORE INTO search_deletion_keys (deletion_key, term, product_id, field, representation) VALUES ('хрэг', 'хэрэг', 35, 'category', 'native');
INSERT OR IGNORE INTO search_deletion_keys (deletion_key, term, product_id, field, representation) VALUES ('хээг', 'хэрэг', 35, 'category', 'native');
INSERT OR IGNORE INTO search_deletion_keys (deletion_key, term, product_id, field, representation) VALUES ('хэрг', 'хэрэг', 35, 'category', 'native');
INSERT OR IGNORE INTO search_deletion_keys (deletion_key, term, product_id, field, representation) VALUES ('хэрэ', 'хэрэг', 35, 'category', 'native');
INSERT OR IGNORE INTO search_terms (term, product_id, field, representation) VALUES ('bichig', 35, 'category', 'strict');
INSERT OR IGNORE INTO search_deletion_keys (deletion_key, term, product_id, field, representation) VALUES ('bichig', 'bichig', 35, 'category', 'strict');
INSERT OR IGNORE INTO search_deletion_keys (deletion_key, term, product_id, field, representation) VALUES ('ichig', 'bichig', 35, 'category', 'strict');
INSERT OR IGNORE INTO search_deletion_keys (deletion_key, term, product_id, field, representation) VALUES ('bchig', 'bichig', 35, 'category', 'strict');
INSERT OR IGNORE INTO search_deletion_keys (deletion_key, term, product_id, field, representation) VALUES ('bihig', 'bichig', 35, 'category', 'strict');
INSERT OR IGNORE INTO search_deletion_keys (deletion_key, term, product_id, field, representation) VALUES ('bicig', 'bichig', 35, 'category', 'strict');
INSERT OR IGNORE INTO search_deletion_keys (deletion_key, term, product_id, field, representation) VALUES ('bichg', 'bichig', 35, 'category', 'strict');
INSERT OR IGNORE INTO search_deletion_keys (deletion_key, term, product_id, field, representation) VALUES ('bichi', 'bichig', 35, 'category', 'strict');
INSERT OR IGNORE INTO search_terms (term, product_id, field, representation) VALUES ('khereg', 35, 'category', 'strict');
INSERT OR IGNORE INTO search_deletion_keys (deletion_key, term, product_id, field, representation) VALUES ('khereg', 'khereg', 35, 'category', 'strict');
INSERT OR IGNORE INTO search_deletion_keys (deletion_key, term, product_id, field, representation) VALUES ('hereg', 'khereg', 35, 'category', 'strict');
INSERT OR IGNORE INTO search_deletion_keys (deletion_key, term, product_id, field, representation) VALUES ('kereg', 'khereg', 35, 'category', 'strict');
INSERT OR IGNORE INTO search_deletion_keys (deletion_key, term, product_id, field, representation) VALUES ('khreg', 'khereg', 35, 'category', 'strict');
INSERT OR IGNORE INTO search_deletion_keys (deletion_key, term, product_id, field, representation) VALUES ('kheeg', 'khereg', 35, 'category', 'strict');
INSERT OR IGNORE INTO search_deletion_keys (deletion_key, term, product_id, field, representation) VALUES ('kherg', 'khereg', 35, 'category', 'strict');
INSERT OR IGNORE INTO search_deletion_keys (deletion_key, term, product_id, field, representation) VALUES ('khere', 'khereg', 35, 'category', 'strict');
INSERT OR IGNORE INTO search_terms (term, product_id, field, representation) VALUES ('bichig', 35, 'category', 'basic');
INSERT OR IGNORE INTO search_deletion_keys (deletion_key, term, product_id, field, representation) VALUES ('bichig', 'bichig', 35, 'category', 'basic');
INSERT OR IGNORE INTO search_deletion_keys (deletion_key, term, product_id, field, representation) VALUES ('ichig', 'bichig', 35, 'category', 'basic');
INSERT OR IGNORE INTO search_deletion_keys (deletion_key, term, product_id, field, representation) VALUES ('bchig', 'bichig', 35, 'category', 'basic');
INSERT OR IGNORE INTO search_deletion_keys (deletion_key, term, product_id, field, representation) VALUES ('bihig', 'bichig', 35, 'category', 'basic');
INSERT OR IGNORE INTO search_deletion_keys (deletion_key, term, product_id, field, representation) VALUES ('bicig', 'bichig', 35, 'category', 'basic');
INSERT OR IGNORE INTO search_deletion_keys (deletion_key, term, product_id, field, representation) VALUES ('bichg', 'bichig', 35, 'category', 'basic');
INSERT OR IGNORE INTO search_deletion_keys (deletion_key, term, product_id, field, representation) VALUES ('bichi', 'bichig', 35, 'category', 'basic');
INSERT OR IGNORE INTO search_terms (term, product_id, field, representation) VALUES ('khereg', 35, 'category', 'basic');
INSERT OR IGNORE INTO search_deletion_keys (deletion_key, term, product_id, field, representation) VALUES ('khereg', 'khereg', 35, 'category', 'basic');
INSERT OR IGNORE INTO search_deletion_keys (deletion_key, term, product_id, field, representation) VALUES ('hereg', 'khereg', 35, 'category', 'basic');
INSERT OR IGNORE INTO search_deletion_keys (deletion_key, term, product_id, field, representation) VALUES ('kereg', 'khereg', 35, 'category', 'basic');
INSERT OR IGNORE INTO search_deletion_keys (deletion_key, term, product_id, field, representation) VALUES ('khreg', 'khereg', 35, 'category', 'basic');
INSERT OR IGNORE INTO search_deletion_keys (deletion_key, term, product_id, field, representation) VALUES ('kheeg', 'khereg', 35, 'category', 'basic');
INSERT OR IGNORE INTO search_deletion_keys (deletion_key, term, product_id, field, representation) VALUES ('kherg', 'khereg', 35, 'category', 'basic');
INSERT OR IGNORE INTO search_deletion_keys (deletion_key, term, product_id, field, representation) VALUES ('khere', 'khereg', 35, 'category', 'basic');
INSERT INTO products (id, sku, sku_normalized, name, category, tags, price_mnt, strict_key, basic_key, brand, description, available, merchandising_position) VALUES (36, 'HV-Ё-036', 'hvё036', 'Ёслолын бүс', 'Дагалдах', 'ёслол, бүс', 73250, 'ёслолын бүс дагалдах ёслол бүс hv ё 036 yoslolyn büs dagaldakh yoslol büs hv yo 036', 'ёслолын бүс дагалдах ёслол бүс hv ё 036 ioslolin bus dagaldakh ioslol bus hv io 036', 'Талын Од', 'Дагалдах зориулсан синтетик туршилтын бүтээгдэхүүн ёслол, бүс', 1, 36);
INSERT INTO product_search (product_id, name, category, tags, sku, strict_key, basic_key) VALUES (36, 'ёслолын бүс yoslolyn büs', 'дагалдах dagaldakh', 'ёслол бүс yoslol büs', 'hv ё 036 hv yo 036', 'ёслолын бүс дагалдах ёслол бүс hv ё 036 yoslolyn büs dagaldakh yoslol büs hv yo 036', 'ёслолын бүс дагалдах ёслол бүс hv ё 036 ioslolin bus dagaldakh ioslol bus hv io 036');
INSERT INTO product_search_tiered (product_id, native_key, strict_key, basic_key, sku_key) VALUES (36, 'ёслолын бүс дагалдах ёслол бүс hv ё 036', 'yoslolyn bues dagaldakh yoslol bues hv yo 036', 'yoslolyn eoslolyn bus bis dagaldah dagaldakh yoslol eoslol bus bis hv 036', 'hvё036');
INSERT INTO product_search_resilient (product_id, title_native, brand_native, category_native, tags_native, description_native, title_strict, brand_strict, category_strict, tags_strict, description_strict, title_basic, brand_basic, category_basic, tags_basic, description_basic) VALUES (36, 'ёслолын бүс', 'талын од', 'дагалдах', 'ёслол бүс', 'дагалдах зориулсан синтетик туршилтын бүтээгдэхүүн ёслол бүс', 'yoslolyn bues', 'talyn od', 'dagaldakh', 'yoslol bues', 'dagaldakh zoriulsan sintetik turshiltyn bueteegdekhueuen yoslol bues', 'yoslolyn eoslolyn bus bis', 'talyn od', 'dagaldah dagaldakh', 'yoslol eoslol bus bis', 'dagaldah dagaldakh zoriulsan sintetik turshiltyn buteegdehuun buteegdehuin buteegdehiun buteegdehiin buteegdekhuun buteegdekhuin buteegdekhiun buteegdekhiin yoslol eoslol bus bis');
INSERT OR IGNORE INTO search_terms (term, product_id, field, representation) VALUES ('ёслолын', 36, 'title', 'native');
INSERT OR IGNORE INTO search_deletion_keys (deletion_key, term, product_id, field, representation) VALUES ('ёслолын', 'ёслолын', 36, 'title', 'native');
INSERT OR IGNORE INTO search_deletion_keys (deletion_key, term, product_id, field, representation) VALUES ('слолын', 'ёслолын', 36, 'title', 'native');
INSERT OR IGNORE INTO search_deletion_keys (deletion_key, term, product_id, field, representation) VALUES ('ёлолын', 'ёслолын', 36, 'title', 'native');
INSERT OR IGNORE INTO search_deletion_keys (deletion_key, term, product_id, field, representation) VALUES ('ёсолын', 'ёслолын', 36, 'title', 'native');
INSERT OR IGNORE INTO search_deletion_keys (deletion_key, term, product_id, field, representation) VALUES ('ёсллын', 'ёслолын', 36, 'title', 'native');
INSERT OR IGNORE INTO search_deletion_keys (deletion_key, term, product_id, field, representation) VALUES ('ёслоын', 'ёслолын', 36, 'title', 'native');
INSERT OR IGNORE INTO search_deletion_keys (deletion_key, term, product_id, field, representation) VALUES ('ёслолн', 'ёслолын', 36, 'title', 'native');
INSERT OR IGNORE INTO search_deletion_keys (deletion_key, term, product_id, field, representation) VALUES ('ёслолы', 'ёслолын', 36, 'title', 'native');
INSERT OR IGNORE INTO search_terms (term, product_id, field, representation) VALUES ('yoslolyn', 36, 'title', 'strict');
INSERT OR IGNORE INTO search_deletion_keys (deletion_key, term, product_id, field, representation) VALUES ('yoslolyn', 'yoslolyn', 36, 'title', 'strict');
INSERT OR IGNORE INTO search_deletion_keys (deletion_key, term, product_id, field, representation) VALUES ('oslolyn', 'yoslolyn', 36, 'title', 'strict');
INSERT OR IGNORE INTO search_deletion_keys (deletion_key, term, product_id, field, representation) VALUES ('yslolyn', 'yoslolyn', 36, 'title', 'strict');
INSERT OR IGNORE INTO search_deletion_keys (deletion_key, term, product_id, field, representation) VALUES ('yololyn', 'yoslolyn', 36, 'title', 'strict');
INSERT OR IGNORE INTO search_deletion_keys (deletion_key, term, product_id, field, representation) VALUES ('yosolyn', 'yoslolyn', 36, 'title', 'strict');
INSERT OR IGNORE INTO search_deletion_keys (deletion_key, term, product_id, field, representation) VALUES ('yosllyn', 'yoslolyn', 36, 'title', 'strict');
INSERT OR IGNORE INTO search_deletion_keys (deletion_key, term, product_id, field, representation) VALUES ('yosloyn', 'yoslolyn', 36, 'title', 'strict');
INSERT OR IGNORE INTO search_deletion_keys (deletion_key, term, product_id, field, representation) VALUES ('yosloln', 'yoslolyn', 36, 'title', 'strict');
INSERT OR IGNORE INTO search_deletion_keys (deletion_key, term, product_id, field, representation) VALUES ('yosloly', 'yoslolyn', 36, 'title', 'strict');
INSERT OR IGNORE INTO search_terms (term, product_id, field, representation) VALUES ('bues', 36, 'title', 'strict');
INSERT OR IGNORE INTO search_deletion_keys (deletion_key, term, product_id, field, representation) VALUES ('bues', 'bues', 36, 'title', 'strict');
INSERT OR IGNORE INTO search_deletion_keys (deletion_key, term, product_id, field, representation) VALUES ('ues', 'bues', 36, 'title', 'strict');
INSERT OR IGNORE INTO search_deletion_keys (deletion_key, term, product_id, field, representation) VALUES ('bes', 'bues', 36, 'title', 'strict');
INSERT OR IGNORE INTO search_deletion_keys (deletion_key, term, product_id, field, representation) VALUES ('bus', 'bues', 36, 'title', 'strict');
INSERT OR IGNORE INTO search_deletion_keys (deletion_key, term, product_id, field, representation) VALUES ('bue', 'bues', 36, 'title', 'strict');
INSERT OR IGNORE INTO search_terms (term, product_id, field, representation) VALUES ('ioslolin', 36, 'title', 'basic');
INSERT OR IGNORE INTO search_deletion_keys (deletion_key, term, product_id, field, representation) VALUES ('ioslolin', 'ioslolin', 36, 'title', 'basic');
INSERT OR IGNORE INTO search_deletion_keys (deletion_key, term, product_id, field, representation) VALUES ('oslolin', 'ioslolin', 36, 'title', 'basic');
INSERT OR IGNORE INTO search_deletion_keys (deletion_key, term, product_id, field, representation) VALUES ('islolin', 'ioslolin', 36, 'title', 'basic');
INSERT OR IGNORE INTO search_deletion_keys (deletion_key, term, product_id, field, representation) VALUES ('iololin', 'ioslolin', 36, 'title', 'basic');
INSERT OR IGNORE INTO search_deletion_keys (deletion_key, term, product_id, field, representation) VALUES ('iosolin', 'ioslolin', 36, 'title', 'basic');
INSERT OR IGNORE INTO search_deletion_keys (deletion_key, term, product_id, field, representation) VALUES ('iosllin', 'ioslolin', 36, 'title', 'basic');
INSERT OR IGNORE INTO search_deletion_keys (deletion_key, term, product_id, field, representation) VALUES ('iosloin', 'ioslolin', 36, 'title', 'basic');
INSERT OR IGNORE INTO search_deletion_keys (deletion_key, term, product_id, field, representation) VALUES ('iosloln', 'ioslolin', 36, 'title', 'basic');
INSERT OR IGNORE INTO search_deletion_keys (deletion_key, term, product_id, field, representation) VALUES ('iosloli', 'ioslolin', 36, 'title', 'basic');
INSERT OR IGNORE INTO search_terms (term, product_id, field, representation) VALUES ('талын', 36, 'brand', 'native');
INSERT OR IGNORE INTO search_deletion_keys (deletion_key, term, product_id, field, representation) VALUES ('талын', 'талын', 36, 'brand', 'native');
INSERT OR IGNORE INTO search_deletion_keys (deletion_key, term, product_id, field, representation) VALUES ('алын', 'талын', 36, 'brand', 'native');
INSERT OR IGNORE INTO search_deletion_keys (deletion_key, term, product_id, field, representation) VALUES ('тлын', 'талын', 36, 'brand', 'native');
INSERT OR IGNORE INTO search_deletion_keys (deletion_key, term, product_id, field, representation) VALUES ('таын', 'талын', 36, 'brand', 'native');
INSERT OR IGNORE INTO search_deletion_keys (deletion_key, term, product_id, field, representation) VALUES ('талн', 'талын', 36, 'brand', 'native');
INSERT OR IGNORE INTO search_deletion_keys (deletion_key, term, product_id, field, representation) VALUES ('талы', 'талын', 36, 'brand', 'native');
INSERT OR IGNORE INTO search_terms (term, product_id, field, representation) VALUES ('talyn', 36, 'brand', 'strict');
INSERT OR IGNORE INTO search_deletion_keys (deletion_key, term, product_id, field, representation) VALUES ('talyn', 'talyn', 36, 'brand', 'strict');
INSERT OR IGNORE INTO search_deletion_keys (deletion_key, term, product_id, field, representation) VALUES ('alyn', 'talyn', 36, 'brand', 'strict');
INSERT OR IGNORE INTO search_deletion_keys (deletion_key, term, product_id, field, representation) VALUES ('tlyn', 'talyn', 36, 'brand', 'strict');
INSERT OR IGNORE INTO search_deletion_keys (deletion_key, term, product_id, field, representation) VALUES ('tayn', 'talyn', 36, 'brand', 'strict');
INSERT OR IGNORE INTO search_deletion_keys (deletion_key, term, product_id, field, representation) VALUES ('taln', 'talyn', 36, 'brand', 'strict');
INSERT OR IGNORE INTO search_deletion_keys (deletion_key, term, product_id, field, representation) VALUES ('taly', 'talyn', 36, 'brand', 'strict');
INSERT OR IGNORE INTO search_terms (term, product_id, field, representation) VALUES ('talin', 36, 'brand', 'basic');
INSERT OR IGNORE INTO search_deletion_keys (deletion_key, term, product_id, field, representation) VALUES ('talin', 'talin', 36, 'brand', 'basic');
INSERT OR IGNORE INTO search_deletion_keys (deletion_key, term, product_id, field, representation) VALUES ('alin', 'talin', 36, 'brand', 'basic');
INSERT OR IGNORE INTO search_deletion_keys (deletion_key, term, product_id, field, representation) VALUES ('tlin', 'talin', 36, 'brand', 'basic');
INSERT OR IGNORE INTO search_deletion_keys (deletion_key, term, product_id, field, representation) VALUES ('tain', 'talin', 36, 'brand', 'basic');
INSERT OR IGNORE INTO search_deletion_keys (deletion_key, term, product_id, field, representation) VALUES ('taln', 'talin', 36, 'brand', 'basic');
INSERT OR IGNORE INTO search_deletion_keys (deletion_key, term, product_id, field, representation) VALUES ('tali', 'talin', 36, 'brand', 'basic');
INSERT OR IGNORE INTO search_terms (term, product_id, field, representation) VALUES ('дагалдах', 36, 'category', 'native');
INSERT OR IGNORE INTO search_deletion_keys (deletion_key, term, product_id, field, representation) VALUES ('дагалдах', 'дагалдах', 36, 'category', 'native');
INSERT OR IGNORE INTO search_deletion_keys (deletion_key, term, product_id, field, representation) VALUES ('агалдах', 'дагалдах', 36, 'category', 'native');
INSERT OR IGNORE INTO search_deletion_keys (deletion_key, term, product_id, field, representation) VALUES ('дгалдах', 'дагалдах', 36, 'category', 'native');
INSERT OR IGNORE INTO search_deletion_keys (deletion_key, term, product_id, field, representation) VALUES ('даалдах', 'дагалдах', 36, 'category', 'native');
INSERT OR IGNORE INTO search_deletion_keys (deletion_key, term, product_id, field, representation) VALUES ('даглдах', 'дагалдах', 36, 'category', 'native');
INSERT OR IGNORE INTO search_deletion_keys (deletion_key, term, product_id, field, representation) VALUES ('дагадах', 'дагалдах', 36, 'category', 'native');
INSERT OR IGNORE INTO search_deletion_keys (deletion_key, term, product_id, field, representation) VALUES ('дагалах', 'дагалдах', 36, 'category', 'native');
INSERT OR IGNORE INTO search_deletion_keys (deletion_key, term, product_id, field, representation) VALUES ('дагалдх', 'дагалдах', 36, 'category', 'native');
INSERT OR IGNORE INTO search_deletion_keys (deletion_key, term, product_id, field, representation) VALUES ('дагалда', 'дагалдах', 36, 'category', 'native');
INSERT OR IGNORE INTO search_terms (term, product_id, field, representation) VALUES ('dagaldakh', 36, 'category', 'strict');
INSERT OR IGNORE INTO search_deletion_keys (deletion_key, term, product_id, field, representation) VALUES ('dagaldakh', 'dagaldakh', 36, 'category', 'strict');
INSERT OR IGNORE INTO search_deletion_keys (deletion_key, term, product_id, field, representation) VALUES ('agaldakh', 'dagaldakh', 36, 'category', 'strict');
INSERT OR IGNORE INTO search_deletion_keys (deletion_key, term, product_id, field, representation) VALUES ('dgaldakh', 'dagaldakh', 36, 'category', 'strict');
INSERT OR IGNORE INTO search_deletion_keys (deletion_key, term, product_id, field, representation) VALUES ('daaldakh', 'dagaldakh', 36, 'category', 'strict');
INSERT OR IGNORE INTO search_deletion_keys (deletion_key, term, product_id, field, representation) VALUES ('dagldakh', 'dagaldakh', 36, 'category', 'strict');
INSERT OR IGNORE INTO search_deletion_keys (deletion_key, term, product_id, field, representation) VALUES ('dagadakh', 'dagaldakh', 36, 'category', 'strict');
INSERT OR IGNORE INTO search_deletion_keys (deletion_key, term, product_id, field, representation) VALUES ('dagalakh', 'dagaldakh', 36, 'category', 'strict');
INSERT OR IGNORE INTO search_deletion_keys (deletion_key, term, product_id, field, representation) VALUES ('dagaldkh', 'dagaldakh', 36, 'category', 'strict');
INSERT OR IGNORE INTO search_deletion_keys (deletion_key, term, product_id, field, representation) VALUES ('dagaldah', 'dagaldakh', 36, 'category', 'strict');
INSERT OR IGNORE INTO search_deletion_keys (deletion_key, term, product_id, field, representation) VALUES ('dagaldak', 'dagaldakh', 36, 'category', 'strict');
INSERT OR IGNORE INTO search_terms (term, product_id, field, representation) VALUES ('dagaldakh', 36, 'category', 'basic');
INSERT OR IGNORE INTO search_deletion_keys (deletion_key, term, product_id, field, representation) VALUES ('dagaldakh', 'dagaldakh', 36, 'category', 'basic');
INSERT OR IGNORE INTO search_deletion_keys (deletion_key, term, product_id, field, representation) VALUES ('agaldakh', 'dagaldakh', 36, 'category', 'basic');
INSERT OR IGNORE INTO search_deletion_keys (deletion_key, term, product_id, field, representation) VALUES ('dgaldakh', 'dagaldakh', 36, 'category', 'basic');
INSERT OR IGNORE INTO search_deletion_keys (deletion_key, term, product_id, field, representation) VALUES ('daaldakh', 'dagaldakh', 36, 'category', 'basic');
INSERT OR IGNORE INTO search_deletion_keys (deletion_key, term, product_id, field, representation) VALUES ('dagldakh', 'dagaldakh', 36, 'category', 'basic');
INSERT OR IGNORE INTO search_deletion_keys (deletion_key, term, product_id, field, representation) VALUES ('dagadakh', 'dagaldakh', 36, 'category', 'basic');
INSERT OR IGNORE INTO search_deletion_keys (deletion_key, term, product_id, field, representation) VALUES ('dagalakh', 'dagaldakh', 36, 'category', 'basic');
INSERT OR IGNORE INTO search_deletion_keys (deletion_key, term, product_id, field, representation) VALUES ('dagaldkh', 'dagaldakh', 36, 'category', 'basic');
INSERT OR IGNORE INTO search_deletion_keys (deletion_key, term, product_id, field, representation) VALUES ('dagaldah', 'dagaldakh', 36, 'category', 'basic');
INSERT OR IGNORE INTO search_deletion_keys (deletion_key, term, product_id, field, representation) VALUES ('dagaldak', 'dagaldakh', 36, 'category', 'basic');
INSERT INTO products (id, sku, sku_normalized, name, category, tags, price_mnt, strict_key, basic_key, brand, description, available, merchandising_position) VALUES (37, 'HV-Ц-037', 'hvц037', 'Цахилгаан данх', 'Гэр ахуй', 'данх, цахилгаан', 75000, 'цахилгаан данх гэр ахуй данх цахилгаан hv ц 037 tsakhilgaan dankh ger akhuy dankh tsakhilgaan hv ts 037', 'цахилгаан данх гэр ахуй данх цахилгаан hv ц 037 tsakhilgaan dankh ger akhui dankh tsakhilgaan hv ts 037', 'Хөх Тэнгэр', 'Гэр ахуй зориулсан синтетик туршилтын бүтээгдэхүүн данх, цахилгаан', 1, 37);
INSERT INTO product_search (product_id, name, category, tags, sku, strict_key, basic_key) VALUES (37, 'цахилгаан данх tsakhilgaan dankh', 'гэр ахуй ger akhuy', 'данх цахилгаан dankh tsakhilgaan', 'hv ц 037 hv ts 037', 'цахилгаан данх гэр ахуй данх цахилгаан hv ц 037 tsakhilgaan dankh ger akhuy dankh tsakhilgaan hv ts 037', 'цахилгаан данх гэр ахуй данх цахилгаан hv ц 037 tsakhilgaan dankh ger akhui dankh tsakhilgaan hv ts 037');
INSERT INTO product_search_tiered (product_id, native_key, strict_key, basic_key, sku_key) VALUES (37, 'цахилгаан данх гэр ахуй данх цахилгаан hv ц 037', 'tsakhilgaan dankh ger akhuy dankh tsakhilgaan hv ts 037', 'cahilgaan cakhilgaan tsahilgaan tsakhilgaan danh dankh ger ahui ahuy akhui akhuy danh dankh cahilgaan cakhilgaan tsahilgaan tsakhilgaan hv 037', 'hvц037');
INSERT INTO product_search_resilient (product_id, title_native, brand_native, category_native, tags_native, description_native, title_strict, brand_strict, category_strict, tags_strict, description_strict, title_basic, brand_basic, category_basic, tags_basic, description_basic) VALUES (37, 'цахилгаан данх', 'хөх тэнгэр', 'гэр ахуй', 'данх цахилгаан', 'гэр ахуй зориулсан синтетик туршилтын бүтээгдэхүүн данх цахилгаан', 'tsakhilgaan dankh', 'khoekh tenger', 'ger akhuy', 'dankh tsakhilgaan', 'ger akhuy zoriulsan sintetik turshiltyn bueteegdekhueuen dankh tsakhilgaan', 'cahilgaan cakhilgaan tsahilgaan tsakhilgaan danh dankh', 'hoh hokh huh hukh khoh khokh khuh khukh tenger', 'ger ahui ahuy akhui akhuy', 'danh dankh cahilgaan cakhilgaan tsahilgaan tsakhilgaan', 'ger ahui ahuy akhui akhuy zoriulsan sintetik turshiltyn buteegdehuun buteegdehuin buteegdehiun buteegdehiin buteegdekhuun buteegdekhuin buteegdekhiun buteegdekhiin danh dankh cahilgaan cakhilgaan tsahilgaan tsakhilgaan');
INSERT OR IGNORE INTO search_terms (term, product_id, field, representation) VALUES ('цахилгаан', 37, 'title', 'native');
INSERT OR IGNORE INTO search_deletion_keys (deletion_key, term, product_id, field, representation) VALUES ('цахилгаан', 'цахилгаан', 37, 'title', 'native');
INSERT OR IGNORE INTO search_deletion_keys (deletion_key, term, product_id, field, representation) VALUES ('ахилгаан', 'цахилгаан', 37, 'title', 'native');
INSERT OR IGNORE INTO search_deletion_keys (deletion_key, term, product_id, field, representation) VALUES ('цхилгаан', 'цахилгаан', 37, 'title', 'native');
INSERT OR IGNORE INTO search_deletion_keys (deletion_key, term, product_id, field, representation) VALUES ('цаилгаан', 'цахилгаан', 37, 'title', 'native');
INSERT OR IGNORE INTO search_deletion_keys (deletion_key, term, product_id, field, representation) VALUES ('цахлгаан', 'цахилгаан', 37, 'title', 'native');
INSERT OR IGNORE INTO search_deletion_keys (deletion_key, term, product_id, field, representation) VALUES ('цахигаан', 'цахилгаан', 37, 'title', 'native');
INSERT OR IGNORE INTO search_deletion_keys (deletion_key, term, product_id, field, representation) VALUES ('цахилаан', 'цахилгаан', 37, 'title', 'native');
INSERT OR IGNORE INTO search_deletion_keys (deletion_key, term, product_id, field, representation) VALUES ('цахилган', 'цахилгаан', 37, 'title', 'native');
INSERT OR IGNORE INTO search_deletion_keys (deletion_key, term, product_id, field, representation) VALUES ('цахилгаа', 'цахилгаан', 37, 'title', 'native');
INSERT OR IGNORE INTO search_terms (term, product_id, field, representation) VALUES ('данх', 37, 'title', 'native');
INSERT OR IGNORE INTO search_deletion_keys (deletion_key, term, product_id, field, representation) VALUES ('данх', 'данх', 37, 'title', 'native');
INSERT OR IGNORE INTO search_deletion_keys (deletion_key, term, product_id, field, representation) VALUES ('анх', 'данх', 37, 'title', 'native');
INSERT OR IGNORE INTO search_deletion_keys (deletion_key, term, product_id, field, representation) VALUES ('днх', 'данх', 37, 'title', 'native');
INSERT OR IGNORE INTO search_deletion_keys (deletion_key, term, product_id, field, representation) VALUES ('дах', 'данх', 37, 'title', 'native');
INSERT OR IGNORE INTO search_deletion_keys (deletion_key, term, product_id, field, representation) VALUES ('дан', 'данх', 37, 'title', 'native');
INSERT OR IGNORE INTO search_terms (term, product_id, field, representation) VALUES ('tsakhilgaan', 37, 'title', 'strict');
INSERT OR IGNORE INTO search_deletion_keys (deletion_key, term, product_id, field, representation) VALUES ('tsakhilgaan', 'tsakhilgaan', 37, 'title', 'strict');
INSERT OR IGNORE INTO search_deletion_keys (deletion_key, term, product_id, field, representation) VALUES ('sakhilgaan', 'tsakhilgaan', 37, 'title', 'strict');
INSERT OR IGNORE INTO search_deletion_keys (deletion_key, term, product_id, field, representation) VALUES ('takhilgaan', 'tsakhilgaan', 37, 'title', 'strict');
INSERT OR IGNORE INTO search_deletion_keys (deletion_key, term, product_id, field, representation) VALUES ('tskhilgaan', 'tsakhilgaan', 37, 'title', 'strict');
INSERT OR IGNORE INTO search_deletion_keys (deletion_key, term, product_id, field, representation) VALUES ('tsahilgaan', 'tsakhilgaan', 37, 'title', 'strict');
INSERT OR IGNORE INTO search_deletion_keys (deletion_key, term, product_id, field, representation) VALUES ('tsakilgaan', 'tsakhilgaan', 37, 'title', 'strict');
INSERT OR IGNORE INTO search_deletion_keys (deletion_key, term, product_id, field, representation) VALUES ('tsakhlgaan', 'tsakhilgaan', 37, 'title', 'strict');
INSERT OR IGNORE INTO search_deletion_keys (deletion_key, term, product_id, field, representation) VALUES ('tsakhigaan', 'tsakhilgaan', 37, 'title', 'strict');
INSERT OR IGNORE INTO search_deletion_keys (deletion_key, term, product_id, field, representation) VALUES ('tsakhilaan', 'tsakhilgaan', 37, 'title', 'strict');
INSERT OR IGNORE INTO search_deletion_keys (deletion_key, term, product_id, field, representation) VALUES ('tsakhilgan', 'tsakhilgaan', 37, 'title', 'strict');
INSERT OR IGNORE INTO search_deletion_keys (deletion_key, term, product_id, field, representation) VALUES ('tsakhilgaa', 'tsakhilgaan', 37, 'title', 'strict');
INSERT OR IGNORE INTO search_terms (term, product_id, field, representation) VALUES ('dankh', 37, 'title', 'strict');
INSERT OR IGNORE INTO search_deletion_keys (deletion_key, term, product_id, field, representation) VALUES ('dankh', 'dankh', 37, 'title', 'strict');
INSERT OR IGNORE INTO search_deletion_keys (deletion_key, term, product_id, field, representation) VALUES ('ankh', 'dankh', 37, 'title', 'strict');
INSERT OR IGNORE INTO search_deletion_keys (deletion_key, term, product_id, field, representation) VALUES ('dnkh', 'dankh', 37, 'title', 'strict');
INSERT OR IGNORE INTO search_deletion_keys (deletion_key, term, product_id, field, representation) VALUES ('dakh', 'dankh', 37, 'title', 'strict');
INSERT OR IGNORE INTO search_deletion_keys (deletion_key, term, product_id, field, representation) VALUES ('danh', 'dankh', 37, 'title', 'strict');
INSERT OR IGNORE INTO search_deletion_keys (deletion_key, term, product_id, field, representation) VALUES ('dank', 'dankh', 37, 'title', 'strict');
INSERT OR IGNORE INTO search_terms (term, product_id, field, representation) VALUES ('tsakhilgaan', 37, 'title', 'basic');
INSERT OR IGNORE INTO search_deletion_keys (deletion_key, term, product_id, field, representation) VALUES ('tsakhilgaan', 'tsakhilgaan', 37, 'title', 'basic');
INSERT OR IGNORE INTO search_deletion_keys (deletion_key, term, product_id, field, representation) VALUES ('sakhilgaan', 'tsakhilgaan', 37, 'title', 'basic');
INSERT OR IGNORE INTO search_deletion_keys (deletion_key, term, product_id, field, representation) VALUES ('takhilgaan', 'tsakhilgaan', 37, 'title', 'basic');
INSERT OR IGNORE INTO search_deletion_keys (deletion_key, term, product_id, field, representation) VALUES ('tskhilgaan', 'tsakhilgaan', 37, 'title', 'basic');
INSERT OR IGNORE INTO search_deletion_keys (deletion_key, term, product_id, field, representation) VALUES ('tsahilgaan', 'tsakhilgaan', 37, 'title', 'basic');
INSERT OR IGNORE INTO search_deletion_keys (deletion_key, term, product_id, field, representation) VALUES ('tsakilgaan', 'tsakhilgaan', 37, 'title', 'basic');
INSERT OR IGNORE INTO search_deletion_keys (deletion_key, term, product_id, field, representation) VALUES ('tsakhlgaan', 'tsakhilgaan', 37, 'title', 'basic');
INSERT OR IGNORE INTO search_deletion_keys (deletion_key, term, product_id, field, representation) VALUES ('tsakhigaan', 'tsakhilgaan', 37, 'title', 'basic');
INSERT OR IGNORE INTO search_deletion_keys (deletion_key, term, product_id, field, representation) VALUES ('tsakhilaan', 'tsakhilgaan', 37, 'title', 'basic');
INSERT OR IGNORE INTO search_deletion_keys (deletion_key, term, product_id, field, representation) VALUES ('tsakhilgan', 'tsakhilgaan', 37, 'title', 'basic');
INSERT OR IGNORE INTO search_deletion_keys (deletion_key, term, product_id, field, representation) VALUES ('tsakhilgaa', 'tsakhilgaan', 37, 'title', 'basic');
INSERT OR IGNORE INTO search_terms (term, product_id, field, representation) VALUES ('dankh', 37, 'title', 'basic');
INSERT OR IGNORE INTO search_deletion_keys (deletion_key, term, product_id, field, representation) VALUES ('dankh', 'dankh', 37, 'title', 'basic');
INSERT OR IGNORE INTO search_deletion_keys (deletion_key, term, product_id, field, representation) VALUES ('ankh', 'dankh', 37, 'title', 'basic');
INSERT OR IGNORE INTO search_deletion_keys (deletion_key, term, product_id, field, representation) VALUES ('dnkh', 'dankh', 37, 'title', 'basic');
INSERT OR IGNORE INTO search_deletion_keys (deletion_key, term, product_id, field, representation) VALUES ('dakh', 'dankh', 37, 'title', 'basic');
INSERT OR IGNORE INTO search_deletion_keys (deletion_key, term, product_id, field, representation) VALUES ('danh', 'dankh', 37, 'title', 'basic');
INSERT OR IGNORE INTO search_deletion_keys (deletion_key, term, product_id, field, representation) VALUES ('dank', 'dankh', 37, 'title', 'basic');
INSERT OR IGNORE INTO search_terms (term, product_id, field, representation) VALUES ('тэнгэр', 37, 'brand', 'native');
INSERT OR IGNORE INTO search_deletion_keys (deletion_key, term, product_id, field, representation) VALUES ('тэнгэр', 'тэнгэр', 37, 'brand', 'native');
INSERT OR IGNORE INTO search_deletion_keys (deletion_key, term, product_id, field, representation) VALUES ('энгэр', 'тэнгэр', 37, 'brand', 'native');
INSERT OR IGNORE INTO search_deletion_keys (deletion_key, term, product_id, field, representation) VALUES ('тнгэр', 'тэнгэр', 37, 'brand', 'native');
INSERT OR IGNORE INTO search_deletion_keys (deletion_key, term, product_id, field, representation) VALUES ('тэгэр', 'тэнгэр', 37, 'brand', 'native');
INSERT OR IGNORE INTO search_deletion_keys (deletion_key, term, product_id, field, representation) VALUES ('тэнэр', 'тэнгэр', 37, 'brand', 'native');
INSERT OR IGNORE INTO search_deletion_keys (deletion_key, term, product_id, field, representation) VALUES ('тэнгр', 'тэнгэр', 37, 'brand', 'native');
INSERT OR IGNORE INTO search_deletion_keys (deletion_key, term, product_id, field, representation) VALUES ('тэнгэ', 'тэнгэр', 37, 'brand', 'native');
INSERT OR IGNORE INTO search_terms (term, product_id, field, representation) VALUES ('khoekh', 37, 'brand', 'strict');
INSERT OR IGNORE INTO search_deletion_keys (deletion_key, term, product_id, field, representation) VALUES ('khoekh', 'khoekh', 37, 'brand', 'strict');
INSERT OR IGNORE INTO search_deletion_keys (deletion_key, term, product_id, field, representation) VALUES ('hoekh', 'khoekh', 37, 'brand', 'strict');
INSERT OR IGNORE INTO search_deletion_keys (deletion_key, term, product_id, field, representation) VALUES ('koekh', 'khoekh', 37, 'brand', 'strict');
INSERT OR IGNORE INTO search_deletion_keys (deletion_key, term, product_id, field, representation) VALUES ('khekh', 'khoekh', 37, 'brand', 'strict');
INSERT OR IGNORE INTO search_deletion_keys (deletion_key, term, product_id, field, representation) VALUES ('khokh', 'khoekh', 37, 'brand', 'strict');
INSERT OR IGNORE INTO search_deletion_keys (deletion_key, term, product_id, field, representation) VALUES ('khoeh', 'khoekh', 37, 'brand', 'strict');
INSERT OR IGNORE INTO search_deletion_keys (deletion_key, term, product_id, field, representation) VALUES ('khoek', 'khoekh', 37, 'brand', 'strict');
INSERT OR IGNORE INTO search_terms (term, product_id, field, representation) VALUES ('tenger', 37, 'brand', 'strict');
INSERT OR IGNORE INTO search_deletion_keys (deletion_key, term, product_id, field, representation) VALUES ('tenger', 'tenger', 37, 'brand', 'strict');
INSERT OR IGNORE INTO search_deletion_keys (deletion_key, term, product_id, field, representation) VALUES ('enger', 'tenger', 37, 'brand', 'strict');
INSERT OR IGNORE INTO search_deletion_keys (deletion_key, term, product_id, field, representation) VALUES ('tnger', 'tenger', 37, 'brand', 'strict');
INSERT OR IGNORE INTO search_deletion_keys (deletion_key, term, product_id, field, representation) VALUES ('teger', 'tenger', 37, 'brand', 'strict');
INSERT OR IGNORE INTO search_deletion_keys (deletion_key, term, product_id, field, representation) VALUES ('tener', 'tenger', 37, 'brand', 'strict');
INSERT OR IGNORE INTO search_deletion_keys (deletion_key, term, product_id, field, representation) VALUES ('tengr', 'tenger', 37, 'brand', 'strict');
INSERT OR IGNORE INTO search_deletion_keys (deletion_key, term, product_id, field, representation) VALUES ('tenge', 'tenger', 37, 'brand', 'strict');
INSERT OR IGNORE INTO search_terms (term, product_id, field, representation) VALUES ('khokh', 37, 'brand', 'basic');
INSERT OR IGNORE INTO search_deletion_keys (deletion_key, term, product_id, field, representation) VALUES ('khokh', 'khokh', 37, 'brand', 'basic');
INSERT OR IGNORE INTO search_deletion_keys (deletion_key, term, product_id, field, representation) VALUES ('hokh', 'khokh', 37, 'brand', 'basic');
INSERT OR IGNORE INTO search_deletion_keys (deletion_key, term, product_id, field, representation) VALUES ('kokh', 'khokh', 37, 'brand', 'basic');
INSERT OR IGNORE INTO search_deletion_keys (deletion_key, term, product_id, field, representation) VALUES ('khkh', 'khokh', 37, 'brand', 'basic');
INSERT OR IGNORE INTO search_deletion_keys (deletion_key, term, product_id, field, representation) VALUES ('khoh', 'khokh', 37, 'brand', 'basic');
INSERT OR IGNORE INTO search_deletion_keys (deletion_key, term, product_id, field, representation) VALUES ('khok', 'khokh', 37, 'brand', 'basic');
INSERT OR IGNORE INTO search_terms (term, product_id, field, representation) VALUES ('tenger', 37, 'brand', 'basic');
INSERT OR IGNORE INTO search_deletion_keys (deletion_key, term, product_id, field, representation) VALUES ('tenger', 'tenger', 37, 'brand', 'basic');
INSERT OR IGNORE INTO search_deletion_keys (deletion_key, term, product_id, field, representation) VALUES ('enger', 'tenger', 37, 'brand', 'basic');
INSERT OR IGNORE INTO search_deletion_keys (deletion_key, term, product_id, field, representation) VALUES ('tnger', 'tenger', 37, 'brand', 'basic');
INSERT OR IGNORE INTO search_deletion_keys (deletion_key, term, product_id, field, representation) VALUES ('teger', 'tenger', 37, 'brand', 'basic');
INSERT OR IGNORE INTO search_deletion_keys (deletion_key, term, product_id, field, representation) VALUES ('tener', 'tenger', 37, 'brand', 'basic');
INSERT OR IGNORE INTO search_deletion_keys (deletion_key, term, product_id, field, representation) VALUES ('tengr', 'tenger', 37, 'brand', 'basic');
INSERT OR IGNORE INTO search_deletion_keys (deletion_key, term, product_id, field, representation) VALUES ('tenge', 'tenger', 37, 'brand', 'basic');
INSERT OR IGNORE INTO search_terms (term, product_id, field, representation) VALUES ('ахуй', 37, 'category', 'native');
INSERT OR IGNORE INTO search_deletion_keys (deletion_key, term, product_id, field, representation) VALUES ('ахуй', 'ахуй', 37, 'category', 'native');
INSERT OR IGNORE INTO search_deletion_keys (deletion_key, term, product_id, field, representation) VALUES ('хуй', 'ахуй', 37, 'category', 'native');
INSERT OR IGNORE INTO search_deletion_keys (deletion_key, term, product_id, field, representation) VALUES ('ауй', 'ахуй', 37, 'category', 'native');
INSERT OR IGNORE INTO search_deletion_keys (deletion_key, term, product_id, field, representation) VALUES ('ахй', 'ахуй', 37, 'category', 'native');
INSERT OR IGNORE INTO search_deletion_keys (deletion_key, term, product_id, field, representation) VALUES ('аху', 'ахуй', 37, 'category', 'native');
INSERT OR IGNORE INTO search_terms (term, product_id, field, representation) VALUES ('akhuy', 37, 'category', 'strict');
INSERT OR IGNORE INTO search_deletion_keys (deletion_key, term, product_id, field, representation) VALUES ('akhuy', 'akhuy', 37, 'category', 'strict');
INSERT OR IGNORE INTO search_deletion_keys (deletion_key, term, product_id, field, representation) VALUES ('khuy', 'akhuy', 37, 'category', 'strict');
INSERT OR IGNORE INTO search_deletion_keys (deletion_key, term, product_id, field, representation) VALUES ('ahuy', 'akhuy', 37, 'category', 'strict');
INSERT OR IGNORE INTO search_deletion_keys (deletion_key, term, product_id, field, representation) VALUES ('akuy', 'akhuy', 37, 'category', 'strict');
INSERT OR IGNORE INTO search_deletion_keys (deletion_key, term, product_id, field, representation) VALUES ('akhy', 'akhuy', 37, 'category', 'strict');
INSERT OR IGNORE INTO search_deletion_keys (deletion_key, term, product_id, field, representation) VALUES ('akhu', 'akhuy', 37, 'category', 'strict');
INSERT OR IGNORE INTO search_terms (term, product_id, field, representation) VALUES ('akhui', 37, 'category', 'basic');
INSERT OR IGNORE INTO search_deletion_keys (deletion_key, term, product_id, field, representation) VALUES ('akhui', 'akhui', 37, 'category', 'basic');
INSERT OR IGNORE INTO search_deletion_keys (deletion_key, term, product_id, field, representation) VALUES ('khui', 'akhui', 37, 'category', 'basic');
INSERT OR IGNORE INTO search_deletion_keys (deletion_key, term, product_id, field, representation) VALUES ('ahui', 'akhui', 37, 'category', 'basic');
INSERT OR IGNORE INTO search_deletion_keys (deletion_key, term, product_id, field, representation) VALUES ('akui', 'akhui', 37, 'category', 'basic');
INSERT OR IGNORE INTO search_deletion_keys (deletion_key, term, product_id, field, representation) VALUES ('akhi', 'akhui', 37, 'category', 'basic');
INSERT OR IGNORE INTO search_deletion_keys (deletion_key, term, product_id, field, representation) VALUES ('akhu', 'akhui', 37, 'category', 'basic');
INSERT INTO products (id, sku, sku_normalized, name, category, tags, price_mnt, strict_key, basic_key, brand, description, available, merchandising_position) VALUES (38, 'HV-Ч-038', 'hvч038', 'Чийгшүүлэгч тос', 'Гоо сайхан', 'тос, чийг', 76750, 'чийгшүүлэгч тос гоо сайхан тос чийг hv ч 038 chiygshüülegch tos goo saykhan tos chiyg hv ch 038', 'чийгшүүлэгч тос гоо сайхан тос чийг hv ч 038 chiigshuulegch tos goo saikhan tos chiig hv ch 038', 'Алтан Өргөө', 'Гоо сайхан зориулсан синтетик туршилтын бүтээгдэхүүн тос, чийг', 1, 38);
INSERT INTO product_search (product_id, name, category, tags, sku, strict_key, basic_key) VALUES (38, 'чийгшүүлэгч тос chiygshüülegch tos', 'гоо сайхан goo saykhan', 'тос чийг tos chiyg', 'hv ч 038 hv ch 038', 'чийгшүүлэгч тос гоо сайхан тос чийг hv ч 038 chiygshüülegch tos goo saykhan tos chiyg hv ch 038', 'чийгшүүлэгч тос гоо сайхан тос чийг hv ч 038 chiigshuulegch tos goo saikhan tos chiig hv ch 038');
INSERT INTO product_search_tiered (product_id, native_key, strict_key, basic_key, sku_key) VALUES (38, 'чийгшүүлэгч тос гоо сайхан тос чийг hv ч 038', 'chiygshueuelegch tos goo saykhan tos chiyg hv ch 038', 'chiigshuulegch chiigshuilegch chiigshiulegch chiigshiilegch chiygshuulegch chiygshuilegch chiygshiulegch chiygshiilegch tos goo saihan saikhan sayhan saykhan tos chiig chiyg hv 038', 'hvч038');
INSERT INTO product_search_resilient (product_id, title_native, brand_native, category_native, tags_native, description_native, title_strict, brand_strict, category_strict, tags_strict, description_strict, title_basic, brand_basic, category_basic, tags_basic, description_basic) VALUES (38, 'чийгшүүлэгч тос', 'алтан өргөө', 'гоо сайхан', 'тос чийг', 'гоо сайхан зориулсан синтетик туршилтын бүтээгдэхүүн тос чийг', 'chiygshueuelegch tos', 'altan oergoeoe', 'goo saykhan', 'tos chiyg', 'goo saykhan zoriulsan sintetik turshiltyn bueteegdekhueuen tos chiyg', 'chiigshuulegch chiigshuilegch chiigshiulegch chiigshiilegch chiygshuulegch chiygshuilegch chiygshiulegch chiygshiilegch tos', 'altan orgoo orgou orguo orguu urgoo urgou urguo urguu', 'goo saihan saikhan sayhan saykhan', 'tos chiig chiyg', 'goo saihan saikhan sayhan saykhan zoriulsan sintetik turshiltyn buteegdehuun buteegdehuin buteegdehiun buteegdehiin buteegdekhuun buteegdekhuin buteegdekhiun buteegdekhiin tos chiig chiyg');
INSERT OR IGNORE INTO search_terms (term, product_id, field, representation) VALUES ('чийгшүүлэгч', 38, 'title', 'native');
INSERT OR IGNORE INTO search_deletion_keys (deletion_key, term, product_id, field, representation) VALUES ('чийгшүүлэгч', 'чийгшүүлэгч', 38, 'title', 'native');
INSERT OR IGNORE INTO search_deletion_keys (deletion_key, term, product_id, field, representation) VALUES ('ийгшүүлэгч', 'чийгшүүлэгч', 38, 'title', 'native');
INSERT OR IGNORE INTO search_deletion_keys (deletion_key, term, product_id, field, representation) VALUES ('чйгшүүлэгч', 'чийгшүүлэгч', 38, 'title', 'native');
INSERT OR IGNORE INTO search_deletion_keys (deletion_key, term, product_id, field, representation) VALUES ('чигшүүлэгч', 'чийгшүүлэгч', 38, 'title', 'native');
INSERT OR IGNORE INTO search_deletion_keys (deletion_key, term, product_id, field, representation) VALUES ('чийшүүлэгч', 'чийгшүүлэгч', 38, 'title', 'native');
INSERT OR IGNORE INTO search_deletion_keys (deletion_key, term, product_id, field, representation) VALUES ('чийгүүлэгч', 'чийгшүүлэгч', 38, 'title', 'native');
INSERT OR IGNORE INTO search_deletion_keys (deletion_key, term, product_id, field, representation) VALUES ('чийгшүлэгч', 'чийгшүүлэгч', 38, 'title', 'native');
INSERT OR IGNORE INTO search_deletion_keys (deletion_key, term, product_id, field, representation) VALUES ('чийгшүүэгч', 'чийгшүүлэгч', 38, 'title', 'native');
INSERT OR IGNORE INTO search_deletion_keys (deletion_key, term, product_id, field, representation) VALUES ('чийгшүүлгч', 'чийгшүүлэгч', 38, 'title', 'native');
INSERT OR IGNORE INTO search_deletion_keys (deletion_key, term, product_id, field, representation) VALUES ('чийгшүүлэч', 'чийгшүүлэгч', 38, 'title', 'native');
INSERT OR IGNORE INTO search_deletion_keys (deletion_key, term, product_id, field, representation) VALUES ('чийгшүүлэг', 'чийгшүүлэгч', 38, 'title', 'native');
INSERT OR IGNORE INTO search_terms (term, product_id, field, representation) VALUES ('chiygshueuelegch', 38, 'title', 'strict');
INSERT OR IGNORE INTO search_deletion_keys (deletion_key, term, product_id, field, representation) VALUES ('chiygshueuelegch', 'chiygshueuelegch', 38, 'title', 'strict');
INSERT OR IGNORE INTO search_deletion_keys (deletion_key, term, product_id, field, representation) VALUES ('hiygshueuelegch', 'chiygshueuelegch', 38, 'title', 'strict');
INSERT OR IGNORE INTO search_deletion_keys (deletion_key, term, product_id, field, representation) VALUES ('ciygshueuelegch', 'chiygshueuelegch', 38, 'title', 'strict');
INSERT OR IGNORE INTO search_deletion_keys (deletion_key, term, product_id, field, representation) VALUES ('chygshueuelegch', 'chiygshueuelegch', 38, 'title', 'strict');
INSERT OR IGNORE INTO search_deletion_keys (deletion_key, term, product_id, field, representation) VALUES ('chigshueuelegch', 'chiygshueuelegch', 38, 'title', 'strict');
INSERT OR IGNORE INTO search_deletion_keys (deletion_key, term, product_id, field, representation) VALUES ('chiyshueuelegch', 'chiygshueuelegch', 38, 'title', 'strict');
INSERT OR IGNORE INTO search_deletion_keys (deletion_key, term, product_id, field, representation) VALUES ('chiyghueuelegch', 'chiygshueuelegch', 38, 'title', 'strict');
INSERT OR IGNORE INTO search_deletion_keys (deletion_key, term, product_id, field, representation) VALUES ('chiygsueuelegch', 'chiygshueuelegch', 38, 'title', 'strict');
INSERT OR IGNORE INTO search_deletion_keys (deletion_key, term, product_id, field, representation) VALUES ('chiygsheuelegch', 'chiygshueuelegch', 38, 'title', 'strict');
INSERT OR IGNORE INTO search_deletion_keys (deletion_key, term, product_id, field, representation) VALUES ('chiygshuuelegch', 'chiygshueuelegch', 38, 'title', 'strict');
INSERT OR IGNORE INTO search_deletion_keys (deletion_key, term, product_id, field, representation) VALUES ('chiygshueelegch', 'chiygshueuelegch', 38, 'title', 'strict');
INSERT OR IGNORE INTO search_deletion_keys (deletion_key, term, product_id, field, representation) VALUES ('chiygshueulegch', 'chiygshueuelegch', 38, 'title', 'strict');
INSERT OR IGNORE INTO search_deletion_keys (deletion_key, term, product_id, field, representation) VALUES ('chiygshueueegch', 'chiygshueuelegch', 38, 'title', 'strict');
INSERT OR IGNORE INTO search_deletion_keys (deletion_key, term, product_id, field, representation) VALUES ('chiygshueuelgch', 'chiygshueuelegch', 38, 'title', 'strict');
INSERT OR IGNORE INTO search_deletion_keys (deletion_key, term, product_id, field, representation) VALUES ('chiygshueuelech', 'chiygshueuelegch', 38, 'title', 'strict');
INSERT OR IGNORE INTO search_deletion_keys (deletion_key, term, product_id, field, representation) VALUES ('chiygshueuelegh', 'chiygshueuelegch', 38, 'title', 'strict');
INSERT OR IGNORE INTO search_deletion_keys (deletion_key, term, product_id, field, representation) VALUES ('chiygshueuelegc', 'chiygshueuelegch', 38, 'title', 'strict');
INSERT OR IGNORE INTO search_terms (term, product_id, field, representation) VALUES ('chiigshuulegch', 38, 'title', 'basic');
INSERT OR IGNORE INTO search_deletion_keys (deletion_key, term, product_id, field, representation) VALUES ('chiigshuulegch', 'chiigshuulegch', 38, 'title', 'basic');
INSERT OR IGNORE INTO search_deletion_keys (deletion_key, term, product_id, field, representation) VALUES ('hiigshuulegch', 'chiigshuulegch', 38, 'title', 'basic');
INSERT OR IGNORE INTO search_deletion_keys (deletion_key, term, product_id, field, representation) VALUES ('ciigshuulegch', 'chiigshuulegch', 38, 'title', 'basic');
INSERT OR IGNORE INTO search_deletion_keys (deletion_key, term, product_id, field, representation) VALUES ('chigshuulegch', 'chiigshuulegch', 38, 'title', 'basic');
INSERT OR IGNORE INTO search_deletion_keys (deletion_key, term, product_id, field, representation) VALUES ('chiishuulegch', 'chiigshuulegch', 38, 'title', 'basic');
INSERT OR IGNORE INTO search_deletion_keys (deletion_key, term, product_id, field, representation) VALUES ('chiighuulegch', 'chiigshuulegch', 38, 'title', 'basic');
INSERT OR IGNORE INTO search_deletion_keys (deletion_key, term, product_id, field, representation) VALUES ('chiigsuulegch', 'chiigshuulegch', 38, 'title', 'basic');
INSERT OR IGNORE INTO search_deletion_keys (deletion_key, term, product_id, field, representation) VALUES ('chiigshulegch', 'chiigshuulegch', 38, 'title', 'basic');
INSERT OR IGNORE INTO search_deletion_keys (deletion_key, term, product_id, field, representation) VALUES ('chiigshuuegch', 'chiigshuulegch', 38, 'title', 'basic');
INSERT OR IGNORE INTO search_deletion_keys (deletion_key, term, product_id, field, representation) VALUES ('chiigshuulgch', 'chiigshuulegch', 38, 'title', 'basic');
INSERT OR IGNORE INTO search_deletion_keys (deletion_key, term, product_id, field, representation) VALUES ('chiigshuulech', 'chiigshuulegch', 38, 'title', 'basic');
INSERT OR IGNORE INTO search_deletion_keys (deletion_key, term, product_id, field, representation) VALUES ('chiigshuulegh', 'chiigshuulegch', 38, 'title', 'basic');
INSERT OR IGNORE INTO search_deletion_keys (deletion_key, term, product_id, field, representation) VALUES ('chiigshuulegc', 'chiigshuulegch', 38, 'title', 'basic');
INSERT OR IGNORE INTO search_terms (term, product_id, field, representation) VALUES ('алтан', 38, 'brand', 'native');
INSERT OR IGNORE INTO search_deletion_keys (deletion_key, term, product_id, field, representation) VALUES ('алтан', 'алтан', 38, 'brand', 'native');
INSERT OR IGNORE INTO search_deletion_keys (deletion_key, term, product_id, field, representation) VALUES ('лтан', 'алтан', 38, 'brand', 'native');
INSERT OR IGNORE INTO search_deletion_keys (deletion_key, term, product_id, field, representation) VALUES ('атан', 'алтан', 38, 'brand', 'native');
INSERT OR IGNORE INTO search_deletion_keys (deletion_key, term, product_id, field, representation) VALUES ('алан', 'алтан', 38, 'brand', 'native');
INSERT OR IGNORE INTO search_deletion_keys (deletion_key, term, product_id, field, representation) VALUES ('алтн', 'алтан', 38, 'brand', 'native');
INSERT OR IGNORE INTO search_deletion_keys (deletion_key, term, product_id, field, representation) VALUES ('алта', 'алтан', 38, 'brand', 'native');
INSERT OR IGNORE INTO search_terms (term, product_id, field, representation) VALUES ('өргөө', 38, 'brand', 'native');
INSERT OR IGNORE INTO search_deletion_keys (deletion_key, term, product_id, field, representation) VALUES ('өргөө', 'өргөө', 38, 'brand', 'native');
INSERT OR IGNORE INTO search_deletion_keys (deletion_key, term, product_id, field, representation) VALUES ('ргөө', 'өргөө', 38, 'brand', 'native');
INSERT OR IGNORE INTO search_deletion_keys (deletion_key, term, product_id, field, representation) VALUES ('өгөө', 'өргөө', 38, 'brand', 'native');
INSERT OR IGNORE INTO search_deletion_keys (deletion_key, term, product_id, field, representation) VALUES ('өрөө', 'өргөө', 38, 'brand', 'native');
INSERT OR IGNORE INTO search_deletion_keys (deletion_key, term, product_id, field, representation) VALUES ('өргө', 'өргөө', 38, 'brand', 'native');
INSERT OR IGNORE INTO search_terms (term, product_id, field, representation) VALUES ('altan', 38, 'brand', 'strict');
INSERT OR IGNORE INTO search_deletion_keys (deletion_key, term, product_id, field, representation) VALUES ('altan', 'altan', 38, 'brand', 'strict');
INSERT OR IGNORE INTO search_deletion_keys (deletion_key, term, product_id, field, representation) VALUES ('ltan', 'altan', 38, 'brand', 'strict');
INSERT OR IGNORE INTO search_deletion_keys (deletion_key, term, product_id, field, representation) VALUES ('atan', 'altan', 38, 'brand', 'strict');
INSERT OR IGNORE INTO search_deletion_keys (deletion_key, term, product_id, field, representation) VALUES ('alan', 'altan', 38, 'brand', 'strict');
INSERT OR IGNORE INTO search_deletion_keys (deletion_key, term, product_id, field, representation) VALUES ('altn', 'altan', 38, 'brand', 'strict');
INSERT OR IGNORE INTO search_deletion_keys (deletion_key, term, product_id, field, representation) VALUES ('alta', 'altan', 38, 'brand', 'strict');
INSERT OR IGNORE INTO search_terms (term, product_id, field, representation) VALUES ('oergoeoe', 38, 'brand', 'strict');
INSERT OR IGNORE INTO search_deletion_keys (deletion_key, term, product_id, field, representation) VALUES ('oergoeoe', 'oergoeoe', 38, 'brand', 'strict');
INSERT OR IGNORE INTO search_deletion_keys (deletion_key, term, product_id, field, representation) VALUES ('ergoeoe', 'oergoeoe', 38, 'brand', 'strict');
INSERT OR IGNORE INTO search_deletion_keys (deletion_key, term, product_id, field, representation) VALUES ('orgoeoe', 'oergoeoe', 38, 'brand', 'strict');
INSERT OR IGNORE INTO search_deletion_keys (deletion_key, term, product_id, field, representation) VALUES ('oegoeoe', 'oergoeoe', 38, 'brand', 'strict');
INSERT OR IGNORE INTO search_deletion_keys (deletion_key, term, product_id, field, representation) VALUES ('oeroeoe', 'oergoeoe', 38, 'brand', 'strict');
INSERT OR IGNORE INTO search_deletion_keys (deletion_key, term, product_id, field, representation) VALUES ('oergeoe', 'oergoeoe', 38, 'brand', 'strict');
INSERT OR IGNORE INTO search_deletion_keys (deletion_key, term, product_id, field, representation) VALUES ('oergooe', 'oergoeoe', 38, 'brand', 'strict');
INSERT OR IGNORE INTO search_deletion_keys (deletion_key, term, product_id, field, representation) VALUES ('oergoee', 'oergoeoe', 38, 'brand', 'strict');
INSERT OR IGNORE INTO search_deletion_keys (deletion_key, term, product_id, field, representation) VALUES ('oergoeo', 'oergoeoe', 38, 'brand', 'strict');
INSERT OR IGNORE INTO search_terms (term, product_id, field, representation) VALUES ('altan', 38, 'brand', 'basic');
INSERT OR IGNORE INTO search_deletion_keys (deletion_key, term, product_id, field, representation) VALUES ('altan', 'altan', 38, 'brand', 'basic');
INSERT OR IGNORE INTO search_deletion_keys (deletion_key, term, product_id, field, representation) VALUES ('ltan', 'altan', 38, 'brand', 'basic');
INSERT OR IGNORE INTO search_deletion_keys (deletion_key, term, product_id, field, representation) VALUES ('atan', 'altan', 38, 'brand', 'basic');
INSERT OR IGNORE INTO search_deletion_keys (deletion_key, term, product_id, field, representation) VALUES ('alan', 'altan', 38, 'brand', 'basic');
INSERT OR IGNORE INTO search_deletion_keys (deletion_key, term, product_id, field, representation) VALUES ('altn', 'altan', 38, 'brand', 'basic');
INSERT OR IGNORE INTO search_deletion_keys (deletion_key, term, product_id, field, representation) VALUES ('alta', 'altan', 38, 'brand', 'basic');
INSERT OR IGNORE INTO search_terms (term, product_id, field, representation) VALUES ('orgoo', 38, 'brand', 'basic');
INSERT OR IGNORE INTO search_deletion_keys (deletion_key, term, product_id, field, representation) VALUES ('orgoo', 'orgoo', 38, 'brand', 'basic');
INSERT OR IGNORE INTO search_deletion_keys (deletion_key, term, product_id, field, representation) VALUES ('rgoo', 'orgoo', 38, 'brand', 'basic');
INSERT OR IGNORE INTO search_deletion_keys (deletion_key, term, product_id, field, representation) VALUES ('ogoo', 'orgoo', 38, 'brand', 'basic');
INSERT OR IGNORE INTO search_deletion_keys (deletion_key, term, product_id, field, representation) VALUES ('oroo', 'orgoo', 38, 'brand', 'basic');
INSERT OR IGNORE INTO search_deletion_keys (deletion_key, term, product_id, field, representation) VALUES ('orgo', 'orgoo', 38, 'brand', 'basic');
INSERT OR IGNORE INTO search_terms (term, product_id, field, representation) VALUES ('сайхан', 38, 'category', 'native');
INSERT OR IGNORE INTO search_deletion_keys (deletion_key, term, product_id, field, representation) VALUES ('сайхан', 'сайхан', 38, 'category', 'native');
INSERT OR IGNORE INTO search_deletion_keys (deletion_key, term, product_id, field, representation) VALUES ('айхан', 'сайхан', 38, 'category', 'native');
INSERT OR IGNORE INTO search_deletion_keys (deletion_key, term, product_id, field, representation) VALUES ('сйхан', 'сайхан', 38, 'category', 'native');
INSERT OR IGNORE INTO search_deletion_keys (deletion_key, term, product_id, field, representation) VALUES ('сахан', 'сайхан', 38, 'category', 'native');
INSERT OR IGNORE INTO search_deletion_keys (deletion_key, term, product_id, field, representation) VALUES ('сайан', 'сайхан', 38, 'category', 'native');
INSERT OR IGNORE INTO search_deletion_keys (deletion_key, term, product_id, field, representation) VALUES ('сайхн', 'сайхан', 38, 'category', 'native');
INSERT OR IGNORE INTO search_deletion_keys (deletion_key, term, product_id, field, representation) VALUES ('сайха', 'сайхан', 38, 'category', 'native');
INSERT OR IGNORE INTO search_terms (term, product_id, field, representation) VALUES ('saykhan', 38, 'category', 'strict');
INSERT OR IGNORE INTO search_deletion_keys (deletion_key, term, product_id, field, representation) VALUES ('saykhan', 'saykhan', 38, 'category', 'strict');
INSERT OR IGNORE INTO search_deletion_keys (deletion_key, term, product_id, field, representation) VALUES ('aykhan', 'saykhan', 38, 'category', 'strict');
INSERT OR IGNORE INTO search_deletion_keys (deletion_key, term, product_id, field, representation) VALUES ('sykhan', 'saykhan', 38, 'category', 'strict');
INSERT OR IGNORE INTO search_deletion_keys (deletion_key, term, product_id, field, representation) VALUES ('sakhan', 'saykhan', 38, 'category', 'strict');
INSERT OR IGNORE INTO search_deletion_keys (deletion_key, term, product_id, field, representation) VALUES ('sayhan', 'saykhan', 38, 'category', 'strict');
INSERT OR IGNORE INTO search_deletion_keys (deletion_key, term, product_id, field, representation) VALUES ('saykan', 'saykhan', 38, 'category', 'strict');
INSERT OR IGNORE INTO search_deletion_keys (deletion_key, term, product_id, field, representation) VALUES ('saykhn', 'saykhan', 38, 'category', 'strict');
INSERT OR IGNORE INTO search_deletion_keys (deletion_key, term, product_id, field, representation) VALUES ('saykha', 'saykhan', 38, 'category', 'strict');
INSERT OR IGNORE INTO search_terms (term, product_id, field, representation) VALUES ('saikhan', 38, 'category', 'basic');
INSERT OR IGNORE INTO search_deletion_keys (deletion_key, term, product_id, field, representation) VALUES ('saikhan', 'saikhan', 38, 'category', 'basic');
INSERT OR IGNORE INTO search_deletion_keys (deletion_key, term, product_id, field, representation) VALUES ('aikhan', 'saikhan', 38, 'category', 'basic');
INSERT OR IGNORE INTO search_deletion_keys (deletion_key, term, product_id, field, representation) VALUES ('sikhan', 'saikhan', 38, 'category', 'basic');
INSERT OR IGNORE INTO search_deletion_keys (deletion_key, term, product_id, field, representation) VALUES ('sakhan', 'saikhan', 38, 'category', 'basic');
INSERT OR IGNORE INTO search_deletion_keys (deletion_key, term, product_id, field, representation) VALUES ('saihan', 'saikhan', 38, 'category', 'basic');
INSERT OR IGNORE INTO search_deletion_keys (deletion_key, term, product_id, field, representation) VALUES ('saikan', 'saikhan', 38, 'category', 'basic');
INSERT OR IGNORE INTO search_deletion_keys (deletion_key, term, product_id, field, representation) VALUES ('saikhn', 'saikhan', 38, 'category', 'basic');
INSERT OR IGNORE INTO search_deletion_keys (deletion_key, term, product_id, field, representation) VALUES ('saikha', 'saikhan', 38, 'category', 'basic');
INSERT INTO products (id, sku, sku_normalized, name, category, tags, price_mnt, strict_key, basic_key, brand, description, available, merchandising_position) VALUES (39, 'HV-Ш-039', 'hvш039', 'Шүдний сойз', 'Гоо сайхан', 'шүд, сойз', 78500, 'шүдний сойз гоо сайхан шүд сойз hv ш 039 shüdniy soyz goo saykhan shüd soyz hv sh 039', 'шүдний сойз гоо сайхан шүд сойз hv ш 039 shudnii soiz goo saikhan shud soiz hv sh 039', 'Цагаан Сар', 'Гоо сайхан зориулсан синтетик туршилтын бүтээгдэхүүн шүд, сойз', 1, 39);
INSERT INTO product_search (product_id, name, category, tags, sku, strict_key, basic_key) VALUES (39, 'шүдний сойз shüdniy soyz', 'гоо сайхан goo saykhan', 'шүд сойз shüd soyz', 'hv ш 039 hv sh 039', 'шүдний сойз гоо сайхан шүд сойз hv ш 039 shüdniy soyz goo saykhan shüd soyz hv sh 039', 'шүдний сойз гоо сайхан шүд сойз hv ш 039 shudnii soiz goo saikhan shud soiz hv sh 039');
INSERT INTO product_search_tiered (product_id, native_key, strict_key, basic_key, sku_key) VALUES (39, 'шүдний сойз гоо сайхан шүд сойз hv ш 039', 'shuedniy soyz goo saykhan shued soyz hv sh 039', 'shudnii shudniy shidnii shidniy soiz soyz goo saihan saikhan sayhan saykhan shud shid soiz soyz hv 039', 'hvш039');
INSERT INTO product_search_resilient (product_id, title_native, brand_native, category_native, tags_native, description_native, title_strict, brand_strict, category_strict, tags_strict, description_strict, title_basic, brand_basic, category_basic, tags_basic, description_basic) VALUES (39, 'шүдний сойз', 'цагаан сар', 'гоо сайхан', 'шүд сойз', 'гоо сайхан зориулсан синтетик туршилтын бүтээгдэхүүн шүд сойз', 'shuedniy soyz', 'tsagaan sar', 'goo saykhan', 'shued soyz', 'goo saykhan zoriulsan sintetik turshiltyn bueteegdekhueuen shued soyz', 'shudnii shudniy shidnii shidniy soiz soyz', 'cagaan tsagaan sar', 'goo saihan saikhan sayhan saykhan', 'shud shid soiz soyz', 'goo saihan saikhan sayhan saykhan zoriulsan sintetik turshiltyn buteegdehuun buteegdehuin buteegdehiun buteegdehiin buteegdekhuun buteegdekhuin buteegdekhiun buteegdekhiin shud shid soiz soyz');
INSERT OR IGNORE INTO search_terms (term, product_id, field, representation) VALUES ('шүдний', 39, 'title', 'native');
INSERT OR IGNORE INTO search_deletion_keys (deletion_key, term, product_id, field, representation) VALUES ('шүдний', 'шүдний', 39, 'title', 'native');
INSERT OR IGNORE INTO search_deletion_keys (deletion_key, term, product_id, field, representation) VALUES ('үдний', 'шүдний', 39, 'title', 'native');
INSERT OR IGNORE INTO search_deletion_keys (deletion_key, term, product_id, field, representation) VALUES ('шдний', 'шүдний', 39, 'title', 'native');
INSERT OR IGNORE INTO search_deletion_keys (deletion_key, term, product_id, field, representation) VALUES ('шүний', 'шүдний', 39, 'title', 'native');
INSERT OR IGNORE INTO search_deletion_keys (deletion_key, term, product_id, field, representation) VALUES ('шүдий', 'шүдний', 39, 'title', 'native');
INSERT OR IGNORE INTO search_deletion_keys (deletion_key, term, product_id, field, representation) VALUES ('шүднй', 'шүдний', 39, 'title', 'native');
INSERT OR IGNORE INTO search_deletion_keys (deletion_key, term, product_id, field, representation) VALUES ('шүдни', 'шүдний', 39, 'title', 'native');
INSERT OR IGNORE INTO search_terms (term, product_id, field, representation) VALUES ('сойз', 39, 'title', 'native');
INSERT OR IGNORE INTO search_deletion_keys (deletion_key, term, product_id, field, representation) VALUES ('сойз', 'сойз', 39, 'title', 'native');
INSERT OR IGNORE INTO search_deletion_keys (deletion_key, term, product_id, field, representation) VALUES ('ойз', 'сойз', 39, 'title', 'native');
INSERT OR IGNORE INTO search_deletion_keys (deletion_key, term, product_id, field, representation) VALUES ('сйз', 'сойз', 39, 'title', 'native');
INSERT OR IGNORE INTO search_deletion_keys (deletion_key, term, product_id, field, representation) VALUES ('соз', 'сойз', 39, 'title', 'native');
INSERT OR IGNORE INTO search_deletion_keys (deletion_key, term, product_id, field, representation) VALUES ('сой', 'сойз', 39, 'title', 'native');
INSERT OR IGNORE INTO search_terms (term, product_id, field, representation) VALUES ('shuedniy', 39, 'title', 'strict');
INSERT OR IGNORE INTO search_deletion_keys (deletion_key, term, product_id, field, representation) VALUES ('shuedniy', 'shuedniy', 39, 'title', 'strict');
INSERT OR IGNORE INTO search_deletion_keys (deletion_key, term, product_id, field, representation) VALUES ('huedniy', 'shuedniy', 39, 'title', 'strict');
INSERT OR IGNORE INTO search_deletion_keys (deletion_key, term, product_id, field, representation) VALUES ('suedniy', 'shuedniy', 39, 'title', 'strict');
INSERT OR IGNORE INTO search_deletion_keys (deletion_key, term, product_id, field, representation) VALUES ('shedniy', 'shuedniy', 39, 'title', 'strict');
INSERT OR IGNORE INTO search_deletion_keys (deletion_key, term, product_id, field, representation) VALUES ('shudniy', 'shuedniy', 39, 'title', 'strict');
INSERT OR IGNORE INTO search_deletion_keys (deletion_key, term, product_id, field, representation) VALUES ('shueniy', 'shuedniy', 39, 'title', 'strict');
INSERT OR IGNORE INTO search_deletion_keys (deletion_key, term, product_id, field, representation) VALUES ('shuediy', 'shuedniy', 39, 'title', 'strict');
INSERT OR IGNORE INTO search_deletion_keys (deletion_key, term, product_id, field, representation) VALUES ('shuedny', 'shuedniy', 39, 'title', 'strict');
INSERT OR IGNORE INTO search_deletion_keys (deletion_key, term, product_id, field, representation) VALUES ('shuedni', 'shuedniy', 39, 'title', 'strict');
INSERT OR IGNORE INTO search_terms (term, product_id, field, representation) VALUES ('soyz', 39, 'title', 'strict');
INSERT OR IGNORE INTO search_deletion_keys (deletion_key, term, product_id, field, representation) VALUES ('soyz', 'soyz', 39, 'title', 'strict');
INSERT OR IGNORE INTO search_deletion_keys (deletion_key, term, product_id, field, representation) VALUES ('oyz', 'soyz', 39, 'title', 'strict');
INSERT OR IGNORE INTO search_deletion_keys (deletion_key, term, product_id, field, representation) VALUES ('syz', 'soyz', 39, 'title', 'strict');
INSERT OR IGNORE INTO search_deletion_keys (deletion_key, term, product_id, field, representation) VALUES ('soz', 'soyz', 39, 'title', 'strict');
INSERT OR IGNORE INTO search_deletion_keys (deletion_key, term, product_id, field, representation) VALUES ('soy', 'soyz', 39, 'title', 'strict');
INSERT OR IGNORE INTO search_terms (term, product_id, field, representation) VALUES ('shudnii', 39, 'title', 'basic');
INSERT OR IGNORE INTO search_deletion_keys (deletion_key, term, product_id, field, representation) VALUES ('shudnii', 'shudnii', 39, 'title', 'basic');
INSERT OR IGNORE INTO search_deletion_keys (deletion_key, term, product_id, field, representation) VALUES ('hudnii', 'shudnii', 39, 'title', 'basic');
INSERT OR IGNORE INTO search_deletion_keys (deletion_key, term, product_id, field, representation) VALUES ('sudnii', 'shudnii', 39, 'title', 'basic');
INSERT OR IGNORE INTO search_deletion_keys (deletion_key, term, product_id, field, representation) VALUES ('shdnii', 'shudnii', 39, 'title', 'basic');
INSERT OR IGNORE INTO search_deletion_keys (deletion_key, term, product_id, field, representation) VALUES ('shunii', 'shudnii', 39, 'title', 'basic');
INSERT OR IGNORE INTO search_deletion_keys (deletion_key, term, product_id, field, representation) VALUES ('shudii', 'shudnii', 39, 'title', 'basic');
INSERT OR IGNORE INTO search_deletion_keys (deletion_key, term, product_id, field, representation) VALUES ('shudni', 'shudnii', 39, 'title', 'basic');
INSERT OR IGNORE INTO search_terms (term, product_id, field, representation) VALUES ('soiz', 39, 'title', 'basic');
INSERT OR IGNORE INTO search_deletion_keys (deletion_key, term, product_id, field, representation) VALUES ('soiz', 'soiz', 39, 'title', 'basic');
INSERT OR IGNORE INTO search_deletion_keys (deletion_key, term, product_id, field, representation) VALUES ('oiz', 'soiz', 39, 'title', 'basic');
INSERT OR IGNORE INTO search_deletion_keys (deletion_key, term, product_id, field, representation) VALUES ('siz', 'soiz', 39, 'title', 'basic');
INSERT OR IGNORE INTO search_deletion_keys (deletion_key, term, product_id, field, representation) VALUES ('soz', 'soiz', 39, 'title', 'basic');
INSERT OR IGNORE INTO search_deletion_keys (deletion_key, term, product_id, field, representation) VALUES ('soi', 'soiz', 39, 'title', 'basic');
INSERT OR IGNORE INTO search_terms (term, product_id, field, representation) VALUES ('цагаан', 39, 'brand', 'native');
INSERT OR IGNORE INTO search_deletion_keys (deletion_key, term, product_id, field, representation) VALUES ('цагаан', 'цагаан', 39, 'brand', 'native');
INSERT OR IGNORE INTO search_deletion_keys (deletion_key, term, product_id, field, representation) VALUES ('агаан', 'цагаан', 39, 'brand', 'native');
INSERT OR IGNORE INTO search_deletion_keys (deletion_key, term, product_id, field, representation) VALUES ('цгаан', 'цагаан', 39, 'brand', 'native');
INSERT OR IGNORE INTO search_deletion_keys (deletion_key, term, product_id, field, representation) VALUES ('цааан', 'цагаан', 39, 'brand', 'native');
INSERT OR IGNORE INTO search_deletion_keys (deletion_key, term, product_id, field, representation) VALUES ('цаган', 'цагаан', 39, 'brand', 'native');
INSERT OR IGNORE INTO search_deletion_keys (deletion_key, term, product_id, field, representation) VALUES ('цагаа', 'цагаан', 39, 'brand', 'native');
INSERT OR IGNORE INTO search_terms (term, product_id, field, representation) VALUES ('tsagaan', 39, 'brand', 'strict');
INSERT OR IGNORE INTO search_deletion_keys (deletion_key, term, product_id, field, representation) VALUES ('tsagaan', 'tsagaan', 39, 'brand', 'strict');
INSERT OR IGNORE INTO search_deletion_keys (deletion_key, term, product_id, field, representation) VALUES ('sagaan', 'tsagaan', 39, 'brand', 'strict');
INSERT OR IGNORE INTO search_deletion_keys (deletion_key, term, product_id, field, representation) VALUES ('tagaan', 'tsagaan', 39, 'brand', 'strict');
INSERT OR IGNORE INTO search_deletion_keys (deletion_key, term, product_id, field, representation) VALUES ('tsgaan', 'tsagaan', 39, 'brand', 'strict');
INSERT OR IGNORE INTO search_deletion_keys (deletion_key, term, product_id, field, representation) VALUES ('tsaaan', 'tsagaan', 39, 'brand', 'strict');
INSERT OR IGNORE INTO search_deletion_keys (deletion_key, term, product_id, field, representation) VALUES ('tsagan', 'tsagaan', 39, 'brand', 'strict');
INSERT OR IGNORE INTO search_deletion_keys (deletion_key, term, product_id, field, representation) VALUES ('tsagaa', 'tsagaan', 39, 'brand', 'strict');
INSERT OR IGNORE INTO search_terms (term, product_id, field, representation) VALUES ('tsagaan', 39, 'brand', 'basic');
INSERT OR IGNORE INTO search_deletion_keys (deletion_key, term, product_id, field, representation) VALUES ('tsagaan', 'tsagaan', 39, 'brand', 'basic');
INSERT OR IGNORE INTO search_deletion_keys (deletion_key, term, product_id, field, representation) VALUES ('sagaan', 'tsagaan', 39, 'brand', 'basic');
INSERT OR IGNORE INTO search_deletion_keys (deletion_key, term, product_id, field, representation) VALUES ('tagaan', 'tsagaan', 39, 'brand', 'basic');
INSERT OR IGNORE INTO search_deletion_keys (deletion_key, term, product_id, field, representation) VALUES ('tsgaan', 'tsagaan', 39, 'brand', 'basic');
INSERT OR IGNORE INTO search_deletion_keys (deletion_key, term, product_id, field, representation) VALUES ('tsaaan', 'tsagaan', 39, 'brand', 'basic');
INSERT OR IGNORE INTO search_deletion_keys (deletion_key, term, product_id, field, representation) VALUES ('tsagan', 'tsagaan', 39, 'brand', 'basic');
INSERT OR IGNORE INTO search_deletion_keys (deletion_key, term, product_id, field, representation) VALUES ('tsagaa', 'tsagaan', 39, 'brand', 'basic');
INSERT OR IGNORE INTO search_terms (term, product_id, field, representation) VALUES ('сайхан', 39, 'category', 'native');
INSERT OR IGNORE INTO search_deletion_keys (deletion_key, term, product_id, field, representation) VALUES ('сайхан', 'сайхан', 39, 'category', 'native');
INSERT OR IGNORE INTO search_deletion_keys (deletion_key, term, product_id, field, representation) VALUES ('айхан', 'сайхан', 39, 'category', 'native');
INSERT OR IGNORE INTO search_deletion_keys (deletion_key, term, product_id, field, representation) VALUES ('сйхан', 'сайхан', 39, 'category', 'native');
INSERT OR IGNORE INTO search_deletion_keys (deletion_key, term, product_id, field, representation) VALUES ('сахан', 'сайхан', 39, 'category', 'native');
INSERT OR IGNORE INTO search_deletion_keys (deletion_key, term, product_id, field, representation) VALUES ('сайан', 'сайхан', 39, 'category', 'native');
INSERT OR IGNORE INTO search_deletion_keys (deletion_key, term, product_id, field, representation) VALUES ('сайхн', 'сайхан', 39, 'category', 'native');
INSERT OR IGNORE INTO search_deletion_keys (deletion_key, term, product_id, field, representation) VALUES ('сайха', 'сайхан', 39, 'category', 'native');
INSERT OR IGNORE INTO search_terms (term, product_id, field, representation) VALUES ('saykhan', 39, 'category', 'strict');
INSERT OR IGNORE INTO search_deletion_keys (deletion_key, term, product_id, field, representation) VALUES ('saykhan', 'saykhan', 39, 'category', 'strict');
INSERT OR IGNORE INTO search_deletion_keys (deletion_key, term, product_id, field, representation) VALUES ('aykhan', 'saykhan', 39, 'category', 'strict');
INSERT OR IGNORE INTO search_deletion_keys (deletion_key, term, product_id, field, representation) VALUES ('sykhan', 'saykhan', 39, 'category', 'strict');
INSERT OR IGNORE INTO search_deletion_keys (deletion_key, term, product_id, field, representation) VALUES ('sakhan', 'saykhan', 39, 'category', 'strict');
INSERT OR IGNORE INTO search_deletion_keys (deletion_key, term, product_id, field, representation) VALUES ('sayhan', 'saykhan', 39, 'category', 'strict');
INSERT OR IGNORE INTO search_deletion_keys (deletion_key, term, product_id, field, representation) VALUES ('saykan', 'saykhan', 39, 'category', 'strict');
INSERT OR IGNORE INTO search_deletion_keys (deletion_key, term, product_id, field, representation) VALUES ('saykhn', 'saykhan', 39, 'category', 'strict');
INSERT OR IGNORE INTO search_deletion_keys (deletion_key, term, product_id, field, representation) VALUES ('saykha', 'saykhan', 39, 'category', 'strict');
INSERT OR IGNORE INTO search_terms (term, product_id, field, representation) VALUES ('saikhan', 39, 'category', 'basic');
INSERT OR IGNORE INTO search_deletion_keys (deletion_key, term, product_id, field, representation) VALUES ('saikhan', 'saikhan', 39, 'category', 'basic');
INSERT OR IGNORE INTO search_deletion_keys (deletion_key, term, product_id, field, representation) VALUES ('aikhan', 'saikhan', 39, 'category', 'basic');
INSERT OR IGNORE INTO search_deletion_keys (deletion_key, term, product_id, field, representation) VALUES ('sikhan', 'saikhan', 39, 'category', 'basic');
INSERT OR IGNORE INTO search_deletion_keys (deletion_key, term, product_id, field, representation) VALUES ('sakhan', 'saikhan', 39, 'category', 'basic');
INSERT OR IGNORE INTO search_deletion_keys (deletion_key, term, product_id, field, representation) VALUES ('saihan', 'saikhan', 39, 'category', 'basic');
INSERT OR IGNORE INTO search_deletion_keys (deletion_key, term, product_id, field, representation) VALUES ('saikan', 'saikhan', 39, 'category', 'basic');
INSERT OR IGNORE INTO search_deletion_keys (deletion_key, term, product_id, field, representation) VALUES ('saikhn', 'saikhan', 39, 'category', 'basic');
INSERT OR IGNORE INTO search_deletion_keys (deletion_key, term, product_id, field, representation) VALUES ('saikha', 'saikhan', 39, 'category', 'basic');
INSERT INTO products (id, sku, sku_normalized, name, category, tags, price_mnt, strict_key, basic_key, brand, description, available, merchandising_position) VALUES (40, 'HV-Ж-040', 'hvж040', 'Жижиг цэцгийн сав', 'Гэр ахуй', 'цэцэг, сав', 80250, 'жижиг цэцгийн сав гэр ахуй цэцэг сав hv ж 040 jijig tsetsgiyn sav ger akhuy tsetseg sav hv j 040', 'жижиг цэцгийн сав гэр ахуй цэцэг сав hv ж 040 jijig tsetsgiin sav ger akhui tsetseg sav hv j 040', 'Нүүдэл', 'Гэр ахуй зориулсан синтетик туршилтын бүтээгдэхүүн цэцэг, сав', 0, 40);
INSERT INTO product_search (product_id, name, category, tags, sku, strict_key, basic_key) VALUES (40, 'жижиг цэцгийн сав jijig tsetsgiyn sav', 'гэр ахуй ger akhuy', 'цэцэг сав tsetseg sav', 'hv ж 040 hv j 040', 'жижиг цэцгийн сав гэр ахуй цэцэг сав hv ж 040 jijig tsetsgiyn sav ger akhuy tsetseg sav hv j 040', 'жижиг цэцгийн сав гэр ахуй цэцэг сав hv ж 040 jijig tsetsgiin sav ger akhui tsetseg sav hv j 040');
INSERT INTO product_search_tiered (product_id, native_key, strict_key, basic_key, sku_key) VALUES (40, 'жижиг цэцгийн сав гэр ахуй цэцэг сав hv ж 040', 'jijig tsetsgiyn sav ger akhuy tsetseg sav hv j 040', 'jijig cecgiin cecgiyn cetsgiin cetsgiyn tsecgiin tsecgiyn tsetsgiin tsetsgiyn sav ger ahui ahuy akhui akhuy ceceg cetseg tseceg tsetseg sav hv 040', 'hvж040');
INSERT INTO product_search_resilient (product_id, title_native, brand_native, category_native, tags_native, description_native, title_strict, brand_strict, category_strict, tags_strict, description_strict, title_basic, brand_basic, category_basic, tags_basic, description_basic) VALUES (40, 'жижиг цэцгийн сав', 'нүүдэл', 'гэр ахуй', 'цэцэг сав', 'гэр ахуй зориулсан синтетик туршилтын бүтээгдэхүүн цэцэг сав', 'jijig tsetsgiyn sav', 'nueuedel', 'ger akhuy', 'tsetseg sav', 'ger akhuy zoriulsan sintetik turshiltyn bueteegdekhueuen tsetseg sav', 'jijig cecgiin cecgiyn cetsgiin cetsgiyn tsecgiin tsecgiyn tsetsgiin tsetsgiyn sav', 'nuudel nuidel niudel niidel', 'ger ahui ahuy akhui akhuy', 'ceceg cetseg tseceg tsetseg sav', 'ger ahui ahuy akhui akhuy zoriulsan sintetik turshiltyn buteegdehuun buteegdehuin buteegdehiun buteegdehiin buteegdekhuun buteegdekhuin buteegdekhiun buteegdekhiin ceceg cetseg tseceg tsetseg sav');
INSERT OR IGNORE INTO search_terms (term, product_id, field, representation) VALUES ('жижиг', 40, 'title', 'native');
INSERT OR IGNORE INTO search_deletion_keys (deletion_key, term, product_id, field, representation) VALUES ('жижиг', 'жижиг', 40, 'title', 'native');
INSERT OR IGNORE INTO search_deletion_keys (deletion_key, term, product_id, field, representation) VALUES ('ижиг', 'жижиг', 40, 'title', 'native');
INSERT OR IGNORE INTO search_deletion_keys (deletion_key, term, product_id, field, representation) VALUES ('жжиг', 'жижиг', 40, 'title', 'native');
INSERT OR IGNORE INTO search_deletion_keys (deletion_key, term, product_id, field, representation) VALUES ('жииг', 'жижиг', 40, 'title', 'native');
INSERT OR IGNORE INTO search_deletion_keys (deletion_key, term, product_id, field, representation) VALUES ('жижг', 'жижиг', 40, 'title', 'native');
INSERT OR IGNORE INTO search_deletion_keys (deletion_key, term, product_id, field, representation) VALUES ('жижи', 'жижиг', 40, 'title', 'native');
INSERT OR IGNORE INTO search_terms (term, product_id, field, representation) VALUES ('цэцгийн', 40, 'title', 'native');
INSERT OR IGNORE INTO search_deletion_keys (deletion_key, term, product_id, field, representation) VALUES ('цэцгийн', 'цэцгийн', 40, 'title', 'native');
INSERT OR IGNORE INTO search_deletion_keys (deletion_key, term, product_id, field, representation) VALUES ('эцгийн', 'цэцгийн', 40, 'title', 'native');
INSERT OR IGNORE INTO search_deletion_keys (deletion_key, term, product_id, field, representation) VALUES ('ццгийн', 'цэцгийн', 40, 'title', 'native');
INSERT OR IGNORE INTO search_deletion_keys (deletion_key, term, product_id, field, representation) VALUES ('цэгийн', 'цэцгийн', 40, 'title', 'native');
INSERT OR IGNORE INTO search_deletion_keys (deletion_key, term, product_id, field, representation) VALUES ('цэцийн', 'цэцгийн', 40, 'title', 'native');
INSERT OR IGNORE INTO search_deletion_keys (deletion_key, term, product_id, field, representation) VALUES ('цэцгйн', 'цэцгийн', 40, 'title', 'native');
INSERT OR IGNORE INTO search_deletion_keys (deletion_key, term, product_id, field, representation) VALUES ('цэцгин', 'цэцгийн', 40, 'title', 'native');
INSERT OR IGNORE INTO search_deletion_keys (deletion_key, term, product_id, field, representation) VALUES ('цэцгий', 'цэцгийн', 40, 'title', 'native');
INSERT OR IGNORE INTO search_terms (term, product_id, field, representation) VALUES ('jijig', 40, 'title', 'strict');
INSERT OR IGNORE INTO search_deletion_keys (deletion_key, term, product_id, field, representation) VALUES ('jijig', 'jijig', 40, 'title', 'strict');
INSERT OR IGNORE INTO search_deletion_keys (deletion_key, term, product_id, field, representation) VALUES ('ijig', 'jijig', 40, 'title', 'strict');
INSERT OR IGNORE INTO search_deletion_keys (deletion_key, term, product_id, field, representation) VALUES ('jjig', 'jijig', 40, 'title', 'strict');
INSERT OR IGNORE INTO search_deletion_keys (deletion_key, term, product_id, field, representation) VALUES ('jiig', 'jijig', 40, 'title', 'strict');
INSERT OR IGNORE INTO search_deletion_keys (deletion_key, term, product_id, field, representation) VALUES ('jijg', 'jijig', 40, 'title', 'strict');
INSERT OR IGNORE INTO search_deletion_keys (deletion_key, term, product_id, field, representation) VALUES ('jiji', 'jijig', 40, 'title', 'strict');
INSERT OR IGNORE INTO search_terms (term, product_id, field, representation) VALUES ('tsetsgiyn', 40, 'title', 'strict');
INSERT OR IGNORE INTO search_deletion_keys (deletion_key, term, product_id, field, representation) VALUES ('tsetsgiyn', 'tsetsgiyn', 40, 'title', 'strict');
INSERT OR IGNORE INTO search_deletion_keys (deletion_key, term, product_id, field, representation) VALUES ('setsgiyn', 'tsetsgiyn', 40, 'title', 'strict');
INSERT OR IGNORE INTO search_deletion_keys (deletion_key, term, product_id, field, representation) VALUES ('tetsgiyn', 'tsetsgiyn', 40, 'title', 'strict');
INSERT OR IGNORE INTO search_deletion_keys (deletion_key, term, product_id, field, representation) VALUES ('tstsgiyn', 'tsetsgiyn', 40, 'title', 'strict');
INSERT OR IGNORE INTO search_deletion_keys (deletion_key, term, product_id, field, representation) VALUES ('tsesgiyn', 'tsetsgiyn', 40, 'title', 'strict');
INSERT OR IGNORE INTO search_deletion_keys (deletion_key, term, product_id, field, representation) VALUES ('tsetgiyn', 'tsetsgiyn', 40, 'title', 'strict');
INSERT OR IGNORE INTO search_deletion_keys (deletion_key, term, product_id, field, representation) VALUES ('tsetsiyn', 'tsetsgiyn', 40, 'title', 'strict');
INSERT OR IGNORE INTO search_deletion_keys (deletion_key, term, product_id, field, representation) VALUES ('tsetsgyn', 'tsetsgiyn', 40, 'title', 'strict');
INSERT OR IGNORE INTO search_deletion_keys (deletion_key, term, product_id, field, representation) VALUES ('tsetsgin', 'tsetsgiyn', 40, 'title', 'strict');
INSERT OR IGNORE INTO search_deletion_keys (deletion_key, term, product_id, field, representation) VALUES ('tsetsgiy', 'tsetsgiyn', 40, 'title', 'strict');
INSERT OR IGNORE INTO search_terms (term, product_id, field, representation) VALUES ('jijig', 40, 'title', 'basic');
INSERT OR IGNORE INTO search_deletion_keys (deletion_key, term, product_id, field, representation) VALUES ('jijig', 'jijig', 40, 'title', 'basic');
INSERT OR IGNORE INTO search_deletion_keys (deletion_key, term, product_id, field, representation) VALUES ('ijig', 'jijig', 40, 'title', 'basic');
INSERT OR IGNORE INTO search_deletion_keys (deletion_key, term, product_id, field, representation) VALUES ('jjig', 'jijig', 40, 'title', 'basic');
INSERT OR IGNORE INTO search_deletion_keys (deletion_key, term, product_id, field, representation) VALUES ('jiig', 'jijig', 40, 'title', 'basic');
INSERT OR IGNORE INTO search_deletion_keys (deletion_key, term, product_id, field, representation) VALUES ('jijg', 'jijig', 40, 'title', 'basic');
INSERT OR IGNORE INTO search_deletion_keys (deletion_key, term, product_id, field, representation) VALUES ('jiji', 'jijig', 40, 'title', 'basic');
INSERT OR IGNORE INTO search_terms (term, product_id, field, representation) VALUES ('tsetsgiin', 40, 'title', 'basic');
INSERT OR IGNORE INTO search_deletion_keys (deletion_key, term, product_id, field, representation) VALUES ('tsetsgiin', 'tsetsgiin', 40, 'title', 'basic');
INSERT OR IGNORE INTO search_deletion_keys (deletion_key, term, product_id, field, representation) VALUES ('setsgiin', 'tsetsgiin', 40, 'title', 'basic');
INSERT OR IGNORE INTO search_deletion_keys (deletion_key, term, product_id, field, representation) VALUES ('tetsgiin', 'tsetsgiin', 40, 'title', 'basic');
INSERT OR IGNORE INTO search_deletion_keys (deletion_key, term, product_id, field, representation) VALUES ('tstsgiin', 'tsetsgiin', 40, 'title', 'basic');
INSERT OR IGNORE INTO search_deletion_keys (deletion_key, term, product_id, field, representation) VALUES ('tsesgiin', 'tsetsgiin', 40, 'title', 'basic');
INSERT OR IGNORE INTO search_deletion_keys (deletion_key, term, product_id, field, representation) VALUES ('tsetgiin', 'tsetsgiin', 40, 'title', 'basic');
INSERT OR IGNORE INTO search_deletion_keys (deletion_key, term, product_id, field, representation) VALUES ('tsetsiin', 'tsetsgiin', 40, 'title', 'basic');
INSERT OR IGNORE INTO search_deletion_keys (deletion_key, term, product_id, field, representation) VALUES ('tsetsgin', 'tsetsgiin', 40, 'title', 'basic');
INSERT OR IGNORE INTO search_deletion_keys (deletion_key, term, product_id, field, representation) VALUES ('tsetsgii', 'tsetsgiin', 40, 'title', 'basic');
INSERT OR IGNORE INTO search_terms (term, product_id, field, representation) VALUES ('нүүдэл', 40, 'brand', 'native');
INSERT OR IGNORE INTO search_deletion_keys (deletion_key, term, product_id, field, representation) VALUES ('нүүдэл', 'нүүдэл', 40, 'brand', 'native');
INSERT OR IGNORE INTO search_deletion_keys (deletion_key, term, product_id, field, representation) VALUES ('үүдэл', 'нүүдэл', 40, 'brand', 'native');
INSERT OR IGNORE INTO search_deletion_keys (deletion_key, term, product_id, field, representation) VALUES ('нүдэл', 'нүүдэл', 40, 'brand', 'native');
INSERT OR IGNORE INTO search_deletion_keys (deletion_key, term, product_id, field, representation) VALUES ('нүүэл', 'нүүдэл', 40, 'brand', 'native');
INSERT OR IGNORE INTO search_deletion_keys (deletion_key, term, product_id, field, representation) VALUES ('нүүдл', 'нүүдэл', 40, 'brand', 'native');
INSERT OR IGNORE INTO search_deletion_keys (deletion_key, term, product_id, field, representation) VALUES ('нүүдэ', 'нүүдэл', 40, 'brand', 'native');
INSERT OR IGNORE INTO search_terms (term, product_id, field, representation) VALUES ('nueuedel', 40, 'brand', 'strict');
INSERT OR IGNORE INTO search_deletion_keys (deletion_key, term, product_id, field, representation) VALUES ('nueuedel', 'nueuedel', 40, 'brand', 'strict');
INSERT OR IGNORE INTO search_deletion_keys (deletion_key, term, product_id, field, representation) VALUES ('ueuedel', 'nueuedel', 40, 'brand', 'strict');
INSERT OR IGNORE INTO search_deletion_keys (deletion_key, term, product_id, field, representation) VALUES ('neuedel', 'nueuedel', 40, 'brand', 'strict');
INSERT OR IGNORE INTO search_deletion_keys (deletion_key, term, product_id, field, representation) VALUES ('nuuedel', 'nueuedel', 40, 'brand', 'strict');
INSERT OR IGNORE INTO search_deletion_keys (deletion_key, term, product_id, field, representation) VALUES ('nueedel', 'nueuedel', 40, 'brand', 'strict');
INSERT OR IGNORE INTO search_deletion_keys (deletion_key, term, product_id, field, representation) VALUES ('nueudel', 'nueuedel', 40, 'brand', 'strict');
INSERT OR IGNORE INTO search_deletion_keys (deletion_key, term, product_id, field, representation) VALUES ('nueueel', 'nueuedel', 40, 'brand', 'strict');
INSERT OR IGNORE INTO search_deletion_keys (deletion_key, term, product_id, field, representation) VALUES ('nueuedl', 'nueuedel', 40, 'brand', 'strict');
INSERT OR IGNORE INTO search_deletion_keys (deletion_key, term, product_id, field, representation) VALUES ('nueuede', 'nueuedel', 40, 'brand', 'strict');
INSERT OR IGNORE INTO search_terms (term, product_id, field, representation) VALUES ('nuudel', 40, 'brand', 'basic');
INSERT OR IGNORE INTO search_deletion_keys (deletion_key, term, product_id, field, representation) VALUES ('nuudel', 'nuudel', 40, 'brand', 'basic');
INSERT OR IGNORE INTO search_deletion_keys (deletion_key, term, product_id, field, representation) VALUES ('uudel', 'nuudel', 40, 'brand', 'basic');
INSERT OR IGNORE INTO search_deletion_keys (deletion_key, term, product_id, field, representation) VALUES ('nudel', 'nuudel', 40, 'brand', 'basic');
INSERT OR IGNORE INTO search_deletion_keys (deletion_key, term, product_id, field, representation) VALUES ('nuuel', 'nuudel', 40, 'brand', 'basic');
INSERT OR IGNORE INTO search_deletion_keys (deletion_key, term, product_id, field, representation) VALUES ('nuudl', 'nuudel', 40, 'brand', 'basic');
INSERT OR IGNORE INTO search_deletion_keys (deletion_key, term, product_id, field, representation) VALUES ('nuude', 'nuudel', 40, 'brand', 'basic');
INSERT OR IGNORE INTO search_terms (term, product_id, field, representation) VALUES ('ахуй', 40, 'category', 'native');
INSERT OR IGNORE INTO search_deletion_keys (deletion_key, term, product_id, field, representation) VALUES ('ахуй', 'ахуй', 40, 'category', 'native');
INSERT OR IGNORE INTO search_deletion_keys (deletion_key, term, product_id, field, representation) VALUES ('хуй', 'ахуй', 40, 'category', 'native');
INSERT OR IGNORE INTO search_deletion_keys (deletion_key, term, product_id, field, representation) VALUES ('ауй', 'ахуй', 40, 'category', 'native');
INSERT OR IGNORE INTO search_deletion_keys (deletion_key, term, product_id, field, representation) VALUES ('ахй', 'ахуй', 40, 'category', 'native');
INSERT OR IGNORE INTO search_deletion_keys (deletion_key, term, product_id, field, representation) VALUES ('аху', 'ахуй', 40, 'category', 'native');
INSERT OR IGNORE INTO search_terms (term, product_id, field, representation) VALUES ('akhuy', 40, 'category', 'strict');
INSERT OR IGNORE INTO search_deletion_keys (deletion_key, term, product_id, field, representation) VALUES ('akhuy', 'akhuy', 40, 'category', 'strict');
INSERT OR IGNORE INTO search_deletion_keys (deletion_key, term, product_id, field, representation) VALUES ('khuy', 'akhuy', 40, 'category', 'strict');
INSERT OR IGNORE INTO search_deletion_keys (deletion_key, term, product_id, field, representation) VALUES ('ahuy', 'akhuy', 40, 'category', 'strict');
INSERT OR IGNORE INTO search_deletion_keys (deletion_key, term, product_id, field, representation) VALUES ('akuy', 'akhuy', 40, 'category', 'strict');
INSERT OR IGNORE INTO search_deletion_keys (deletion_key, term, product_id, field, representation) VALUES ('akhy', 'akhuy', 40, 'category', 'strict');
INSERT OR IGNORE INTO search_deletion_keys (deletion_key, term, product_id, field, representation) VALUES ('akhu', 'akhuy', 40, 'category', 'strict');
INSERT OR IGNORE INTO search_terms (term, product_id, field, representation) VALUES ('akhui', 40, 'category', 'basic');
INSERT OR IGNORE INTO search_deletion_keys (deletion_key, term, product_id, field, representation) VALUES ('akhui', 'akhui', 40, 'category', 'basic');
INSERT OR IGNORE INTO search_deletion_keys (deletion_key, term, product_id, field, representation) VALUES ('khui', 'akhui', 40, 'category', 'basic');
INSERT OR IGNORE INTO search_deletion_keys (deletion_key, term, product_id, field, representation) VALUES ('ahui', 'akhui', 40, 'category', 'basic');
INSERT OR IGNORE INTO search_deletion_keys (deletion_key, term, product_id, field, representation) VALUES ('akui', 'akhui', 40, 'category', 'basic');
INSERT OR IGNORE INTO search_deletion_keys (deletion_key, term, product_id, field, representation) VALUES ('akhi', 'akhui', 40, 'category', 'basic');
INSERT OR IGNORE INTO search_deletion_keys (deletion_key, term, product_id, field, representation) VALUES ('akhu', 'akhui', 40, 'category', 'basic');
